CASSLRGRGDQPQHF	TRBV11-2	TRBJ1-5
CASRRGPYEQYF	TRBV25-1	TRBJ2-7
CASRRGSAELYF	TRBV25-1	TRBJ2-7
CASSPAPSASSYEQYF	TRBV4-1	TRBJ2-7
CASSWSASYEQYF	TRBV19	TRBJ2-7
CASSSSWADTQYF	TRBV9	TRBJ2-3
CASGQGQETQYF	TRBV25-1	TRBJ2-5
CASSMGANEQFF	TRBV19	TRBJ2-1
CASSLAQGQPQHF	TRBV27	TRBJ1-5
CASSYWQGELFF	TRBV6-2	TRBJ2-2
CASTNRQEGQETQYF	TRBV13	TRBJ2-5
CASSPGGELFF	TRBV9	TRBJ2-2
CAISGQAVSTDTQYF	TRBV10-3	TRBJ2-3
CASSPYPRGGTGELFF	TRBV11-2	TRBJ2-2
CASSPADPFSNTQYF	TRBV5-1	TRBJ2-3
CSANSRTGLGYTF	TRBV20-1	TRBJ1-2
CASSYGSYEQYF	TRBV6-6	TRBJ2-7
CASSWGGGEQYF	TRBV25-1	TRBJ2-7
CASSLEGSYEQYF	TRBV7-9	TRBJ2-7
CSAIDFPMGNEQFF	TRBV20-1	TRBJ2-1
CASSSRHEGEDTEAFF	TRBV11-2	TRBJ1-1
CASREDGASGSPDTQYF	TRBV2	TRBJ2-3
CASKMGAEAFF	TRBV25-1	TRBJ1-1
CASSLGGDIQYF	TRBV12-3	TRBJ2-4
CASTGGLGYTF	TRBV25-1	TRBJ1-2
CASSYQSGNTEAFF	TRBV13	TRBJ1-1
CASNRGDGYTF	TRBV25-1	TRBJ1-2
CASSIALSDNYGYTF	TRBV19	TRBJ1-2
CAWSINSAEAFF	TRBV30	TRBJ1-1
CASSDSYGYTF	TRBV25-1	TRBJ1-2
CASSLEREGRGEQFF	TRBV13	TRBJ2-1
CASSQGSYEQYF	TRBV19	TRBJ2-7
CASTQSPLAGNEQYF	TRBV4-1	TRBJ2-7
CASSGYTGELFF	TRBV4-3	TRBJ2-2
CASTNSGNTIYF	TRBV25-1	TRBJ1-3
CASSSGATEAFF	TRBV25-1	TRBJ1-1
CASSQVGQNLYEQYF	TRBV14	TRBJ2-7
CASSVEGGGAKETQYF	TRBV9	TRBJ2-5
CASSIGHNTGELFF	TRBV19	TRBJ2-2
CASTQGSTDTQYF	TRBV6-5	TRBJ2-3
CASSVAIWRGSYNEQFF	TRBV19	TRBJ2-1
CASSSPGASTYEQYF	TRBV6-5	TRBJ2-7
CASSYNIAGELFF	TRBV6-2	TRBJ2-2
CASSIAGSAYEQYF	TRBV19	TRBJ2-7
CASSIRRIDPYNEQFF	TRBV19	TRBJ2-1
CASSVELAGTYEQYF	TRBV7-8	TRBJ2-7
CASSYTGELFF	TRBV6-6	TRBJ2-2
CASSFGADTQYF	TRBV25-1	TRBJ2-3
CASSAETQYF	TRBV25-1	TRBJ2-5
CASSSPHRDSYSPLHF	TRBV18	TRBJ1-6
CASSQETQYF	TRBV25-1	TRBJ2-5
CASSIGQYEQYF	TRBV19	TRBJ2-7
CASSYRGSGNTIYF	TRBV28	TRBJ1-3
CASSYAQGNEQFF	TRBV6-6	TRBJ2-1
CASSLGRGQFF	TRBV25-1	TRBJ2-1
CASSRGDTEAFF	TRBV25-1	TRBJ1-1
CASSLWSAGVHNEQFF	TRBV27	TRBJ2-1
CASSEGDTEAFF	TRBV25-1	TRBJ1-1
CASSVEGIDEKLFF	TRBV9	TRBJ1-4
CATSSGDLSSGANVLTF	TRBV15	TRBJ2-6
CATSIDRGREKLFF	TRBV15	TRBJ1-4
CASSMGGNPEQYF	TRBV19	TRBJ2-7
CASSDDRGPYEQYF	TRBV2	TRBJ2-7
CASSQVRLNTEAFF	TRBV5-1	TRBJ1-1
CASSRSLNVNSNQPQHF	TRBV19	TRBJ1-5
CASSLGEKLFF	TRBV7-9	TRBJ1-4
CASDSNTEAFF	TRBV25-1	TRBJ1-1
CASSMGGEQYF	TRBV19	TRBJ2-7
CASSSSMESGNTIYF	TRBV3-1	TRBJ1-3
CASSGPGGGAFF	TRBV9	TRBJ1-1
CASSDSLVRGYQETQYF	TRBV6-6	TRBJ2-5
CASSLVENTEAFF	TRBV5-1	TRBJ1-1
CASSLQEWDPNYGYTF	TRBV19	TRBJ1-2
CASSQEGGTEQFF	TRBV4-2	TRBJ2-1
CASSYLGDIQFNQPQHF	TRBV6-2	TRBJ1-5
CASSPRTSGGYQEPQYF	TRBV5-4	TRBJ2-5
CASSPRTSGGYQETQYF	TRBV5-4	TRBJ2-5
CASQHGPGIGTGELFF	TRBV6-5	TRBJ2-2
CASSLPDRAGEKLFF	TRBV7-8	TRBJ1-4
CASSSGQGNIQYF	TRBV28	TRBJ2-4
CASSYSVKGLNTEAFF	TRBV6-2	TRBJ1-1
CASSWRQGATNYGYTF	TRBV6-2	TRBJ1-2
CASSDDVGRLAYEQYF	TRBV6-5	TRBJ2-7
CASSEIGRSTGELFF	TRBV2	TRBJ2-2
CASSFGRQAYEQYF	TRBV27	TRBJ2-7
CASSAGQGGEHQPQHF	TRBV6-1	TRBJ1-5
CASSRSDREMFNYGYTF	TRBV14	TRBJ1-2
CASSLFSQGWTEAFF	TRBV27	TRBJ1-1
CASSLYIQGGEQYF	TRBV27	TRBJ2-7
CASSLENGQYEQYF	TRBV7-3	TRBJ2-7
CASSLDKPPPDTGELFF	TRBV11-2	TRBJ2-2
CASNQGTATEAFF	TRBV12-4	TRBJ1-1
CASSLLLAGGYQETQYF	TRBV3-1	TRBJ2-5
CASSFEIAGGNEQFF	TRBV12-3	TRBJ2-1
CASSHSAGVFMNTEAFF	TRBV3-1	TRBJ1-1
CASSLARQEETQYF	TRBV5-6	TRBJ2-5
CSATGGRHTGELFF	TRBV20-1	TRBJ2-2
CSATRSSGEPEQFF	TRBV20-1	TRBJ2-1
CASSQEVAAGGGDTQYF	TRBV4-3	TRBJ2-3
CASSQEMSTGLGEQYF	TRBV4-2	TRBJ2-7
CASSQEGSGAPYEQYF	TRBV4-2	TRBJ2-7
CASSQEPGAPNTGELFF	TRBV4-2	TRBJ2-2
CASSLTVSLSPDLNEQFF	TRBV7-3	TRBJ2-1
CASSQDPLAGYTGELFF	TRBV14	TRBJ2-2
CASSQEPSGGTNTGELFF	TRBV4-3	TRBJ2-2
CASSLETGKWGEQYF	TRBV4-3	TRBJ2-7
CASSQEGQGAPYEQYF	TRBV4-2	TRBJ2-7
CSAGESTPEAFF	TRBV20-1	TRBJ1-1
CASSQEASGGPYEQYF	TRBV4-2	TRBJ2-7
CASRETGGVWETQYF	TRBV6-1	TRBJ2-5
CASSLEGNGHREQYF	TRBV5-1	TRBJ2-7
CASSLEGTSGSPDLNEQFF	TRBV11-1	TRBJ2-1
CASSQGGDTEAFF	TRBV14	TRBJ1-1
CASSDLGQGRMNTEAFF	TRBV6-1	TRBJ1-1
CASSQEVGTSGEGEQFF	TRBV4-2	TRBJ2-1
CASSQEVGQRLLNTGELFF	TRBV4-2	TRBJ2-2
CASSQEQGGWGEQYF	TRBV4-2	TRBJ2-7
CASSDPLAGGNEQYF	TRBV6-1	TRBJ2-7
CSAWTGSATEAFF	TRBV20-1	TRBJ1-1
CASSEVVTAFSYEQYF	TRBV6-1	TRBJ2-7
CASISSNQPQHF	TRBV7-9	TRBJ1-5
CASSQLLAGGSYEQYF	TRBV4-2	TRBJ2-7
CATSDAPGTGIPYEQYF	TRBV24-1	TRBJ2-7
CASSLASLGLALSSYEQYF	TRBV7-8	TRBJ2-7
CASSLGTQTYEQYF	TRBV27	TRBJ2-7
CASSQDLGLLRDTGELFF	TRBV3-1	TRBJ2-2
CASSPGTSDPANYGYTF	TRBV27	TRBJ1-2
CASSLSGTGELFF	TRBV12-3	TRBJ2-2
CSAPGPGVSVEKLFF	TRBV20-1	TRBJ1-4
CASSQEPSGSWGEQYF	TRBV3-1	TRBJ2-7
CASSQAAGVGYPTEAFF	TRBV4-1	TRBJ1-1
CAISRDSIQFGNTIYF	TRBV10-3	TRBJ1-3
CASSQEQGAPGELFF	TRBV4-3	TRBJ2-2
CASSRGPDTEAFF	TRBV14	TRBJ1-1
CASSFGDQQYF	TRBV12-3	TRBJ2-7
CATSDQSREQYF	TRBV24-1	TRBJ2-7
CASSYLFGDANTGELFF	TRBV6-1	TRBJ2-2
CASSLTCDRTHSVYGYTF	TRBV7-3	TRBJ1-2
CAWRLGSGEKLFF	TRBV30	TRBJ1-4
CSAQTGRDTEAFF	TRBV20-1	TRBJ1-1
CASSQGGDRGDPGDGYTF	TRBV5-6	TRBJ1-2
CASSFDSGAYEQYF	TRBV11-2	TRBJ2-7
CASSTKQGWYEQYF	TRBV19	TRBJ2-7
CASSDAYNEKLFF	TRBV10-2	TRBJ1-4
CASSPLVQGGLQPQHF	TRBV4-1	TRBJ1-5
CASSEGTTNTGELFF	TRBV2	TRBJ2-2
CASSWDSGAEAFF	TRBV7-3	TRBJ1-1
CASSLKAVVTGELFF	TRBV5-6	TRBJ2-2
CASSFDGGNQPQHF	TRBV4-1	TRBJ1-5
CASSIDKLNTEAFF	TRBV6-1	TRBJ1-1
CASSFDFQGSYEQYF	TRBV4-1	TRBJ2-7
CASSQVHLGQSTLNTEAFF	TRBV4-1	TRBJ1-1
CASALRGANVLTF	TRBV6-1	TRBJ2-6
CASSPYGGSNTGELFF	TRBV27	TRBJ2-2
CASRLGASSYNEQFF	TRBV2	TRBJ2-1
CASSYGQAYQPQHF	TRBV6-5	TRBJ1-5
CASSYSNLPVFSPNQPQHF	TRBV6-5	TRBJ1-5
CASSIVGHMNTEAFF	TRBV19	TRBJ1-1
CASSLYGGSNTGELFF	TRBV7-9	TRBJ2-2
CASSEGSHSNQPQHF	TRBV2	TRBJ1-5
CSASITGTEQYF	TRBV20-1	TRBJ2-7
CASSIVGHLNTEAFF	TRBV19	TRBJ1-1
CASSRARGSTEVREQFF	TRBV19	TRBJ2-1
CASGYAGANVLTF	TRBV12-5	TRBJ2-6
CASSFDRGGYEQYF	TRBV19	TRBJ2-7
CASSFDGQGYEQYF	TRBV19	TRBJ2-7
CASSPATGTEAFF	TRBV18	TRBJ1-1
CASSLNLGAGNNEQFF	TRBV7-9	TRBJ2-1
CSVGGTGTYGYTF	TRBV29-1	TRBJ1-2
CASSLKGQVGEQYF	TRBV7-9	TRBJ2-7
CASSVSPDNTDTQYF	TRBV9	TRBJ2-3
CASSLEGSAGELFF	TRBV7-9	TRBJ2-2
CAISESGQALITYEQYF	TRBV10-3	TRBJ2-7
CASSPGTTNTGELFF	TRBV18	TRBJ2-2
CASSLASNEQFF	TRBV7-9	TRBJ2-1
CASSHDTGGYEQYF	TRBV19	TRBJ2-7
CASSFLGGLDEQFF	TRBV19	TRBJ2-1
CASSLDASSASYEQYF	TRBV7-9	TRBJ2-7
CASSSGLALVFEQFF	TRBV19	TRBJ2-1
CASSFSSGGYEQYF	TRBV19	TRBJ2-7
CASTAGSNTGELFF	TRBV4-1	TRBJ2-2
CASSLAVSSEQFF	TRBV11-2	TRBJ2-1
CASSLGLPGLAGAYEQYF	TRBV5-6	TRBJ2-7
CASSFDTGGYEQYF	TRBV4-1	TRBJ2-7
CASSWTAIEQYF	TRBV6-1	TRBJ2-7
CASREDGGGYEQYF	TRBV5-1	TRBJ2-7
CASSLYRVGYNEQFF	TRBV27	TRBJ2-1
CASCDNTGYEQYF	TRBV10-2	TRBJ2-7
CASSQSSMQDPYGYTF	TRBV4-3	TRBJ1-2
CASNFDKGGYEQYF	TRBV2	TRBJ2-7
CSVAHTGTEQYF	TRBV29-1	TRBJ2-7
CASTSQSELFF	TRBV6-1	TRBJ1-4
CASSRFLGSGGAAEQFF	TRBV3-1	TRBJ2-1
CASLEEDTGELFF	TRBV7-9	TRBJ2-2
CASGTGANEKLFF	TRBV5-6	TRBJ1-4
CASIRLAGEHNEQFF	TRBV6-5	TRBJ2-1
CASSQDPLAGGGGEQFF	TRBV4-3	TRBJ2-1
CASSDGQTEKLFF	TRBV2	TRBJ1-4
CANRDRGRDEQFF	TRBV24-1	TRBJ2-1
CASSLEVAGGNEQFF	TRBV7-6	TRBJ2-1
CASVGGNYGYTF	TRBV6-5	TRBJ1-2
CASSYSAGTLDYGYTF	TRBV6-6	TRBJ1-2
CASSQQGEKLFF	TRBV4-2	TRBJ1-4
CASSQGQTNEKLFF	TRBV2	TRBJ1-4
CASSTGGGTEAFF	TRBV5-6	TRBJ1-1
CASSELGTGDYEQYF	TRBV6-1	TRBJ2-7
CASSLPQGRYMNTEAFF	TRBV5-4	TRBJ1-1
CASRDVVGRLSSYNEQFF	TRBV2	TRBJ2-1
CASTRDTEAFF	TRBV6-6	TRBJ1-1
CASSPEQGPLEAFF	TRBV4-2	TRBJ1-1
CASSPWAVGAMNTEAFF	TRBV6-1	TRBJ1-1
CASSQGLPNEKLFF	TRBV4-1	TRBJ1-4
CASSLEQGAVDGNTIYF	TRBV5-4	TRBJ1-3
CASSLRSDTEAFF	TRBV5-6	TRBJ1-1
CASSKQTGTGETKNIQYF	TRBV19	TRBJ2-4
CASSTPPGVNSNQPQHF	TRBV19	TRBJ1-5
CASGWPGGLNSNQPQHF	TRBV19	TRBJ1-5
CASSSAPEGLSYEQYF	TRBV6-6	TRBJ2-7
CAISESTAGSQPQHF	TRBV10-3	TRBJ1-5
CAGNNRDSSTDTQYF	TRBV7-9	TRBJ2-3
CAITDGASGANEQFF	TRBV10-3	TRBJ2-1
CASSLILAGGSYNEQFF	TRBV11-2	TRBJ2-1
CAISESPQSYEQYF	TRBV10-3	TRBJ2-7
CSARPIDSSNQPQHF	TRBV20-1	TRBJ1-5
CASSEGEINNQPQHF	TRBV2	TRBJ1-5
CASRGDTFYEQYF	TRBV5-1	TRBJ2-7
CASSLVGSGDTQYF	TRBV7-3	TRBJ2-3
CASSIAGPPYNEQFF	TRBV12-3	TRBJ2-1
CATSDASLSSYNEQFF	TRBV24-1	TRBJ2-1
CASRTPGHLYEQYF	TRBV28	TRBJ2-7
CASSEIGQLETQYF	TRBV2	TRBJ2-5
CASSWWETSHEQFF	TRBV5-1	TRBJ2-1
CASSPASSSFYEQYF	TRBV9	TRBJ2-7
CASSIRDIGNQPQHF	TRBV19	TRBJ1-5
CASSLRTAGYNEQFF	TRBV27	TRBJ2-1
CASSGTRQISGTEAFF	TRBV2	TRBJ1-1
CASSTGLAAQETQYF	TRBV19	TRBJ2-5
CASSQSDLTAKQPQHF	TRBV16	TRBJ1-5
CASSPWTSGGAYNEQFF	TRBV5-1	TRBJ2-1
CASRSLLGTRVETEAFF	TRBV6-1	TRBJ1-1
CASSLWGADGYTF	TRBV5-1	TRBJ1-2
CASIEQGGDFTDTQYF	TRBV27	TRBJ2-3
CASSETGQTYEQYF	TRBV6-1	TRBJ2-7
CASSQEGSDNQPQHF	TRBV4-1	TRBJ1-5
CASSGGLINTGELFF	TRBV9	TRBJ2-2
CSAREIASSNQPQHF	TRBV20-1	TRBJ1-5
CASSPTGPFYGYTF	TRBV6-1	TRBJ1-2
CAISESAVGYNEQFF	TRBV10-3	TRBJ2-1
CASSSAVIVPGELFF	TRBV9	TRBJ2-2
CASSDPLGQGFSYEQYF	TRBV2	TRBJ2-7
CASSDTGTHIYEQYF	TRBV6-1	TRBJ2-7
CASSSAPGQLETQYF	TRBV7-3	TRBJ2-5
CASSVDEGNTGELFF	TRBV9	TRBJ2-2
CASSLSGGNQETQYF	TRBV27	TRBJ2-5
CATSEPAGLAGGNNEQFF	TRBV24-1	TRBJ2-1
CASSLAGTSTEQFF	TRBV14	TRBJ2-1
CASSLEGLVAVETQYF	TRBV5-1	TRBJ2-5
CASSSLADFYQPQHF	TRBV7-2	TRBJ1-5
CASSLGTSGGFTDTQYF	TRBV5-6	TRBJ2-3
CASSQGGQGAPYEQYF	TRBV4-1	TRBJ2-7
CASSQAENTEAFF	TRBV4-1	TRBJ1-1
CASSLLGLAGVGELFF	TRBV28	TRBJ2-2
CASSLTGTGFKQFF	TRBV28	TRBJ2-1
CASSLTLAGGIGTDTQYF	TRBV28	TRBJ2-3
CASSLGTGAPYEQYF	TRBV7-2	TRBJ2-7
CATSNLDSFGGYTF	TRBV15	TRBJ1-2
CASSLSTGAPYEQYF	TRBV27	TRBJ2-7
CASSLGPPPDNEQFF	TRBV11-2	TRBJ2-1
CATSPGQGFYNEQFF	TRBV15	TRBJ2-1
CASRLLAGAYEQYF	TRBV28	TRBJ2-7
CASSQESGTEAFF	TRBV4-1	TRBJ1-1
CASNRENEKLFF	TRBV18	TRBJ1-4
CASSQEKGTEAFF	TRBV4-1	TRBJ1-1
CASTTGSSEKLFF	TRBV2	TRBJ1-4
CATSTTFQTDYAEPYGYTF	TRBV15	TRBJ1-2
CASSRPVGLFNYGYTF	TRBV28	TRBJ1-2
CASSQVQTEPSGYTF	TRBV4-1	TRBJ1-2
CASSQEVTVPTYEQYF	TRBV16	TRBJ2-7
CASSQAQSGTAPYEQYF	TRBV4-1	TRBJ2-7
CASSLTLGLAGVETQYF	TRBV27	TRBJ2-5
CASSSPSGRPTLYNEQFF	TRBV27	TRBJ2-1
CATSRDPQYQPQHF	TRBV15	TRBJ1-5
CASSYESQGAMGQPQHF	TRBV6-6	TRBJ1-5
CASSLDYRGYETQYF	TRBV11-2	TRBJ2-5
CASSLVQNTEAFF	TRBV5-1	TRBJ1-1
CASSSFGTAGEAFF	TRBV11-2	TRBJ1-1
CASSQENRGLGEQYF	TRBV4-2	TRBJ2-7
CASSIDVGKNTEAFF	TRBV19	TRBJ1-1
CATSSPMRDGNTIYF	TRBV15	TRBJ1-3
CSARDATGNGYTF	TRBV20-1	TRBJ1-2
CASSQEVSGVWGELFF	TRBV4-2	TRBJ2-2
CASSLVAGTGGVEYEQYF	TRBV11-2	TRBJ2-7
CASSLSGTGKAFF	TRBV12-4	TRBJ1-1
CASSDFKGEGFTDTQYF	TRBV6-1	TRBJ2-3
CASSPEASGAPYEQYF	TRBV4-2	TRBJ2-7
CASSSSFGRAGVDESYEQYF	TRBV11-1	TRBJ2-7
CASSAGTSGEPYEQYF	TRBV25-1	TRBJ2-7
CASSLRITGTGGVYEQYF	TRBV5-5	TRBJ2-7
CASSQEVSAGGGDTQYF	TRBV4-3	TRBJ2-3
CASSLAGGRTQETQYF	TRBV5-5	TRBJ2-5
CASSVEGANEQYF	TRBV9	TRBJ2-7
CASSQEADGAPYEQYF	TRBV4-2	TRBJ2-7
CASSSETSGLSYEQYF	TRBV6-2	TRBJ2-7
CASSVQGGNEQYF	TRBV9	TRBJ2-7
CAWVSRGDSLNYEQYF	TRBV30	TRBJ2-7
CASSYQTGTLNYGYTF	TRBV6-6	TRBJ1-2
CASSYPTGQLNYGYTF	TRBV6-2	TRBJ1-2
CASSSYNEQFF	TRBV11-2	TRBJ2-1
CASSLLIGGALKETQYF	TRBV28	TRBJ2-5
CASSQPLGLAEKETQYF	TRBV3-1	TRBJ2-5
CASSEAAASGSPDLYEQYF	TRBV6-1	TRBJ2-7
CASSQEPGQVYF	TRBV14	TRBJ1-3
CASSQEMGDWGEQYF	TRBV4-2	TRBJ2-7
CASSQATSGGYTDTQYF	TRBV3-1	TRBJ2-3
CASSVVGNEQFF	TRBV9	TRBJ2-1
CASSSWTSGSPPTDTQYF	TRBV7-2	TRBJ2-3
CATSDPLAAAYEQYF	TRBV24-1	TRBJ2-7
CASSRTGLAGPNEQFF	TRBV27	TRBJ2-1
CAWSAAGTNTEAFF	TRBV30	TRBJ1-1
CATSRVTPNTEAFF	TRBV15	TRBJ1-1
CASSQETSTEAFF	TRBV4-2	TRBJ1-1
CAWSVLERIDFKETQYF	TRBV30	TRBJ2-5
CASSQSPGGITYF	TRBV14	TRBJ2-3
CATSPEENTGELFF	TRBV15	TRBJ2-2
CASSQEQDRGWGIQYF	TRBV4-2	TRBJ2-4
CASSQRVGLAGKETQYF	TRBV3-1	TRBJ2-5
CAISDLTGEIYSGYTF	TRBV10-3	TRBJ1-2
CASSQEVGAPGEQYF	TRBV4-3	TRBJ2-7
CASMAGTPYEQYF	TRBV28	TRBJ2-7
CASSTEVAADGELFF	TRBV7-6	TRBJ2-2
CASSQDRNGYTNTEAFF	TRBV4-2	TRBJ1-1
CASTVEQGAPGELFF	TRBV19	TRBJ2-2
CASSIPGTHNEQFF	TRBV19	TRBJ2-1
CAAGTSGRVGEQFF	TRBV24-1	TRBJ2-1
CATSKLNPGDIQYF	TRBV15	TRBJ2-4
CASSRLADQETQYF	TRBV2	TRBJ2-5
CASSVQADGTGGGETQYF	TRBV6-1	TRBJ2-5
CASSFLGVTYGYTF	TRBV13	TRBJ1-2
CASSGVSGSGGYQETQYF	TRBV9	TRBJ2-5
CASSLVTSGGYQETQYF	TRBV5-1	TRBJ2-5
CASSIPGTWETQYF	TRBV19	TRBJ2-5
CASSDPSSVGRSTDTQYF	TRBV25-1	TRBJ2-3
CASSVEGRGGQETQYF	TRBV9	TRBJ2-5
CASSFSVGALSTDTQYF	TRBV12-3	TRBJ2-3
CASSQLTTGTFTGELFF	TRBV28	TRBJ2-2
CASSLSGKYDEQYF	TRBV3-1	TRBJ2-7
CASSLEVAAGGGDTQYF	TRBV7-2	TRBJ2-3
CSVGLLGTGELFF	TRBV29-1	TRBJ2-2
CASSQEIAQGTNTGELFF	TRBV4-2	TRBJ2-2
CATSRVGQANGYTF	TRBV15	TRBJ1-2
CASSYQPSIRVSGANVLTF	TRBV6-5	TRBJ2-6
CASSQGPGSGETQYF	TRBV4-2	TRBJ2-5
CASRTPWDSDSYNEQFF	TRBV2	TRBJ2-1
CASSLVAGGPPEQYF	TRBV6-2	TRBJ2-7
CASSQEKGTEQYF	TRBV4-2	TRBJ2-7
CASSQREGTDTQYF	TRBV14	TRBJ2-3
CASSQESGPWGEQFF	TRBV4-2	TRBJ2-1
CSAREGQGVPQQFF	TRBV20-1	TRBJ2-1
CASSQEIPQGAAYEQYF	TRBV4-3	TRBJ2-7
CASSQEVSGGWGEQYF	TRBV3-1	TRBJ2-7
CASSQEVQQATYEQYF	TRBV4-2	TRBJ2-7
CAISDSEASTDTQYF	TRBV10-3	TRBJ2-3
CASSTAGNTGELFF	TRBV19	TRBJ2-2
CASSPGAYNEQFF	TRBV7-3	TRBJ2-1
CATSRDKLGLSYTDTQYF	TRBV15	TRBJ2-3
CASTDGTGVNTGELFF	TRBV9	TRBJ2-2
CASSPGLVGETQYF	TRBV4-1	TRBJ2-5
CASGVGGKPNTGELFF	TRBV6-2	TRBJ2-2
CASSQAGTGMAFF	TRBV4-2	TRBJ1-1
CASTPVPGQVGSYEQYF	TRBV28	TRBJ2-7
CASSPRVMTYEQYF	TRBV28	TRBJ2-7
CASSQEIGVSGEKLFF	TRBV4-2	TRBJ1-4
CASSNHLAGHTYEQYF	TRBV6-2	TRBJ2-7
CASSQEEGSEQYF	TRBV4-2	TRBJ2-7
CASSQDWQDVRTQYF	TRBV4-2	TRBJ2-3
CASSRGQGIAYEQYF	TRBV6-5	TRBJ2-7
CSAPLPRMDNEQFF	TRBV20-1	TRBJ2-1
CASSIPGLWNEQFF	TRBV19	TRBJ2-1
CASSLARGTEAFF	TRBV5-6	TRBJ1-1
CASSLQREGDEQFF	TRBV7-3	TRBJ2-1
CASTPWAQAGELFF	TRBV19	TRBJ2-2
CATGTSGGKHNEQFF	TRBV4-2	TRBJ2-1
CASSQEIMAGGGNEQFF	TRBV4-3	TRBJ2-1
CARDSNQPQHF	TRBV19	TRBJ1-5
CASSQVLLQGHSYEQYF	TRBV4-3	TRBJ2-7
CASSFLSSHSNEQFF	TRBV28	TRBJ2-1
CASSQAPGHWETQYF	TRBV4-2	TRBJ2-5
CASSQEPTGTGIYEQYF	TRBV4-3	TRBJ2-7
CSATSLGRDNEQFF	TRBV20-1	TRBJ2-1
CASSDASGSIGEQFF	TRBV9	TRBJ2-1
CASINPSGDLYNEQFF	TRBV2	TRBJ2-1
CASSQVQGLYEQYF	TRBV3-1	TRBJ2-7
CASSQGTDYNEQFF	TRBV4-2	TRBJ2-1
CASSGPGKWETQYF	TRBV6-1	TRBJ2-5
CASSLVQVNTGELFF	TRBV5-4	TRBJ2-2
CASSLPGGRFNEQFF	TRBV7-9	TRBJ2-1
CASSGTSAEYEQYF	TRBV14	TRBJ2-7
CASSQSAREHYGYTF	TRBV3-1	TRBJ1-2
CASSQESSGAPYEQYF	TRBV4-2	TRBJ2-7
CASSQEIGLGIGPQHF	TRBV4-2	TRBJ1-5
CASSYLDRDNQPQHF	TRBV6-2	TRBJ1-5
CASSSKTSRWDEQFF	TRBV7-3	TRBJ2-1
CASSFPGDRMNTGELFF	TRBV7-2	TRBJ2-2
CASSARNADTQYF	TRBV2	TRBJ2-3
CAWNLQGGYNEQFF	TRBV30	TRBJ2-1
CASSPPIGTSAQDTQYF	TRBV4-2	TRBJ2-3
CASSQEAGAWGEQYF	TRBV3-1	TRBJ2-7
CASSQEVPGAGVSIYEQYF	TRBV4-2	TRBJ2-7
CASSIGTSAPYEQYF	TRBV19	TRBJ2-7
CASSLSSYNEQFF	TRBV13	TRBJ2-1
CASSLSPSAGGSPLHF	TRBV27	TRBJ1-6
CASSQEIGRWGELFF	TRBV4-2	TRBJ2-2
CASSELWGSEPSPLHF	TRBV6-1	TRBJ1-6
CASSPRDREHNGYTF	TRBV14	TRBJ1-2
CATGTSGKDNEQFF	TRBV15	TRBJ2-1
CSAPLPLRDNEQYF	TRBV20-1	TRBJ2-7
CASSLPFSGAEAFF	TRBV27	TRBJ1-1
CASSPILGTSGSAYNEQFF	TRBV3-1	TRBJ2-1
CASSPTGTNTEAFF	TRBV13	TRBJ1-1
CASSLLGSSYEQYF	TRBV27	TRBJ2-7
CASSQEPAGTSGGGDTQYF	TRBV4-3	TRBJ2-3
CASSLEAGPWGELFF	TRBV7-2	TRBJ2-2
CASSQDPLAGGGGELFF	TRBV4-3	TRBJ2-2
CASSLEPGAPNTGELFF	TRBV11-1	TRBJ2-2
CASSPEPGLLGVEQFF	TRBV3-1	TRBJ2-1
CASSLEASGSWGELFF	TRBV11-2	TRBJ2-2
CASSQELAGGNEQFF	TRBV4-2	TRBJ2-1
CASSQAGVPDTQYF	TRBV6-2	TRBJ2-3
CASSQEPAGAGANYEQYF	TRBV4-3	TRBJ2-7
CASSQEVGLWGEQYF	TRBV3-1	TRBJ2-7
CASSLQMASGSPDLGEQFF	TRBV4-1	TRBJ2-1
CATSVPGTDTQYF	TRBV24-1	TRBJ2-3
CASSVTSGSSYEQYF	TRBV9	TRBJ2-7
CASSQELAAGGGDEQYF	TRBV4-2	TRBJ2-7
CASSPEIVGTNTGELFF	TRBV4-2	TRBJ2-2
CASSQDPPGTGGATLPEAFF	TRBV4-2	TRBJ1-1
CASSQEGGSAGFTDTQYF	TRBV14	TRBJ2-3
CASSDGTSGRSDTQYF	TRBV10-1	TRBJ2-3
CASRVVAGDGELFF	TRBV9	TRBJ2-2
CASSQEGTHYEQYF	TRBV4-3	TRBJ2-7
CASSVVENTEAFF	TRBV9	TRBJ1-1
CASSQWETSGGYQETQYF	TRBV14	TRBJ2-5
CASSYFPAGEKGNEQFF	TRBV6-5	TRBJ2-1
CASSLIPGQGVNGELFF	TRBV11-1	TRBJ2-2
CATSIEGNTGELFF	TRBV15	TRBJ2-2
CASSSEGGEQYF	TRBV9	TRBJ2-7
CASSLPRVDGNTIYF	TRBV28	TRBJ1-3
CASSSDRAEETQYF	TRBV28	TRBJ2-5
CASPANEQFF	TRBV6-1	TRBJ2-1
CASSYSITALNTEAFF	TRBV6-5	TRBJ1-1
CASSQLNSYGYTF	TRBV4-1	TRBJ1-2
CATSSLNPGTEAFF	TRBV15	TRBJ1-1
CASSNPGGWNEQFF	TRBV19	TRBJ2-1
CASRFGAEYEQYF	TRBV11-1	TRBJ2-7
CASSQEVAHWGEQYF	TRBV3-1	TRBJ2-7
CASSPLGLVVYEQYF	TRBV28	TRBJ2-7
CASSLAEFQGGEKLFF	TRBV7-6	TRBJ1-4
CASSLEVSSNTGELFF	TRBV12-3	TRBJ2-2
CASSQEVAAGGGDEQFF	TRBV4-2	TRBJ2-1
CASSYSEPEEEFF	TRBV6-2	TRBJ2-1
CAWSVAGTNTEAFF	TRBV30	TRBJ1-1
CASSQLLAGGFSQTDTQYF	TRBV14	TRBJ2-3
CASSQEAQGVYGANVLTF	TRBV4-2	TRBJ2-6
CASSQDGGSGSYNEQFF	TRBV4-2	TRBJ2-1
CSVGSRESSYNEQFF	TRBV29-1	TRBJ2-1
CASSLWGQAYEQYF	TRBV12-3	TRBJ2-7
CASSAQGANEQFF	TRBV9	TRBJ2-1
CASSPQAGGELYF	TRBV9	TRBJ2-3
CASSEVPGTSGRAGTDTQYF	TRBV2	TRBJ2-3
CASSLYGQGSSSYGYTF	TRBV12-3	TRBJ1-2
CASSEVRGRQGHEQYF	TRBV2	TRBJ2-7
CASSYSTGILYYGYTF	TRBV6-2	TRBJ1-2
CASSQDLGAPEQFF	TRBV4-2	TRBJ2-1
CASIAGLRAFF	TRBV6-5	TRBJ1-1
CASSHPNKEHEQYF	TRBV14	TRBJ2-7
CASSLPTGGVSYEQYF	TRBV6-2	TRBJ2-7
CASSQEVGPLPLHF	TRBV4-2	TRBJ1-6
CASSQEVQGLGEQFF	TRBV3-1	TRBJ2-1
CASSLLENTEAFF	TRBV4-1	TRBJ1-1
CASSEDPRELSYEQYF	TRBV6-1	TRBJ2-7
CSVFLGGESATNEKLFF	TRBV29-1	TRBJ1-4
CASSEDRGVFMNTEAFF	TRBV6-1	TRBJ1-1
CASRSGLQAYEQYF	TRBV28	TRBJ2-7
CATSSGGTDETQYF	TRBV24-1	TRBJ2-5
CASSLSWQSYEQYF	TRBV27	TRBJ2-7
CASSQEAGFWGEQYF	TRBV3-1	TRBJ2-7
CASSESGRNWDEQFF	TRBV2	TRBJ2-1
CASSLAGQGVGGSYEQYF	TRBV12-4	TRBJ2-7
CASSPGLAGYSYNEQFF	TRBV7-2	TRBJ2-1
CASSLWVQHNEQFF	TRBV7-2	TRBJ2-1
CASSQEEGADGYTF	TRBV4-1	TRBJ1-2
CASSYGTGDLSYNEQFF	TRBV7-8	TRBJ2-1
CASSLGATWTSNTEAFF	TRBV7-8	TRBJ1-1
CASSHQYNEQFF	TRBV12-4	TRBJ2-1
CASSPDRESNTGELFF	TRBV7-9	TRBJ2-2
CASSEATGELYEQYF	TRBV2	TRBJ2-7
CASSEGTGELYGYTF	TRBV2	TRBJ1-2
CASSLNSGRSYNEQFF	TRBV7-3	TRBJ2-1
CASSLAVIDRYNEQFF	TRBV7-9	TRBJ2-1
CASSLGTGFSNQPQHF	TRBV7-8	TRBJ1-5
CASSEGTGELYEQYF	TRBV2	TRBJ2-7
CASSLAGDEQFF	TRBV7-9	TRBJ2-1
CASSQGASGRATDTQYF	TRBV4-2	TRBJ2-3
CASKIGTGELYEQYF	TRBV2	TRBJ2-7
CASSQGDSGDNTGELFF	TRBV4-1	TRBJ2-2
CASSEMTGELYEQYF	TRBV2	TRBJ2-7
CASSLSGTSGTGSTDTQYF	TRBV11-2	TRBJ2-3
CASSLSGTGDYEQYF	TRBV7-8	TRBJ2-7
CSVEGLAGGPHSYEQYF	TRBV29-1	TRBJ2-7
CASSMQTSGSAYNEQFF	TRBV19	TRBJ2-1
CASSLVDNYGYTF	TRBV7-9	TRBJ1-2
CASSQTETSYEQYF	TRBV27	TRBJ2-7
CASSTKGGDTQYF	TRBV2	TRBJ2-3
CASIADRGLNTEAFF	TRBV6-5	TRBJ1-1
CASSEIMGDLYEQYF	TRBV6-1	TRBJ2-7
CASSLLSGANVLTF	TRBV7-8	TRBJ2-6
CASSQGGNEQFF	TRBV7-9	TRBJ2-1
CASSLAGEKLFF	TRBV7-9	TRBJ1-4
CASSQDRTSGRTRELFF	TRBV4-3	TRBJ2-2
CASSLGGNEQFF	TRBV7-9	TRBJ2-1
CASSQGDYEQYF	TRBV4-1	TRBJ2-7
CASSQDSTSGYSREQFF	TRBV4-3	TRBJ2-1
CASSLGTGTGHEPQHF	TRBV7-8	TRBJ1-5
CASSLDRQGFGELFF	TRBV7-7	TRBJ2-2
CASSLGGNEQYF	TRBV7-9	TRBJ2-7
CASSHTTGDDYGYTF	TRBV4-1	TRBJ1-2
CASSQNSGRTYNEQFF	TRBV7-3	TRBJ2-1
CASSQDFPAHQETQYF	TRBV14	TRBJ2-5
CASSLEGLAGYEQYF	TRBV7-8	TRBJ2-7
CASSLAGEFRDKAFF	TRBV7-9	TRBJ1-1
CASSRGTGYSNQPQHF	TRBV7-8	TRBJ1-5
CASSLGTGYSNQPQHF	TRBV7-8	TRBJ1-5
CASSPGANTGELFF	TRBV7-3	TRBJ2-2
CASSLVSLGIDNEQFF	TRBV7-8	TRBJ2-1
CASSYPGQQETQYF	TRBV12-3	TRBJ2-5
CASSPDSTSGYSREQFF	TRBV4-3	TRBJ2-1
CASSYPGQLETQYF	TRBV12-3	TRBJ2-5
CASSPLKTGAEGEQFF	TRBV7-3	TRBJ2-1
CASSLVQNSYEQYF	TRBV5-1	TRBJ2-7
CAILGGGAVRDQPQHF	TRBV9	TRBJ1-5
CASSPTPTDHYNEQFF	TRBV7-6	TRBJ2-1
CASSLAGDTQYF	TRBV7-9	TRBJ2-3
CASSQTGADQETQYF	TRBV4-3	TRBJ2-5
CASSLAGNEQFF	TRBV7-9	TRBJ2-1
CASSQDLGEETQYF	TRBV3-1	TRBJ2-5
CASSLEAGGFFEQYF	TRBV7-9	TRBJ2-7
CASSQEEVMGETQYF	TRBV4-1	TRBJ2-5
CASSPGQVGDQPQHF	TRBV6-6	TRBJ1-5
CASSPIPSGSYEQYF	TRBV3-1	TRBJ2-7
CASSPPGSRSSYEQYF	TRBV18	TRBJ2-7
CASSLGTGLEDQPQHF	TRBV7-8	TRBJ1-5
CASSLEWLDSPFLRTEAFF	TRBV12-3	TRBJ1-1
CASSFQYNEQFF	TRBV12-3	TRBJ2-1
CASSHTTGADEQYF	TRBV4-1	TRBJ2-7
CASSADRGDTDTQYF	TRBV4-3	TRBJ2-3
CASSLVPPTDTQYF	TRBV7-8	TRBJ2-3
CASSLEEGYSYEQYF	TRBV7-8	TRBJ2-7
CASSSYSGTASYEQYF	TRBV7-9	TRBJ2-7
CASSIKGGDNEQFF	TRBV7-3	TRBJ2-1
CAIQLVYEQFF	TRBV12-3	TRBJ2-1
CASSQESGLAVNTGELFF	TRBV4-3	TRBJ2-2
CASSLASGTPLDEQFF	TRBV11-2	TRBJ2-1
CSARDYRTSGRTNTGELFF	TRBV20-1	TRBJ2-2
CASSLAAGPYSNQPQHF	TRBV7-8	TRBJ1-5
CATSEAGDPDTQYF	TRBV24-1	TRBJ2-3
CASSLTQGGYTDTQYF	TRBV11-2	TRBJ2-3
CASSAGTGELYEQYF	TRBV2	TRBJ2-7
CASSRDTFPSETQYF	TRBV7-9	TRBJ2-5
CASSQSSGDTQYF	TRBV4-2	TRBJ2-3
CASNDGTLNTEAFF	TRBV5-1	TRBJ1-1
CASMITTGPEKLFF	TRBV2	TRBJ1-4
CASSLWDNEQFF	TRBV7-9	TRBJ2-1
CSAREAEGSYNEQFF	TRBV20-1	TRBJ2-1
CASSLAGGDGGSTDTQYF	TRBV12-3	TRBJ2-3
CASSLGGTEAFF	TRBV7-9	TRBJ1-1
CASSPDRGDTDTQYF	TRBV4-3	TRBJ2-3
CASSLGRGVGTEQFF	TRBV5-8	TRBJ2-1
CASSFPVTAITGNTEAFF	TRBV11-2	TRBJ1-1
CASSLLGSYNEQFF	TRBV27	TRBJ2-1
CASSLAGVPNEQFF	TRBV11-2	TRBJ2-1
CASSQTPPGQGTDTQYF	TRBV4-3	TRBJ2-3
CASSIQGSHYGYTF	TRBV19	TRBJ1-2
CATSRAYQDTQYF	TRBV15	TRBJ2-3
CASSVGTSDTDTQYF	TRBV9	TRBJ2-3
CASSPPQFTEAFF	TRBV27	TRBJ1-1
CASSVGPLEGTDTQYF	TRBV9	TRBJ2-3
CASSVAPTGDTDTQYF	TRBV9	TRBJ2-3
CASSLTSTRQPQHF	TRBV12-3	TRBJ1-5
CASSPVAGVRDEQFF	TRBV12-3	TRBJ2-1
CSARFLRQGSTYEQYF	TRBV20-1	TRBJ2-7
CASSYLGQGSFNEQFF	TRBV6-2	TRBJ2-1
CASSVDRAGPDTDTQYF	TRBV9	TRBJ2-3
CASSLPHGVGELFF	TRBV27	TRBJ2-2
CASSSGTGGFNQPQHF	TRBV27	TRBJ1-5
CASILASYTDTQYF	TRBV12-3	TRBJ2-3
CASRSHPRGGSPLHF	TRBV19	TRBJ1-6
CASRGTHYGYTF	TRBV11-1	TRBJ1-2
CASSKFRDSSYEQYF	TRBV28	TRBJ2-7
CASSLTGFTDTQYF	TRBV27	TRBJ2-3
CASSQDLSLTWDTQYF	TRBV4-3	TRBJ2-3
CASSPGGPVEPQHF	TRBV12-3	TRBJ1-5
CASSPTSGGYNEQFF	TRBV27	TRBJ2-1
CASSLYNEQFF	TRBV11-2	TRBJ2-1
CASRGQGPVRDTQYF	TRBV6-1	TRBJ2-3
CASSEYKQGVTYEQYF	TRBV25-1	TRBJ2-7
CASSLPHNTEAFF	TRBV7-9	TRBJ1-1
CASSEFGQGVTYEQYF	TRBV25-1	TRBJ2-7
CASSSPGEYEKLFF	TRBV7-9	TRBJ1-4
CASISLISTKGRKDTQYF	TRBV7-9	TRBJ2-3
CASSHDKITDTQYF	TRBV28	TRBJ2-3
CASSPGTGSDQPQHF	TRBV9	TRBJ1-5
CASSLKGGGNQPQHF	TRBV12-4	TRBJ1-5
CSAREWAWEETQYF	TRBV20-1	TRBJ2-5
CASSQGLAGLYNEQFF	TRBV3-1	TRBJ2-1
CASSLSDSVVGTDTQYF	TRBV27	TRBJ2-3
CASSQGQGDNEKLFF	TRBV3-1	TRBJ1-4
CASSVARDRASTDTQYF	TRBV9	TRBJ2-3
CASSLGQGFTGELFF	TRBV28	TRBJ2-2
CASRAGGGVETQYF	TRBV2	TRBJ2-5
CASKAGGGVETQYF	TRBV2	TRBJ2-5
CASSFPGQGNTQYF	TRBV27	TRBJ2-3
CASSAGGGVETQYF	TRBV2	TRBJ2-5
CANKAGGGVETQYF	TRBV2	TRBJ2-5
CASNAGGGVETQYF	TRBV2	TRBJ2-5
CATSDSPTDTQYF	TRBV24-1	TRBJ2-3
CASSSSLVVEQYF	TRBV4-1	TRBJ2-7
CASSHSGGSGGQPQHF	TRBV7-9	TRBJ1-5
CAISVSVVRDSEAFF	TRBV10-3	TRBJ1-1
CASSLYDRITDTQYF	TRBV5-8	TRBJ2-3
CASSVASGQLYGYTF	TRBV9	TRBJ1-2
CASSELDEKYGYTF	TRBV2	TRBJ1-2
CASSPLAGHLNEKLFF	TRBV27	TRBJ1-4
CASRTPTRNTEAFF	TRBV6-1	TRBJ1-1
CASRVGQNYNSPLHF	TRBV2	TRBJ1-6
CASSQGPLANLYNEQFF	TRBV4-2	TRBJ2-1
CASSVASGKLYGYTF	TRBV9	TRBJ1-2
CASSLAMTEAFF	TRBV7-9	TRBJ1-1
CASSVVSGGDGYTF	TRBV9	TRBJ1-2
CASWVGQNYNSPLHF	TRBV2	TRBJ1-6
CASSQDAPGQGSDEQFF	TRBV4-3	TRBJ2-1
CASSPGTGGPFSEQYF	TRBV27	TRBJ2-7
CASSLVTGNQPQHF	TRBV7-9	TRBJ1-5
CASSEGDRGLANEKLFF	TRBV5-1	TRBJ1-4
CASSLGRAGYGETQYF	TRBV12-4	TRBJ2-5
CARSLGRAGYGETQYF	TRBV12-3	TRBJ2-5
CASSSQGGGTGELFF	TRBV9	TRBJ2-2
CSARDRAGQGADGYTF	TRBV20-1	TRBJ1-2
CASSPTGTSEQFF	TRBV19	TRBJ2-1
CASRGRETQYF	TRBV7-8	TRBJ2-5
CASSSRGRGETQYF	TRBV11-3	TRBJ2-5
CASSGQGYNSPLHF	TRBV27	TRBJ1-6
CASSPRGRGDTQYF	TRBV11-3	TRBJ2-3
CASSSPGQALGTEAFF	TRBV3-1	TRBJ1-1
CASSRQVGRGEETQYF	TRBV3-1	TRBJ2-5
CASSVGRGPATEAFF	TRBV9	TRBJ1-1
CSVSGGRESTEAFF	TRBV29-1	TRBJ1-1
CASSVGRGPADTEAFF	TRBV9	TRBJ1-1
CASSQAGGEDEQYF	TRBV14	TRBJ2-7
CASSPPTERRSEAFF	TRBV6-2	TRBJ1-1
CASSPPRGEQFF	TRBV9	TRBJ2-1
CASSVGWGGTYEQYF	TRBV9	TRBJ2-7
CASSLVAEPSLNTEAFF	TRBV5-1	TRBJ1-1
CASSFRAGGTEAFF	TRBV5-1	TRBJ1-1
CASSAAGRINQPQHF	TRBV9	TRBJ1-5
CASSLEGQGGTDTQYF	TRBV5-1	TRBJ2-3
CSVRQGARDNEQFF	TRBV29-1	TRBJ2-1
CSVSPGLRQETQYF	TRBV29-1	TRBJ2-5
CASSQDQRGEKLFF	TRBV3-1	TRBJ1-4
CASSTQGGGTGELFF	TRBV9	TRBJ2-2
CASSLGIPQREPYNEQFF	TRBV7-8	TRBJ2-1
CASTLTGGNQPQHF	TRBV6-2	TRBJ1-5
CASRPGPATSADYTDTQYF	TRBV6-2	TRBJ2-3
CASSPLVSGSGANVLTF	TRBV5-6	TRBJ2-6
CASSLTFTDTQYF	TRBV7-3	TRBJ2-3
CASSGQGGGTGELFF	TRBV9	TRBJ2-2
CAWSNIPRGEKLFF	TRBV30	TRBJ1-4
CASSPQGGGSYEQYF	TRBV9	TRBJ2-7
CASSLGAGRGYEQYF	TRBV7-9	TRBJ2-7
CASSLMAPERYNEQFF	TRBV7-3	TRBJ2-1
CASSPRGRGEDGYTF	TRBV3-1	TRBJ1-2
CASSPTGRGQPQHF	TRBV3-1	TRBJ1-5
CASSVADRGDEQFF	TRBV7-6	TRBJ2-1
CASSYGGRGDEQFF	TRBV6-6	TRBJ2-1
CASSEGPLNTEAFF	TRBV2	TRBJ1-1
CASSQDRVGIQPQHF	TRBV4-1	TRBJ1-5
CASTRERSGNDEQFF	TRBV4-1	TRBJ2-1
CASSPEGGRTGNTIYF	TRBV5-4	TRBJ1-3
CASSLFADRGQETQYF	TRBV7-3	TRBJ2-5
CASSPTLIAGGPHEQFF	TRBV6-6	TRBJ2-1
CSAFDRAGYGYTF	TRBV20-1	TRBJ1-2
CASGGRAGTDTQYF	TRBV12-4	TRBJ2-3
CSVASGLRNEKLFF	TRBV29-1	TRBJ1-4
CASSLGAGLGYEQYF	TRBV7-9	TRBJ2-7
CASSVGDGSPWKYF	TRBV9	TRBJ2-7
CASGPLRGGNQPQHF	TRBV27	TRBJ1-5
CASSQGGQSAWTQYF	TRBV3-1	TRBJ2-5
CASSDSTSDWETQYF	TRBV6-4	TRBJ2-5
CAPREINTGELFF	TRBV7-8	TRBJ2-2
CASSPQGGGTGELFF	TRBV9	TRBJ2-2
CASEALGGRNEKLFF	TRBV7-6	TRBJ1-4
CASSLVDREGEQYF	TRBV7-6	TRBJ2-7
CASSGGDGVTYEQYF	TRBV18	TRBJ2-7
CASSLLAGGPYNEQFF	TRBV5-1	TRBJ2-1
CASTQTGGNTEAFF	TRBV6-2	TRBJ1-1
CASSHRTSGRNEQFF	TRBV4-2	TRBJ2-1
CASSLGDRGTEKLFF	TRBV7-6	TRBJ1-4
CASSSEAASSYEQYF	TRBV5-1	TRBJ2-7
CATRANTGELFF	TRBV11-1	TRBJ2-2
CASSLGLAGALTGELFF	TRBV12-3	TRBJ2-2
CASSPLTGESMSEKLFF	TRBV11-3	TRBJ1-4
CASSQEKNSNQPQHF	TRBV4-1	TRBJ1-5
CASRDRGSNTGELFF	TRBV2	TRBJ2-2
CASSDVGQLYEQYF	TRBV6-1	TRBJ2-7
CASSLEGQLYEQYF	TRBV7-9	TRBJ2-7
CASSLSSGGGYTF	TRBV7-8	TRBJ1-2
CATSDGTAGNQPQHF	TRBV24-1	TRBJ1-5
CASSLEGQLNEQFF	TRBV7-9	TRBJ2-1
CASSLSQGALYEQYF	TRBV28	TRBJ2-7
CSGSLWTGDSYEQYF	TRBV29-1	TRBJ2-7
CASRPTGQLYEQYF	TRBV19	TRBJ2-7
CASSMGSIGNQPQHF	TRBV19	TRBJ1-5
CASSQGLLGSETQYF	TRBV14	TRBJ2-5
CASNLIGQLNEQYF	TRBV7-9	TRBJ2-7
CASSSPDRGDQPQHF	TRBV18	TRBJ1-5
CASSENTANTGELFF	TRBV9	TRBJ2-2
CSARDLSSSNQPQHF	TRBV20-1	TRBJ1-5
CASSSLDSYNEQFF	TRBV7-9	TRBJ2-1
CATSFTGTAYEQYF	TRBV15	TRBJ2-7
CAISESSSGNNEQFF	TRBV10-3	TRBJ2-1
CASSFDSQLYEQYF	TRBV7-9	TRBJ2-7
CASSLGGPGVYNEQFF	TRBV12-4	TRBJ2-1
CASSTQGQLTEAFF	TRBV27	TRBJ1-1
CASSLVGQLDEQYF	TRBV7-2	TRBJ2-7
CASSLSGQLETQYF	TRBV7-2	TRBJ2-5
CASSYSLGFYEQFF	TRBV6-6	TRBJ2-1
CSASGPTGGRDSGELFF	TRBV29-1	TRBJ2-2
CASSLSGQLDTQYF	TRBV11-2	TRBJ2-3
CASSQENGLYGYTF	TRBV4-2	TRBJ1-2
CASSPPVISNNEQYF	TRBV7-9	TRBJ2-7
CASSTQVIGNQPQHF	TRBV19	TRBJ1-5
CASSYHILGTIHDAGELFF	TRBV6-2	TRBJ2-2
CASRSHDSSTDTQYF	TRBV9	TRBJ2-3
CASSLNRPDRASYEQYF	TRBV28	TRBJ2-7
CSARDTVSSNQPQHF	TRBV20-1	TRBJ1-5
CASSLLGPGGDVYNEQFF	TRBV7-7	TRBJ2-1
CAISESSAGFNEQFF	TRBV10-3	TRBJ2-1
CASSLTSGTYEQYF	TRBV27	TRBJ2-7
CASSGTTEWNNSPLHF	TRBV2	TRBJ1-6
CSAEMLQISDTQYF	TRBV20-1	TRBJ2-3
CASSELGQLNEQFF	TRBV2	TRBJ2-1
CASSQNRTGGRYQPQHF	TRBV14	TRBJ1-5
CASSFVKLADSSYNEQFF	TRBV28	TRBJ2-1
CASSSDSQLYEQYF	TRBV7-9	TRBJ2-7
CATSDSVAGNQPQHF	TRBV24-1	TRBJ1-5
CASRLLGQLETQYF	TRBV11-2	TRBJ2-5
CASSSLGQLDTQYF	TRBV11-2	TRBJ2-3
CASSSLERSFGEAFF	TRBV7-9	TRBJ1-1
CATSDWTGSSYNEQFF	TRBV24-1	TRBJ2-1
CASSPSGQLDSQHF	TRBV7-2	TRBJ1-5
CSARDQLGLAGFGYTF	TRBV20-1	TRBJ1-2
CAITIADVSTDTQYF	TRBV7-9	TRBJ2-3
CSARPRESSNQPQHF	TRBV20-1	TRBJ1-5
CAISDSTIGNTEAFF	TRBV10-3	TRBJ1-1
CSAREKTINTGELFF	TRBV20-1	TRBJ2-2
CASSENSNSNQPQHF	TRBV4-2	TRBJ1-5
CASQSAEASTDTQYF	TRBV9	TRBJ2-3
CASSMWTSGGPTDTQYF	TRBV9	TRBJ2-3
CASSHGLATDTQYF	TRBV7-7	TRBJ2-3
CASSQERNSNQPQHF	TRBV4-1	TRBJ1-5
CASGQAGQLDTQYF	TRBV11-2	TRBJ2-3
CASSQDVYPYEQYF	TRBV4-1	TRBJ2-7
CASSQDPGILYEQYF	TRBV3-1	TRBJ2-7
CASSFQLGGETQYF	TRBV12-4	TRBJ2-5
CASSEVTAGDGYTF	TRBV2	TRBJ1-2
CASSQDPGVLYEQYF	TRBV3-1	TRBJ2-7
CASSLIGNTGELFF	TRBV7-3	TRBJ2-2
CASSVTGQLDEQYF	TRBV11-2	TRBJ2-7
CASSLVGAGNDEQYF	TRBV7-2	TRBJ2-7
CASRDNMNSNQPQHF	TRBV4-1	TRBJ1-5
CASSLAGPGLGLEQYF	TRBV12-4	TRBJ2-7
CASSQEQNSNQPQHF	TRBV4-1	TRBJ1-5
CASSFGPTPDTQYF	TRBV27	TRBJ2-3
CARTDRDISTDTQYF	TRBV2	TRBJ2-3
CASSLIGQLDEQYF	TRBV11-2	TRBJ2-7
CASSDSGQIYEQYF	TRBV6-1	TRBJ2-7
CASSQELNSNQPQHF	TRBV4-1	TRBJ1-5
CASSQDSGILQPQHF	TRBV3-1	TRBJ1-5
CASSQGARDLVNEKLFF	TRBV3-1	TRBJ1-4
CATSDSSFGGGPQHF	TRBV24-1	TRBJ1-5
CASSESSSGANVLTF	TRBV10-2	TRBJ2-6
CAKTPGSSNTDTQYF	TRBV2	TRBJ2-3
CASSFMGQLDEQFF	TRBV7-9	TRBJ2-1
CASSGQGSIDTQYF	TRBV9	TRBJ2-3
CSARSVDSSNQPQHF	TRBV20-1	TRBJ1-5
CAWSQTGTGALYGYTF	TRBV30	TRBJ1-2
CASSQEYNSNQPQHF	TRBV4-1	TRBJ1-5
CASSITGQLDTQYF	TRBV11-2	TRBJ2-3
CASSYPYRGLLAGSGNTIYF	TRBV27	TRBJ1-3
CASSFRDIGNQPQHF	TRBV28	TRBJ1-5
CATSGLESSYNEQFF	TRBV24-1	TRBJ2-1
CASNYIAGVEEQFF	TRBV12-4	TRBJ2-1
CAISDSAAGNNEQFF	TRBV10-3	TRBJ2-1
CASSGQGTTDTQYF	TRBV9	TRBJ2-3
CARTIADQPQHF	TRBV7-8	TRBJ1-5
CASSLIQGSYEQYF	TRBV28	TRBJ2-7
CASSEYTGTSGPYEQYF	TRBV6-1	TRBJ2-7
CAISESAEAYEQYF	TRBV10-3	TRBJ2-7
CASSIRDSGNQPQHF	TRBV19	TRBJ1-5
CSARTFDSSNQPQHF	TRBV20-1	TRBJ1-5
CASSQESGNPNNEQFF	TRBV4-1	TRBJ2-1
CASTFGRRGSGEKLFF	TRBV28	TRBJ1-4
CASSYPRTASNQPQHF	TRBV6-2	TRBJ1-5
CASSETGQLDEQFF	TRBV11-2	TRBJ2-1
CASSLTGQLETQYF	TRBV7-2	TRBJ2-5
CASSLLAGNTGELFF	TRBV7-9	TRBJ2-2
CATSDSTAGNQPQHF	TRBV24-1	TRBJ1-5
CATSTRDRVTANTGELFF	TRBV24-1	TRBJ2-2
CASSLAFESGQTTAKNIQYF	TRBV7-2	TRBJ2-4
CASSPTTESYEQYF	TRBV16	TRBJ2-7
CASSFGGSRLGEETQYF	TRBV19	TRBJ2-5
CASSPSGQLEKLFF	TRBV11-2	TRBJ1-4
CASSVLDSSLGPDTQYF	TRBV2	TRBJ2-3
CASRIRAQGFADTQYF	TRBV19	TRBJ2-3
CAWSVRDIGNQPQHF	TRBV30	TRBJ1-5
CASSDGTVGNQPQHF	TRBV10-2	TRBJ1-5
CASRTGISNTGELFF	TRBV2	TRBJ2-2
CASSQFFSGEGLYGYTF	TRBV4-3	TRBJ1-2
CASSQDSGILYEQYF	TRBV3-1	TRBJ2-7
CAISESSFGGGEQFF	TRBV10-3	TRBJ2-1
CASGSGSAGNQPQHF	TRBV6-2	TRBJ1-5
CASSYEGAGNQPQHF	TRBV6-6	TRBJ1-5
CASRDGTINTGELFF	TRBV2	TRBJ2-2
CASSQEYGGAYEQYF	TRBV4-2	TRBJ2-7
CAISGGEAGNQPQHF	TRBV10-3	TRBJ1-5
CASSLNLGSYGYTF	TRBV7-9	TRBJ1-2
CASSQAPPGQGVDIQYF	TRBV4-3	TRBJ2-4
CASSQVPPGQGTDTQYF	TRBV4-3	TRBJ2-3
CSAREPPGLAGPYEQYF	TRBV20-1	TRBJ2-7
CATSGDTQYF	TRBV24-1	TRBJ2-3
CASSDGHEQYF	TRBV25-1	TRBJ2-7
CASSLNWGSGYNEQFF	TRBV5-1	TRBJ2-1
CASSAGDTEAFF	TRBV25-1	TRBJ1-1
CASSLEGGDEQFF	TRBV13	TRBJ2-1
CASSDRAGGADTQYF	TRBV6-4	TRBJ2-3
CASIGWGELFF	TRBV25-1	TRBJ2-2
CASSPGDTEAFF	TRBV25-1	TRBJ1-1
CASSQDLGQASGNTIYF	TRBV3-1	TRBJ1-3
CASSQGDTEAFF	TRBV25-1	TRBJ1-1
CASSEAVIDSNTDTQYF	TRBV2	TRBJ2-3
CASSVETTGELFF	TRBV9	TRBJ2-2
CASSLQGGPVASTDTQYF	TRBV27	TRBJ2-3
CASKVSGTGVIPPLHF	TRBV6-5	TRBJ1-6
CASSLGGVDSGANVLTF	TRBV27	TRBJ2-6
CASSSGQGANNEQFF	TRBV7-8	TRBJ2-1
CASSHSRGSGNTIYF	TRBV4-1	TRBJ1-3
CASSQSRGSGNTIYF	TRBV4-1	TRBJ1-3
CASSQGPPGLAQETQYF	TRBV4-1	TRBJ2-5
CASSQGPPGTTRETQYF	TRBV4-1	TRBJ2-5
CASSRLTVDRSDTGELFF	TRBV4-1	TRBJ2-2
CASSPRQGGTGELFF	TRBV5-1	TRBJ2-2
CASSSRQGGTGELFF	TRBV5-1	TRBJ2-2
CASSHRQGGTGELFF	TRBV5-1	TRBJ2-2
CASSNRQGGTGELFF	TRBV5-1	TRBJ2-2
CASSPGPQRGGLETQYF	TRBV5-1	TRBJ2-5
CAISETDKLGFF	TRBV10-3	TRBJ2-1
CAIRTGGDEQFF	TRBV10-3	TRBJ2-1
CAIRAGGDEQFF	TRBV10-3	TRBJ2-1
CAISGGSGDNEQFF	TRBV10-3	TRBJ2-1
CAISGGVRSYNEQFF	TRBV10-3	TRBJ2-1
CAISSGTKSTEAFF	TRBV10-3	TRBJ1-1
CAISEVQETQYF	TRBV10-3	TRBJ2-5
CAISERHLTDTQYF	TRBV10-3	TRBJ2-3
CAISESTGPGGDTQYF	TRBV10-3	TRBJ2-3
CAISVSGRSTDTQYF	TRBV10-3	TRBJ2-3
CAIRTRTGESYTF	TRBV10-3	TRBJ1-2
CAIRTRIGETQYF	TRBV10-3	TRBJ2-5
CAVRLMENYGYTF	TRBV10-3	TRBJ1-2
CAISGMGQRDNEQFF	TRBV10-3	TRBJ2-1
CAISDEGRNTEAFF	TRBV10-3	TRBJ1-1
CASSRRGRDDEKLFF	TRBV11-2	TRBJ1-4
CASSRRQGAMRETQYF	TRBV11-3	TRBJ2-5
CASSRRGATTSTDTQYF	TRBV11-2	TRBJ2-3
CASSRRGAATSTDTQYF	TRBV11-2	TRBJ2-3
CAISESQGNTEAFF	TRBV10-3	TRBJ1-1
CAISEDRALVSYTF	TRBV10-3	TRBJ1-2
CAISEDRALNEQFF	TRBV10-3	TRBJ2-1
CAVQPGQGMQPQHF	TRBV10-3	TRBJ1-5
CAISDGTVNNQPQHF	TRBV10-3	TRBJ1-5
CAISEGAMGNQPQHF	TRBV10-3	TRBJ1-5
CAISEEGIGNQPQHF	TRBV10-3	TRBJ1-5
CAAADEEIGNQPQHF	TRBV10-3	TRBJ1-5
CAIGDDRAGNQPQHF	TRBV10-3	TRBJ1-5
CAISDQTSGNQPQHF	TRBV10-3	TRBJ1-5
CAISDAGAGNQPQHF	TRBV10-3	TRBJ1-5
CAISEGTGGHQPQHF	TRBV10-3	TRBJ1-5
CAISESTVGNQPQHF	TRBV10-3	TRBJ1-5
CAISESATGYQPQHF	TRBV10-3	TRBJ1-5
CAISESSAGNQPQHF	TRBV10-3	TRBJ1-5
CAISESSIGNQPQHF	TRBV10-3	TRBJ1-5
CAISESSSGNQPQHF	TRBV10-3	TRBJ1-5
CAISESSSGSNEQFF	TRBV10-3	TRBJ2-1
CAISDSSSGSNEQFF	TRBV10-3	TRBJ2-1
CAISESSSGANVLTF	TRBV10-3	TRBJ2-6
CAISESASGSNEQYF	TRBV10-3	TRBJ2-7
CAISESTAGNNEQFF	TRBV10-3	TRBJ2-1
CAIRSGTINTGELFF	TRBV10-3	TRBJ2-2
CAIGTGTISTETQYF	TRBV10-3	TRBJ2-5
CAISEGTVGFDEQYF	TRBV10-3	TRBJ2-7
CAISEGVSGGYNEQFF	TRBV10-3	TRBJ2-1
CASSPGDTGANVLTF	TRBV27	TRBJ2-6
CASSSTDTGANVLTF	TRBV27	TRBJ2-6
CASSSGATGANVLTF	TRBV27	TRBJ2-6
CASSSIATGANVLTF	TRBV27	TRBJ2-6
CASSSGTIGANVLTF	TRBV27	TRBJ2-6
CASSSGVSGANVLTF	TRBV27	TRBJ2-6
CASSFTTMGNQPQHF	TRBV27	TRBJ1-5
CASQGGEIGNNEQFF	TRBV27	TRBJ2-1
CASSLRQGGLTEAFF	TRBV27	TRBJ1-1
CASGGRGGGETQYF	TRBV27	TRBJ2-5
CASSPRVVGSETQYF	TRBV27	TRBJ2-5
CASKNRDVGYNEQFF	TRBV27	TRBJ2-1
CASSLRPQLGETQYF	TRBV27	TRBJ2-5
CASSFLAGFTDTQYF	TRBV27	TRBJ2-3
CASSPISISSGLPEYF	TRBV27	TRBJ2-4
CASSSSISGMRPRIYEQYF	TRBV27	TRBJ2-7
CASSMGTGAHEQYF	TRBV19	TRBJ2-7
CASSPREIGNQPQHF	TRBV19	TRBJ1-5
CATTVGVIGNQPQHF	TRBV19	TRBJ1-5
CASTTGTIGNQPQHF	TRBV19	TRBJ1-5
CASIDRTIGNQPQHF	TRBV19	TRBJ1-5
CASSIRDAGNQPQHF	TRBV19	TRBJ1-5
CATRGTVINTGELFF	TRBV19	TRBJ2-2
CASTPDLSSYNEQFF	TRBV19	TRBJ2-1
CASSIRHSEYTDTQYF	TRBV19	TRBJ2-3
CASRALDITLGNVLTF	TRBV19	TRBJ2-6
CASILRDFSSGNTIYF	TRBV19	TRBJ1-3
CASSIGGWRAEATNEKLFF	TRBV19	TRBJ1-4
CASSVVGGVDEQFF	TRBV9	TRBJ2-1
CASGSQGSTDTQYF	TRBV9	TRBJ2-3
CASSLPDINTGELFF	TRBV9	TRBJ2-2
CASRGGTINTGELFF	TRBV9	TRBJ2-2
CASSAGTINTGELFF	TRBV9	TRBJ2-2
CASSSGTINTGELFF	TRBV9	TRBJ2-2
CASSSGTVNTGELFF	TRBV9	TRBJ2-2
CASEAGTVNTNTQYF	TRBV9	TRBJ2-3
CASSVATVMTGELFF	TRBV9	TRBJ2-2
CASSTGTSNTGELFF	TRBV9	TRBJ2-2
CASSVATLNTGELFF	TRBV9	TRBJ2-2
CASSVAETNTGELFF	TRBV9	TRBJ2-2
CASSSGVTNTGELFF	TRBV9	TRBJ2-2
CASTAPATNTGELFF	TRBV9	TRBJ2-2
CASMSRDLNTGELFF	TRBV9	TRBJ2-2
CASSSPASSTDTQYF	TRBV9	TRBJ2-3
CASRETYEQYF	TRBV2	TRBJ2-7
CASRDTYEQYF	TRBV2	TRBJ2-7
CASSERRYTGELFF	TRBV2	TRBJ2-2
CASSGGTASTDTQYF	TRBV2	TRBJ2-3
CASSDGTANNQPQHF	TRBV2	TRBJ1-5
CASRSGTSNTGELFF	TRBV2	TRBJ2-2
CASRSGDTNTGELFF	TRBV2	TRBJ2-2
CASRTGTSNTGELFF	TRBV2	TRBJ2-2
CASRAGTSNTGELFF	TRBV2	TRBJ2-2
CASRTGTINTGELFF	TRBV2	TRBJ2-2
CARSRGGINTGELFF	TRBV2	TRBJ2-2
CASSEGNGGINIQYF	TRBV2	TRBJ2-4
CASRDILTSYNEQFF	TRBV2	TRBJ2-1
CASSEAVISYNEQFF	TRBV2	TRBJ2-1
CASSEYPGPGANVLTF	TRBV2	TRBJ2-6
CASSDPDLLISTDTQYF	TRBV2	TRBJ2-3
CASSGDRDAGSSYEQYF	TRBV2	TRBJ2-7
CASSTGGSGNFSYEQYF	TRBV2	TRBJ2-7
CASSLSSHYGYTF	TRBV7-8	TRBJ1-2
CASSLTTGYGYTF	TRBV7-8	TRBJ1-2
CASSEVGLLNEQFF	TRBV7-8	TRBJ2-1
CASSLVGGAGEQFF	TRBV7-3	TRBJ2-1
CASRPSGQLDEQFF	TRBV7-8	TRBJ2-1
CASSPSGQLDEQFF	TRBV7-3	TRBJ2-1
CASSQSGQLDTQYF	TRBV7-8	TRBJ2-3
CASSSLGQLETQYF	TRBV7-8	TRBJ2-5
CASSLLGQLYEQYF	TRBV7-8	TRBJ2-7
CASNPAGQLETQYF	TRBV7-8	TRBJ2-5
CASSQTGQLDEQYF	TRBV7-8	TRBJ2-7
CASSPTGQLETQYF	TRBV7-3	TRBJ2-5
CASRPTGQLETQYF	TRBV7-2	TRBJ2-5
CASSPSGQLETQYF	TRBV7-8	TRBJ2-5
CASSLVGQLETQYF	TRBV7-2	TRBJ2-5
CASSEVGQLETQYF	TRBV7-8	TRBJ2-5
CASSFSGQLDTIYF	TRBV7-8	TRBJ1-3
CASSPDPGQLYEQYF	TRBV7-8	TRBJ2-7
CASSPFGTGPYEQYF	TRBV7-3	TRBJ2-7
CASSLGTGPSYEQYF	TRBV7-8	TRBJ2-7
CASSPSTANTQPQHF	TRBV7-9	TRBJ1-5
CASSLMQGQGRNGYTF	TRBV7-8	TRBJ1-2
CASSLGLAGGEETQYF	TRBV7-8	TRBJ2-5
CASRHQLAQSSYNEQFF	TRBV13	TRBJ2-1
CASSYVGQLDEQFF	TRBV11-2	TRBJ2-1
CASSYRGQLNEQFF	TRBV11-2	TRBJ2-1
CASSSRGQLDTQYF	TRBV11-2	TRBJ2-3
CASSSSGQLDEQFF	TRBV11-2	TRBJ2-1
CASSLSGQLDEQFF	TRBV11-2	TRBJ2-1
CASSLSGQLDEQYF	TRBV11-2	TRBJ2-7
CASSLVGQLYEQYF	TRBV11-2	TRBJ2-7
CASSEAGQLNEQFF	TRBV11-2	TRBJ2-1
CASRWTGQLDEQFF	TRBV11-2	TRBJ2-1
CASSLLAGGWDEQFF	TRBV11-2	TRBJ2-1
CASSPLEAEAKNIQYF	TRBV11-2	TRBJ2-4
CASSLDLGDRGGYGYTF	TRBV11-2	TRBJ1-2
CASSHLLGVLAGGTDTQYF	TRBV11-2	TRBJ2-3
CASSSHVGGGGASIDTQYF	TRBV11-2	TRBJ2-3
CASSLAPLAGGAFSYNEQFF	TRBV11-2	TRBJ2-1
CASSSILGQGEHPVTDTQYF	TRBV11-2	TRBJ2-3
CASSPQGDSASSGNTIYF	TRBV4-2	TRBJ1-3
CSALRLDTDTQYF	TRBV29-1	TRBJ2-3
CASSLGTAITDTQYF	TRBV12-4	TRBJ2-3
CASSGDRNQPQHF	TRBV2	TRBJ1-5
CASSWGGETQYF	TRBV25-1	TRBJ2-5
CASSLLTSGFPYEQYF	TRBV28	TRBJ2-7
CASSLAGQGANEKLFF	TRBV28	TRBJ1-4
CASSRAVSGNTIYF	TRBV9	TRBJ1-3
CAWSVRGIGGNTIYF	TRBV30	TRBJ1-3
CASSERVAGGSTGELFF	TRBV10-2	TRBJ2-2
CASSVDWGSGDEQYF	TRBV9	TRBJ2-7
CASSWDPTYNEQFF	TRBV6-2	TRBJ2-1
CASSFITSGFPYEQYF	TRBV28	TRBJ2-7
CASSFPGTGGNIQYF	TRBV5-1	TRBJ2-4
CAWSVPGVGGNEQFF	TRBV30	TRBJ2-1
CASSPEGVGGGEQYF	TRBV9	TRBJ2-7
CASSVGGGGNEQFF	TRBV9	TRBJ2-1
CASSVDRNTEAFF	TRBV2	TRBJ1-1
CASSVSALGSDTQYF	TRBV9	TRBJ2-3
CASSKDRNQPQHF	TRBV2	TRBJ1-5
CASSQDRNYGYTF	TRBV2	TRBJ1-2
CASSFLAGPQETQYF	TRBV13	TRBJ2-5
CSASPGTGISTDTQYF	TRBV20-1	TRBJ2-3
CASSYLGSGANVLTF	TRBV6-5	TRBJ2-6
CASALSWEGLAESYEQYF	TRBV6-2	TRBJ2-7
CATSDSGLAGDYNEQFF	TRBV24-1	TRBJ2-1
