CSARDGTGISGNTIYF	TRBV20-1	TRBJ1-3
CASSIDSPGLAGGPDTQYF	TRBV19	TRBJ2-3
CASSGDSTNSPLHF	TRBV6-4	TRBJ1-6
CSARTSGPPDTQYF	TRBV20-1	TRBJ2-3
CASSFGADTQYF	TRBV12-3	TRBJ2-3
CASSPGQSSGNTIYF	TRBV3-1	TRBJ1-3
CSVVDTNTGELFF	TRBV29-1	TRBJ2-2
CASRNRGVEAFF	TRBV12-3	TRBJ1-1
CASSLGDRDDSPLHF	TRBV13	TRBJ1-6
CSAAPGDGYGYTF	TRBV20-1	TRBJ1-2
CASSLPGRGFFFNTEAFF	TRBV7-9	TRBJ1-1
CASSQEGASSYNEQFF	TRBV4-1	TRBJ2-1
CASETVHYGYTF	TRBV7-9	TRBJ1-2
CASRAGATEAFF	TRBV2	TRBJ1-1
CSASDRDRGFYSNQPQHF	TRBV20-1	TRBJ1-5
CASSLVGGTGSVSYQFF	TRBV11-2	TRBJ2-1
CASSPPTTPSEQYF	TRBV18	TRBJ2-7
CASSESGQRGEQYF	TRBV10-1	TRBJ2-7
CASSPGTGPNEKLFF	TRBV28	TRBJ1-4
CASSSSGFYEQYF	TRBV11-2	TRBJ2-7
CASSATGSNTGELFF	TRBV9	TRBJ2-2
CASSGGTGWGTGELFF	TRBV7-2	TRBJ2-2
CASSFLAGANVLTF	TRBV7-9	TRBJ2-6
CASSRVQGWEKLFF	TRBV7-9	TRBJ1-4
CSARDRPQETYNEQFF	TRBV20-1	TRBJ2-1
CASSPTLAGTYEQYF	TRBV27	TRBJ2-7
CASSTNQQGMGEKLFF	TRBV7-9	TRBJ1-4
CATSEQGQGPSDTQYF	TRBV24-1	TRBJ2-3
CASSPTGGGNTEAFF	TRBV19	TRBJ1-1
CASSLAIGLETAESSDTQYF	TRBV5-6	TRBJ2-3
CASSSKEGVLLHF	TRBV7-6	TRBJ1-6
CASSVAGLSSYNEQFF	TRBV9	TRBJ2-1
CATSAGERQPQHF	TRBV15	TRBJ1-5
CSGVLAPSYNEQFF	TRBV29-1	TRBJ2-1
CASSQSLRGFYEQYF	TRBV4-3	TRBJ2-7
CASSFGGRGNYGYTF	TRBV27	TRBJ1-2
CASKEGGGVYGYTF	TRBV2	TRBJ1-2
CASSSARDNEQFF	TRBV5-6	TRBJ2-1
CASSSGQQAYEQYF	TRBV13	TRBJ2-7
CASSLGPPGTSTDTQYF	TRBV7-3	TRBJ2-3
CASSMLGEQFF	TRBV19	TRBJ2-1
CASSHFLTEETQYF	TRBV4-1	TRBJ2-5
CASSLLKGGGTDTQYF	TRBV27	TRBJ2-3
CASSDPGRNNEQFF	TRBV7-8	TRBJ2-1
CASSQDRSLEQYF	TRBV4-3	TRBJ2-7
CASSFHRRPFDGYNEQFF	TRBV7-9	TRBJ2-1
CASSLIGESVRNEQFF	TRBV7-9	TRBJ2-1
CASSPVGGYQPQHF	TRBV2	TRBJ1-5
CSARDQDGSLIGEQFF	TRBV20-1	TRBJ2-1
CASSPSVHEQFF	TRBV27	TRBJ2-1
CSVEGQQTYEQYF	TRBV29-1	TRBJ2-7
CASSLSGWSGTGELFF	TRBV27	TRBJ2-2
CASRVNNEQFF	TRBV12-3	TRBJ2-1
CASSSWDSSYEQYF	TRBV27	TRBJ2-7
CASSSWTSGNNEQFF	TRBV7-9	TRBJ2-1
CASSPGLANTGELFF	TRBV12-4	TRBJ2-2
CATSDNRGNEQYF	TRBV24-1	TRBJ2-7
CASSPTASTDTQYF	TRBV9	TRBJ2-3
CASSTTSGGPKSRELFF	TRBV7-9	TRBJ2-2
CASSIGVSGNTIYF	TRBV19	TRBJ1-3
CASSLIGGRNGYTF	TRBV7-9	TRBJ1-2
CASSYSYPGTGFYEQYF	TRBV6-5	TRBJ2-7
CSASAGFSDQPQHF	TRBV20-1	TRBJ1-5
CATSRDRSGAGGGYNEQFF	TRBV15	TRBJ2-1
CASSQDMGGLSYEQYF	TRBV4-3	TRBJ2-7
CASSQDPRASHRGAQYF	TRBV3-1	TRBJ2-5
CASSPGVNTEAFF	TRBV7-9	TRBJ1-1
CASSQVTSTGTSETYTQYF	TRBV3-1	TRBJ2-3
CASSESSQMNTEAFF	TRBV10-2	TRBJ1-1
CASSLTANYGYTF	TRBV7-3	TRBJ1-2
CATSVRGASYNEQFF	TRBV24-1	TRBJ2-1
CASSYSSAGGLLAGELFF	TRBV6-5	TRBJ2-2
CASSARSTETDTQYF	TRBV9	TRBJ2-3
CASSLRDRGYEQYF	TRBV5-8	TRBJ2-7
CASSSGGDLYEQYF	TRBV27	TRBJ2-7
CSARDQWGTDTQYF	TRBV20-1	TRBJ2-3
CASSGWEGELFF	TRBV27	TRBJ2-2
CASSLDRGEQYF	TRBV7-9	TRBJ2-7
CASSDPPGDGNQPQHF	TRBV11-2	TRBJ1-5
CSAKDGISGELFF	TRBV20-1	TRBJ2-2
CASSEYFVGQGASYGYTF	TRBV25-1	TRBJ1-2
CASSLVRGSNQPQHF	TRBV7-8	TRBJ1-5
CSARDLPGGYEQFF	TRBV20-1	TRBJ2-1
CASSFRGQGNEQYF	TRBV5-1	TRBJ2-7
CASSLRDSRDGEQYF	TRBV12-4	TRBJ2-7
CASNLAGAREEQYF	TRBV12-3	TRBJ2-7
CASSDGQATDTQYF	TRBV6-1	TRBJ2-3
CASSEMGVGAFF	TRBV2	TRBJ1-1
CASSLFGLSRSGANVLTF	TRBV13	TRBJ2-6
CASSLTGGSYEQYF	TRBV27	TRBJ2-7
CASSQGREAGGPAGYNEQFF	TRBV4-3	TRBJ2-1
CASSQFPSGGTDTQYF	TRBV4-2	TRBJ2-3
CASSQVESGNTIYF	TRBV3-1	TRBJ1-3
CASSLPNRDPHNEQFF	TRBV9	TRBJ2-1
CASVRRLATGELFF	TRBV13	TRBJ2-2
CASSSAYYSYTF	TRBV12-3	TRBJ1-2
CASMFTGELFF	TRBV19	TRBJ2-2
CASSIVGGGYAVYNEQFF	TRBV19	TRBJ2-1
CASSQWNGRFNYGYTF	TRBV4-1	TRBJ1-2
CASSLAGGNTDTQYF	TRBV12-4	TRBJ2-3
CASSPIGGMGTGELFF	TRBV10-2	TRBJ2-2
CATHRAGGFNEQFF	TRBV15	TRBJ2-1
CSGTGTDNSYEQYF	TRBV20-1	TRBJ2-7
CASGGQYNEQFF	TRBV10-2	TRBJ2-1
CSARDSRFTYEQYF	TRBV20-1	TRBJ2-7
CASSLTGLAGTGELFF	TRBV7-3	TRBJ2-2
CASSLVGQGLGDEQFF	TRBV7-9	TRBJ2-1
CASSQELGSSYNEQFF	TRBV4-2	TRBJ2-1
CAWSVERGIIANYGYTF	TRBV30	TRBJ1-2
CASSQGTENTEAFF	TRBV4-1	TRBJ1-1
CASSLAGFGNTIYF	TRBV7-9	TRBJ1-3
CASRSRERGDEAFF	TRBV7-2	TRBJ1-1
CSVESGQGGQPQHF	TRBV29-1	TRBJ1-5
CASSQEAGTGYNEQFF	TRBV4-1	TRBJ2-1
CASSPAVGPMNEQFF	TRBV13	TRBJ2-1
CASSESAPTGGTGELFF	TRBV10-2	TRBJ2-2
CATSDTHQGYQQFF	TRBV24-1	TRBJ2-1
CSASDRATYEQYF	TRBV20-1	TRBJ2-7
CASRVGLADTGELFF	TRBV9	TRBJ2-2
CSAREGGAYEQYF	TRBV20-1	TRBJ2-7
CASSEPQTSGNTGELFF	TRBV6-1	TRBJ2-2
CASRSQGALYSNQPQHF	TRBV28	TRBJ1-5
CASTPGQKNTEAFF	TRBV6-1	TRBJ1-1
CASSIEAAGGLGGYTF	TRBV19	TRBJ1-2
CASSSEAGARETQYF	TRBV7-8	TRBJ2-5
CAISESGTGYEQYF	TRBV10-3	TRBJ2-7
CASSLDSTGGDGELFF	TRBV7-2	TRBJ2-2
CATSDGLAGDYEETQYF	TRBV24-1	TRBJ2-5
CASSVDPGNSEKLFF	TRBV9	TRBJ1-4
CASSQEGAGGIHEQYF	TRBV3-1	TRBJ2-7
CASSEVVSTTYEQYF	TRBV6-1	TRBJ2-7
CASSSISGNTIYF	TRBV27	TRBJ1-3
CASRPLAGELFF	TRBV6-3	TRBJ2-2
CASSQEEGPWNQPQHF	TRBV4-1	TRBJ1-5
CATSRESGDYGYTF	TRBV15	TRBJ1-2
CASGLGPAGYTF	TRBV12-5	TRBJ1-2
CASSANAGVGTDTQYF	TRBV10-1	TRBJ2-3
CASSPVTGAPHEQYF	TRBV27	TRBJ2-7
CASSLVGSKHEQFF	TRBV5-1	TRBJ2-1
CASSLWQGTAGELFF	TRBV5-6	TRBJ2-2
CASSRNYGQETQYF	TRBV7-6	TRBJ2-5
CASSEQDSTDTQYF	TRBV11-3	TRBJ2-3
CAISGTGSYNEQFF	TRBV10-3	TRBJ2-1
CASRPEGGSNYGYTF	TRBV7-8	TRBJ1-2
CASSIVGQGNQPQHF	TRBV19	TRBJ1-5
CASSLGGQQFF	TRBV5-6	TRBJ2-1
CASSKGRLPNSPLHF	TRBV19	TRBJ1-6
CASSSQGSTDTQYF	TRBV6-4	TRBJ2-3
CSADKYNEQFF	TRBV20-1	TRBJ2-1
CASGGVYSGGAVEQYF	TRBV12-3	TRBJ2-7
CASSPYGQFYEQYF	TRBV18	TRBJ2-7
CASSPDNGEKLFF	TRBV7-9	TRBJ1-4
CASSLEGLNTEAFF	TRBV12-3	TRBJ1-1
CSVPGQTNTEAFF	TRBV29-1	TRBJ1-1
CASKDIMNTEAFF	TRBV6-5	TRBJ1-1
CASSEGDSNQPQHF	TRBV9	TRBJ1-5
CASSLGRGGRNEQFF	TRBV5-6	TRBJ2-1
CASSLEGGGYEQYF	TRBV5-1	TRBJ2-7
CASSPRAGGITDTQYF	TRBV4-2	TRBJ2-3
CASSYVIAGSYNEQFF	TRBV5-1	TRBJ2-1
CSATTESNQPQHF	TRBV20-1	TRBJ1-5
CASGTPGGEKLFF	TRBV7-9	TRBJ1-4
CASNPQGSSYNEQFF	TRBV27	TRBJ2-1
CASSLAGPAADRPYNEQFF	TRBV11-2	TRBJ2-1
CASSFAGDGAGELFF	TRBV7-9	TRBJ2-2
CASSLGLKNSPLHF	TRBV28	TRBJ1-6
CASSQDFGAAGELFF	TRBV4-1	TRBJ2-2
CASSFGGRNTEAFF	TRBV27	TRBJ1-1
CASSSSAGLAYTDTQYF	TRBV27	TRBJ2-3
CASSVSWGSGETQYF	TRBV9	TRBJ2-5
CASSPPQGGGTHNEQFF	TRBV18	TRBJ2-1
CASTEDRADTGELFF	TRBV5-8	TRBJ2-2
CASTRDRPTLGYTF	TRBV13	TRBJ1-2
CASSYGDTEAFF	TRBV6-5	TRBJ1-1
CASSLGLTGLAYGYTF	TRBV5-1	TRBJ1-2
CASSQDLPDGEKLFF	TRBV4-1	TRBJ1-4
CASSRDSASTGELFF	TRBV10-1	TRBJ2-2
CASSLNSKETQYF	TRBV7-3	TRBJ2-5
CASSSLSRTGGLGTEAFF	TRBV6-6	TRBJ1-1
CASHSGTGEEQYF	TRBV12-4	TRBJ2-7
CASSLVDEQFF	TRBV11-2	TRBJ2-1
CASSQLLADPPDEQFF	TRBV4-1	TRBJ2-1
CASSIGGVGNQPQHF	TRBV19	TRBJ1-5
CASSRTHGTGKGYTF	TRBV4-3	TRBJ1-2
CSVMRTDFQYF	TRBV29-1	TRBJ2-7
CASSLGFLGPAAGNTIYF	TRBV7-2	TRBJ1-3
CASSVVPDSSQAYGYTF	TRBV9	TRBJ1-2
CASSPPGGVTGELFF	TRBV6-3	TRBJ2-2
CASSPSWGEVNTEAFF	TRBV27	TRBJ1-1
CASSQGQGDQPQHF	TRBV4-1	TRBJ1-5
CASSQGGGGGYEQYF	TRBV3-1	TRBJ2-7
CSVPGTGGLIAFF	TRBV29-1	TRBJ1-1
CASSIALYNEQFF	TRBV19	TRBJ2-1
CATSRPGWTGGTEAFF	TRBV15	TRBJ1-1
CASGWDRPNTGELFF	TRBV12-5	TRBJ2-2
CATSDPASGALQETQYF	TRBV24-1	TRBJ2-5
CASSLASTGELFF	TRBV7-9	TRBJ2-2
CASSLGSPLTGELFF	TRBV27	TRBJ2-2
CASSELTGGGNEQFF	TRBV2	TRBJ2-1
CASSMGGRYEQYF	TRBV19	TRBJ2-7
CASRQGATYEQYF	TRBV5-1	TRBJ2-7
CSARDGLAGFSYEQYF	TRBV20-1	TRBJ2-7
CASSLDLGSTEAFF	TRBV11-3	TRBJ1-1
CATRPAGYNEQFF	TRBV28	TRBJ2-1
CASSVKDSPEKLFF	TRBV9	TRBJ1-4
CASSSSARELFF	TRBV7-2	TRBJ2-2
CASSGGVGPNNEQFF	TRBV6-5	TRBJ2-1
CASSSTGGKTQPQHF	TRBV28	TRBJ1-5
CASSLDAGYEQYF	TRBV11-2	TRBJ2-7
CASSQEKGITGELFF	TRBV14	TRBJ2-2
CAWSYTGELFF	TRBV30	TRBJ2-2
CASSLMGGANQGYTF	TRBV27	TRBJ1-2
CSARDYLSDRLHEKLFF	TRBV20-1	TRBJ1-4
CASSPIAGRRDTQYF	TRBV3-1	TRBJ2-3
CASSFPGSTGELFF	TRBV13	TRBJ2-2
CSARDASGGAGTGELFF	TRBV20-1	TRBJ2-2
CASSPRREYTYEQYF	TRBV9	TRBJ2-7
CASSLPPEATNEKLFF	TRBV7-6	TRBJ1-4
CASSVTGPYGYTF	TRBV6-1	TRBJ1-2
CASSQDVRLDGYTF	TRBV4-1	TRBJ1-2
CASSPVRYEQYF	TRBV7-8	TRBJ2-7
CASSQHLGGLSAKNIQYF	TRBV4-3	TRBJ2-4
CASSLSRVYYEQYF	TRBV27	TRBJ2-7
CASSTSMGEAFF	TRBV19	TRBJ1-1
CASSQLGPSAYEQYF	TRBV16	TRBJ2-7
CASSLSTPQNEQFF	TRBV27	TRBJ2-1
CASSLGESGTGPHGYTF	TRBV7-9	TRBJ1-2
CASSKGRQNTEAFF	TRBV5-5	TRBJ1-1
CASSPDRGLSYGYTF	TRBV18	TRBJ1-2
CSARSYGGGSSYEQYF	TRBV20-1	TRBJ2-7
CASSQTSFSYNEQFF	TRBV4-1	TRBJ2-1
CASSPADGLNQPQHF	TRBV9	TRBJ1-5
CASSIGRLAGVTGELFF	TRBV19	TRBJ2-2
CASSPQAGGSYEQYF	TRBV12-4	TRBJ2-7
CASSLGPSTGSETQYF	TRBV5-6	TRBJ2-5
CASRQGRQETQYF	TRBV5-1	TRBJ2-5
CASSRAGSGEDTQYF	TRBV27	TRBJ2-3
CAISDTVYGYTF	TRBV10-3	TRBJ1-2
CASSLVAWLAENNEQFF	TRBV7-8	TRBJ2-1
CASSFQPSSYNEQFF	TRBV5-4	TRBJ2-1
CASREGTGIRETQYF	TRBV6-5	TRBJ2-5
CAISDLTGGRTEAFF	TRBV10-3	TRBJ1-1
CASRGLAGSYEQYF	TRBV5-5	TRBJ2-7
CSVEDQNGGATYNEQFF	TRBV29-1	TRBJ2-1
CASSFGGSTEAFF	TRBV12-4	TRBJ1-1
CASSSYGQGGYNEQFF	TRBV7-7	TRBJ2-1
CASLVVGFYNEQFF	TRBV7-9	TRBJ2-1
CASRLAGGGGEQFF	TRBV7-9	TRBJ2-1
CASSPRVQETQYF	TRBV19	TRBJ2-5
CASSTRDRRSEETQYF	TRBV27	TRBJ2-5
CASSSPYDDQLGDTQYF	TRBV28	TRBJ2-3
CASSIAHAGGLAKNIQYF	TRBV19	TRBJ2-4
CASSRLEGTGNTIYF	TRBV19	TRBJ1-3
CASSLGQGIYGYTF	TRBV27	TRBJ1-2
CASSQVWSGEYGYTF	TRBV4-1	TRBJ1-2
CASTLPRDTEAFF	TRBV7-9	TRBJ1-1
CASSLQGGFSNQPQHF	TRBV12-4	TRBJ1-5
CASSIYTDTQYF	TRBV9	TRBJ2-3
CASSGGPGDNEQFF	TRBV2	TRBJ2-1
CASKGPENIQYF	TRBV2	TRBJ2-4
CASSLWDTREQYF	TRBV5-1	TRBJ2-7
CASSPRGLDQQETQYF	TRBV18	TRBJ2-5
CATSREESGPYNEQFF	TRBV15	TRBJ2-1
CSARSWGVEAFF	TRBV20-1	TRBJ1-1
CASSLAALSGGELFF	TRBV27	TRBJ2-2
CASSLWTGTFNEQFF	TRBV12-3	TRBJ2-1
CASNQTQLWETQYF	TRBV7-2	TRBJ2-5
CASSSGLAGLNEQFF	TRBV7-9	TRBJ2-1
CASSPYGAEGSYNEQFF	TRBV13	TRBJ2-1
CASSQDASGYYNEQFF	TRBV3-1	TRBJ2-1
CASSYSNQFGHQPQHF	TRBV6-3	TRBJ1-5
CATSRVTEEKLFF	TRBV15	TRBJ1-4
CASSDSLGAFEQFF	TRBV2	TRBJ2-1
CASSPGGGNEQFF	TRBV13	TRBJ2-1
CASSLVMGEKLFF	TRBV6-5	TRBJ1-4
CASSDQGRQETQYF	TRBV2	TRBJ2-5
CASSQDRGSNQPQHF	TRBV4-1	TRBJ1-5
CASSQASGAGEKRSSYNEQFF	TRBV3-1	TRBJ2-1
CASSSRTGDQETQYF	TRBV5-4	TRBJ2-5
CASSLVGGFGFETQYF	TRBV11-2	TRBJ2-5
CASGLDSSSGNTIYF	TRBV12-5	TRBJ1-3
CTSVPAVTSGSGSPLHF	TRBV7-2	TRBJ1-6
CAWGSVRMISYNEQFF	TRBV30	TRBJ2-1
CASSADRDRGQPQHF	TRBV9	TRBJ1-5
CASSLVDSIGEQFF	TRBV27	TRBJ2-1
CASSLAGGPLETQYF	TRBV7-3	TRBJ2-5
CSARDHGGDYGYTF	TRBV20-1	TRBJ1-2
CASSLEPSYEQYF	TRBV7-2	TRBJ2-7
CASSPTGWTAFF	TRBV14	TRBJ1-1
CASSPTFYGYTF	TRBV27	TRBJ1-2
CSARVVSGGAPYEQYF	TRBV20-1	TRBJ2-7
CSLRTGEGSPLHF	TRBV20-1	TRBJ1-6
CAISGWRQGSYEQYF	TRBV10-3	TRBJ2-7
CASSYDLPRNTGELFF	TRBV6-3	TRBJ2-2
CAWSDSMWNEQFF	TRBV30	TRBJ2-1
CASSAGQGGVSETQYF	TRBV9	TRBJ2-5
CASSLQPSGGANTEAFF	TRBV7-9	TRBJ1-1
CASSLDSQSSGNTIYF	TRBV5-1	TRBJ1-3
CASSLGLAGGPGETQYF	TRBV7-9	TRBJ2-5
CASSEGQPQHF	TRBV2	TRBJ1-5
CASSTAGGSYEQYF	TRBV27	TRBJ2-7
CASSQTGGTSEKLFF	TRBV2	TRBJ1-4
CASSDGRAWELFF	TRBV2	TRBJ2-2
CSARDPGSTYEQYF	TRBV20-1	TRBJ2-7
CSASGSGVGTGELFF	TRBV20-1	TRBJ2-2
CASSSANDGYTF	TRBV12-4	TRBJ1-2
CASSTDTFGYGYTF	TRBV13	TRBJ1-2
CASTTHLVVGGPGANVLTF	TRBV27	TRBJ2-6
CASSIMNTEAFF	TRBV6-3	TRBJ1-1
CASIWTSGSQETQYF	TRBV2	TRBJ2-5
CANSFYFTGAPYNEQFF	TRBV7-8	TRBJ2-1
CATQSGGGNSPLHF	TRBV27	TRBJ1-6
CASSDLIQGVFFEQFF	TRBV19	TRBJ2-1
CASSPQEFENTEAFF	TRBV18	TRBJ1-1
CASSSVNGAFF	TRBV19	TRBJ1-1
CASRTNEAFPDTQYF	TRBV11-2	TRBJ2-3
CAISGQDRPGELFF	TRBV10-3	TRBJ2-2
CSVDVIANEQFF	TRBV29-1	TRBJ2-1
CASSISSGVAYEQFF	TRBV19	TRBJ2-1
CASSLAGTGYEQYF	TRBV27	TRBJ2-7
CAWSGGLAGGFSYNEQFF	TRBV30	TRBJ2-1
CSVLGGVSNQPQHF	TRBV29-1	TRBJ1-5
CASSPGQGVHGYTF	TRBV7-8	TRBJ1-2
CASSPIPGGSDTQYF	TRBV3-1	TRBJ2-3
CASSLAPGPYSGANVLTF	TRBV5-1	TRBJ2-6
CASSFGRGYQPQHF	TRBV5-6	TRBJ1-5
CAISEGNRGVTEAFF	TRBV10-3	TRBJ1-1
CASSLDKETQYF	TRBV7-9	TRBJ2-5
CASSAGTGGTGELFF	TRBV7-3	TRBJ2-2
CSARTVTYGYTF	TRBV20-1	TRBJ1-2
CASSVGGGNYNEQFF	TRBV9	TRBJ2-1
CASRARTGGLGYTF	TRBV27	TRBJ1-2
CSARPGQGIYEQYF	TRBV20-1	TRBJ2-7
CASKTGTLRTGPYEQYF	TRBV2	TRBJ2-7
CASISPSTEAFF	TRBV27	TRBJ1-1
CSATISGRPYNEQFF	TRBV20-1	TRBJ2-1
CASRLGTGGPSYGYTF	TRBV28	TRBJ1-2
CATSDRTSGRAKETQYF	TRBV24-1	TRBJ2-5
CASRDGPSPYF	TRBV6-6	TRBJ2-7
CASSLETGPDTQYF	TRBV5-6	TRBJ2-3
CSALIRDYNEQFF	TRBV20-1	TRBJ2-1
CASNQVTGTRAYGYTF	TRBV6-5	TRBJ1-2
CSAPPQGRTEAFF	TRBV29-1	TRBJ1-1
CAISEAGADRPQHF	TRBV10-3	TRBJ1-5
CASSQAYGAPLYNEQFF	TRBV4-3	TRBJ2-1
CASSFLRDGLYNEQFF	TRBV7-6	TRBJ2-1
CASSQPYGQPNTEAFF	TRBV4-1	TRBJ1-1
CATSRDLFETQYF	TRBV15	TRBJ2-5
CASSHPRTGRDMGGGANVLTF	TRBV4-1	TRBJ2-6
CASSLASGTDSYEQYF	TRBV7-9	TRBJ2-7
CASSSGTGWLGSNQPQHF	TRBV7-2	TRBJ1-5
CASSVRTTTGVGDYGYTF	TRBV9	TRBJ1-2
CSARDLPSGGPQQETQYF	TRBV20-1	TRBJ2-5
CASSQGLPAGNTEAFF	TRBV4-1	TRBJ1-1
CASSYSNAEAFF	TRBV6-3	TRBJ1-1
CASSQEALTGAKNIQYF	TRBV4-3	TRBJ2-4
CASSLRGTGTDTQYF	TRBV6-6	TRBJ2-3
CASSQENSLIYEQYF	TRBV4-1	TRBJ2-7
CASIPPGGTEAFF	TRBV9	TRBJ1-1
CSVILTDSTDTQYF	TRBV29-1	TRBJ2-3
CASSVRVASMTGELFF	TRBV9	TRBJ2-2
CASSVGTTGFSYNEQFF	TRBV2	TRBJ2-1
CASSQDRGTGQYF	TRBV4-3	TRBJ2-7
CASSPRPKTEAFF	TRBV11-3	TRBJ1-1
CSVDRVTGEQFF	TRBV29-1	TRBJ2-1
CASSGTGGGYTEAFF	TRBV9	TRBJ1-1
CASSVGGPSYEQYF	TRBV11-2	TRBJ2-7
CAIKPGQNSPLHF	TRBV10-3	TRBJ1-6
CASSQEFRADQPQHF	TRBV4-1	TRBJ1-5
CASSLTLAGNQPQHF	TRBV7-9	TRBJ1-5
CASGLVLPSSGGIAKNIQYF	TRBV12-5	TRBJ2-4
CASSGLAPEQFF	TRBV5-4	TRBJ2-1
CASSQDLAVQETQYF	TRBV3-1	TRBJ2-5
CASSPDSVNTGELFF	TRBV4-3	TRBJ2-2
CSARTGGDYGYTF	TRBV20-1	TRBJ1-2
CASSTRTGQETQYF	TRBV7-9	TRBJ2-5
CASRSYRNYGYTF	TRBV12-4	TRBJ1-2
CASSKEGDEQYF	TRBV7-2	TRBJ2-7
CASSYGNPNTGELFF	TRBV27	TRBJ2-2
CASSPRWDDPVVNAEAFF	TRBV28	TRBJ1-1
CASSYSNEGNGYTF	TRBV6-6	TRBJ1-2
CATSDFSNRQETQYF	TRBV24-1	TRBJ2-5
CSARVFGGDSQETQYF	TRBV20-1	TRBJ2-5
CASSQGINEQFF	TRBV4-1	TRBJ2-1
CSARGLSDSTHQPQHF	TRBV20-1	TRBJ1-5
CASSHFEGLDTQYF	TRBV12-4	TRBJ2-3
CSARDHRAEGQPQHF	TRBV20-1	TRBJ1-5
CSARDFRSPTNEKLFF	TRBV20-1	TRBJ1-4
CASSPITGTGIYGYTF	TRBV6-5	TRBJ1-2
CASAGNTEAFF	TRBV2	TRBJ1-1
CASQGQMNYGYTF	TRBV6-5	TRBJ1-2
CASSQVLGGDTGELFF	TRBV4-1	TRBJ2-2
CASSDGSGALETQYF	TRBV10-2	TRBJ2-5
CASSLDTDTQYF	TRBV5-1	TRBJ2-3
CASSFAVSTDTQYF	TRBV7-9	TRBJ2-3
CATTSGQKNTEAFF	TRBV6-1	TRBJ1-1
CASSQDLGLAGVTDTQYF	TRBV4-1	TRBJ2-3
CSASGGSSYNEQFF	TRBV20-1	TRBJ2-1
CSVPPRDRYNEQFF	TRBV20-1	TRBJ2-1
CASSYHDLGGAGSPLHF	TRBV7-9	TRBJ1-6
CASSPRTSQNIQYF	TRBV7-2	TRBJ2-4
CATSDFRGQHYGYTF	TRBV24-1	TRBJ1-2
CASSQGGTGIYGYTF	TRBV4-1	TRBJ1-2
CASSFGDHEAFF	TRBV5-1	TRBJ1-1
CSVEDRRPDEQFF	TRBV29-1	TRBJ2-1
CSARNREAEQFF	TRBV20-1	TRBJ2-1
CASSFQTGTGTYGYTF	TRBV6-5	TRBJ1-2
CAWSWGDSTNSPLHF	TRBV30	TRBJ1-6
CASSQDGGYTF	TRBV3-1	TRBJ1-2
CAWSVSGYNEQFF	TRBV30	TRBJ2-1
CASSESTSGGVTDTQYF	TRBV10-2	TRBJ2-3
CSVENTFEAFF	TRBV29-1	TRBJ1-1
CASSPGSKREGTQYF	TRBV9	TRBJ2-3
CASTTYFGGNQPQHF	TRBV2	TRBJ1-5
CASSYGGSYEQYF	TRBV6-3	TRBJ2-7
CASSAYSGTGPQPQHF	TRBV6-5	TRBJ1-5
CAIGENYGYTF	TRBV10-3	TRBJ1-2
CASSQGQGLLEAFF	TRBV4-1	TRBJ1-1
CASRIGTSLDNEQFF	TRBV7-9	TRBJ2-1
CSSRMENTGELFF	TRBV29-1	TRBJ2-2
CASNAGTGNEQYF	TRBV10-1	TRBJ2-7
CASSAGQGGGRTEAFF	TRBV19	TRBJ1-1
CSAPRTSSYNEQFF	TRBV20-1	TRBJ2-1
CSVDVRVADEQFF	TRBV29-1	TRBJ2-1
CASSVQAQGENYGYTF	TRBV9	TRBJ1-2
CASSPVGGDYGYTF	TRBV18	TRBJ1-2
CASSEARVYSPLHF	TRBV2	TRBJ1-6
CASSQGYTDTQYF	TRBV4-2	TRBJ2-3
CASSPSLGPNTGELFF	TRBV7-9	TRBJ2-2
CASSPSPSGDDEKLFF	TRBV12-3	TRBJ1-4
CSVRQGSGNQPQHF	TRBV29-1	TRBJ1-5
CASSISTGNEQFF	TRBV28	TRBJ2-1
CATGWGNTEAFF	TRBV15	TRBJ1-1
CASRPQTGTIYGYTF	TRBV6-5	TRBJ1-2
CASSSLTGLHEQYF	TRBV7-6	TRBJ2-7
CASSRGTGPFSYEQYF	TRBV7-8	TRBJ2-7
CASALIQGVYTF	TRBV19	TRBJ1-2
CSVYSGMDTQYF	TRBV29-1	TRBJ2-3
CAWTGTGKIGWDSPLHF	TRBV30	TRBJ1-6
CASSLAESATGELFF	TRBV5-8	TRBJ2-2
CASSSRQGNLIDEQYF	TRBV9	TRBJ2-7
CASSREGEQFF	TRBV12-3	TRBJ2-1
CASSLWSDHSNQPQHF	TRBV7-8	TRBJ1-5
CASKLTTMTEAFF	TRBV19	TRBJ1-1
CASSTTRSTLNEQFF	TRBV19	TRBJ2-1
CASSFGNEQFF	TRBV5-1	TRBJ2-1
CATSDPLAAAYEQYF	TRBV24-1	TRBJ2-7
CASSLRGLAGNEQFF	TRBV7-3	TRBJ2-1
CASSPSAWADTQYF	TRBV7-9	TRBJ2-3
CSAPTGTNEKLFF	TRBV20-1	TRBJ1-4
CASSHGTGYNSPLHF	TRBV19	TRBJ1-6
CASSLVGQSGNTIYF	TRBV7-8	TRBJ1-3
CASSVESGSAYEQYF	TRBV9	TRBJ2-7
CASSYGLADYTTGELFF	TRBV5-1	TRBJ2-2
CASSLGRNYGYTF	TRBV5-6	TRBJ1-2
CASSRQSNTEAFF	TRBV4-1	TRBJ1-1
CASTPGTGALTDTQYF	TRBV9	TRBJ2-3
CASSQALWGEPRNTEAFF	TRBV4-1	TRBJ1-1
CASSLIGRGTYEQYF	TRBV7-2	TRBJ2-7
CASSLERGLDTQYF	TRBV5-1	TRBJ2-3
CSAQWTPGGNQPQHF	TRBV20-1	TRBJ1-5
CAIPGRATGELFF	TRBV7-9	TRBJ2-2
CASSIDLEAFF	TRBV7-9	TRBJ1-1
CASGLHVGTGGADTQYF	TRBV12-5	TRBJ2-3
CSVDGTMETQYF	TRBV29-1	TRBJ2-5
CASSWGWSYEQYF	TRBV27	TRBJ2-7
CASSIRGGEKLFF	TRBV6-3	TRBJ1-4
CASNPTGVGDEKLFF	TRBV11-2	TRBJ1-4
CASSPSGRYNEQFF	TRBV3-1	TRBJ2-1
CASSGAGAMLGANVLTF	TRBV2	TRBJ2-6
CAWSVVAGGEGQFF	TRBV30	TRBJ2-1
CASSHGAGDTDTQYF	TRBV4-1	TRBJ2-3
CASRDKAAQDEKLFF	TRBV4-1	TRBJ1-4
CASSEGTDPQETQYF	TRBV6-1	TRBJ2-5
CASSHRYFYGYTF	TRBV7-9	TRBJ1-2
CASSLGVYEQYF	TRBV5-1	TRBJ2-7
CAWSATYASTIYGYTF	TRBV30	TRBJ1-2
CASSLDLRTSGGIYTDTQYF	TRBV11-2	TRBJ2-3
CSARDLLAGGYTGELFF	TRBV20-1	TRBJ2-2
CASSLRDRLITGANVLTF	TRBV5-4	TRBJ2-6
CASSPGQAAYSGNTIYF	TRBV7-9	TRBJ1-3
CASSPSSWDRPGTGELFF	TRBV27	TRBJ2-2
CASSARGQGRPGELFF	TRBV5-6	TRBJ2-2
CASSQDPVRSNEKLFF	TRBV4-3	TRBJ1-4
CASSLGPDLNTEAFF	TRBV5-1	TRBJ1-1
CASSSNRDRVYNEQFF	TRBV5-1	TRBJ2-1
CASREIQGSGANVLTF	TRBV7-9	TRBJ2-6
CATSRVQQENEKLFF	TRBV15	TRBJ1-4
CASSGGDRQLNEQFF	TRBV12-3	TRBJ2-1
CASSQTMTEGTPEKLFF	TRBV3-1	TRBJ1-4
CASRVGLAGNNEQFF	TRBV27	TRBJ2-1
CASRPAGLAYEQYF	TRBV28	TRBJ2-7
CASSVVERAFF	TRBV12-3	TRBJ1-1
CASTQLEGTQYF	TRBV7-9	TRBJ2-5
CASSELAGGQETQYF	TRBV6-1	TRBJ2-5
CASMTGSTEAFF	TRBV27	TRBJ1-1
CASSTTASSYNEQFF	TRBV6-5	TRBJ2-1
CATSSGANTGELFF	TRBV15	TRBJ2-2
CASSVGQDYEQYF	TRBV9	TRBJ2-7
CASRVQMENEKLFF	TRBV19	TRBJ1-4
CASSLGGDSPLHF	TRBV7-6	TRBJ1-6
CSAIGDSPFHEQFF	TRBV20-1	TRBJ2-1
CASSIGYGYTF	TRBV19	TRBJ1-2
CASSLEEGRRDEQYF	TRBV7-8	TRBJ2-7
CASTRTSGKDTQYF	TRBV12-4	TRBJ2-3
CAISDPGLAGGGGEQFF	TRBV10-3	TRBJ2-1
CASSRRGTGELFF	TRBV28	TRBJ2-2
CASSSSGTTKQPQHF	TRBV7-9	TRBJ1-5
CSARDLHRPGNTIYF	TRBV20-1	TRBJ1-3
CSVGNEQFF	TRBV29-1	TRBJ2-1
CASTLAEGTDTQYF	TRBV28	TRBJ2-3
CASSWQGTSYEQYF	TRBV4-1	TRBJ2-7
CATTSGTYDNEQFF	TRBV24-1	TRBJ2-1
CAWSTLGQVNYGYTF	TRBV30	TRBJ1-2
CASSEEKGYYTDTQYF	TRBV6-1	TRBJ2-3
CASSWSQGVYEKLFF	TRBV27	TRBJ1-4
CASSLGGYNEQFF	TRBV7-2	TRBJ2-1
CASSFANSGANVLTF	TRBV12-4	TRBJ2-6
CASSPGGRTDNPHTDTQYF	TRBV18	TRBJ2-3
CASSEVAGSPGELFF	TRBV27	TRBJ2-2
CASSILGGGYNEQFF	TRBV19	TRBJ2-1
CASSEGGTGYIHEQFF	TRBV2	TRBJ2-1
CASSYRGQGAADTQYF	TRBV6-3	TRBJ2-3
CSAPGQGVAEQYF	TRBV20-1	TRBJ2-7
CASSLDRAEQYF	TRBV7-6	TRBJ2-7
CASSRREASGNTIYF	TRBV6-6	TRBJ1-3
CSARDLAAYNSPLHF	TRBV20-1	TRBJ1-6
CASTRWVAGGKGDEQFF	TRBV9	TRBJ2-1
CASSFSYTGHYGYTF	TRBV7-9	TRBJ1-2
CASSFTSSRTDTQYF	TRBV7-2	TRBJ2-3
CSARDLGGPTYNEQFF	TRBV20-1	TRBJ2-1
CASSGMSSYEQYF	TRBV12-3	TRBJ2-7
CASSKMGQGSEQYF	TRBV25-1	TRBJ2-7
CASSGGGASYNEQFF	TRBV12-4	TRBJ2-1
CASSRAGQGHGHLDGSGNTIYF	TRBV6-1	TRBJ1-3
CASSQRDRGSDTQYF	TRBV4-3	TRBJ2-3
CSARTSQETQYF	TRBV20-1	TRBJ2-5
CASRTGGQPQHF	TRBV27	TRBJ1-5
CASSTEETQYF	TRBV19	TRBJ2-5
CASSQDEGELKLFF	TRBV4-1	TRBJ1-4
CASSEGTSGPDTQYF	TRBV9	TRBJ2-3
CASSYSGSDTQYF	TRBV6-5	TRBJ2-3
CASSFRLARIYEQYF	TRBV18	TRBJ2-7
CASSLASDGPQETQYF	TRBV5-1	TRBJ2-5
CASTLITGELFF	TRBV28	TRBJ2-2
CASSPFAGGPADTQYF	TRBV11-2	TRBJ2-3
CASSEYSGGGQPQHF	TRBV6-4	TRBJ1-5
CASSSRDGTYEQYF	TRBV2	TRBJ2-7
CASSQPGQPQETQYF	TRBV4-1	TRBJ2-5
CASSEWTGYQPQHF	TRBV6-1	TRBJ1-5
CASSTGRSSYNEQFF	TRBV27	TRBJ2-1
CASSEVWGREVSLPSTDTQYF	TRBV6-1	TRBJ2-3
CASSVDGGDPPWELFF	TRBV9	TRBJ2-2
CASSSRTSGGAGQFF	TRBV13	TRBJ2-1
CASSYLSDLRYNEQFF	TRBV6-5	TRBJ2-1
CASSQDSGIGTGELFF	TRBV3-1	TRBJ2-2
CASSPGGAQETQYF	TRBV27	TRBJ2-5
CAISGGAGGPGEQFF	TRBV10-3	TRBJ2-1
CASSLGTSGIYEQYF	TRBV14	TRBJ2-7
CASSIYRGLNEKLFF	TRBV6-6	TRBJ1-4
CASSPGTINYGYTF	TRBV12-4	TRBJ1-2
CASSDRQGVTEAFF	TRBV25-1	TRBJ1-1
CASSLGLGTSNEQFF	TRBV7-6	TRBJ2-1
CASSQDPGYEQYF	TRBV3-1	TRBJ2-7
CASSLSGGRGDTQYF	TRBV27	TRBJ2-3
CASSFNGQSNQPQHF	TRBV5-4	TRBJ1-5
CSASPPTGEYEQYF	TRBV20-1	TRBJ2-7
CASSADMGTEAFF	TRBV7-8	TRBJ1-1
CATSARDRGISPLHF	TRBV15	TRBJ1-6
CASSLDGTEYYNEQFF	TRBV5-4	TRBJ2-1
CASSLSGGINEQYF	TRBV27	TRBJ2-7
CASSLRQAYNEQFF	TRBV5-6	TRBJ2-1
CSARDLWGVNYGYTF	TRBV20-1	TRBJ1-2
CASSPGPAKDTQYF	TRBV7-9	TRBJ2-3
CASSEGQGHTEAFF	TRBV10-1	TRBJ1-1
CASSYVNEQFF	TRBV6-5	TRBJ2-1
CASSQSLNYGYTF	TRBV14	TRBJ1-2
CATSDGGQPYSNQPQHF	TRBV24-1	TRBJ1-5
CASSESSPRGGSFF	TRBV10-2	TRBJ2-1
CASSYQTGELFF	TRBV7-2	TRBJ2-2
CASSFTDTQYF	TRBV12-4	TRBJ2-3
CASSLWVENYGYTF	TRBV12-3	TRBJ1-2
CASSLSMGGAGELFF	TRBV27	TRBJ2-2
CASSYRGGSGANVLTF	TRBV6-3	TRBJ2-6
CASSYGRSYGYTF	TRBV6-5	TRBJ1-2
CSARGDRSYEQYF	TRBV20-1	TRBJ2-7
CASSQEKSRVGANVLTF	TRBV3-1	TRBJ2-6
CASSPQGVSSGNTIYF	TRBV28	TRBJ1-3
CSAPGWDTEAFF	TRBV29-1	TRBJ1-1
CASSQVFRSAGPQPQHF	TRBV4-1	TRBJ1-5
CASSPVRGSTDTQYF	TRBV6-6	TRBJ2-3
CSAIRTGGHNSPLHF	TRBV20-1	TRBJ1-6
CASSLGSGGPNEQFF	TRBV5-1	TRBJ2-1
CASRSQEGAEAFF	TRBV13	TRBJ1-1
CASSQASNQPQHF	TRBV27	TRBJ1-5
CASSYLQDFTDTQYF	TRBV7-9	TRBJ2-3
CASSLGLGGYTF	TRBV5-8	TRBJ1-2
CASSSVNEQFF	TRBV11-1	TRBJ2-1
CASSLSPGDSEKLFF	TRBV7-9	TRBJ1-4
CASSFSGQPKAFF	TRBV12-3	TRBJ1-1
CASSYSYRVELFF	TRBV6-3	TRBJ1-4
CASSFGQGANTEAFF	TRBV5-1	TRBJ1-1
CASSFAPGTANTGELFF	TRBV28	TRBJ2-2
CASSELQGAQDISPLHF	TRBV12-3	TRBJ1-6
CASSQDPLLGFYGYTF	TRBV4-2	TRBJ1-2
CASSQDHYGVSGNTIYF	TRBV4-3	TRBJ1-3
CASSQDGGTYTQYF	TRBV14	TRBJ2-3
CASSLDVDSYNEQFF	TRBV7-9	TRBJ2-1
CASSMGTGINEQFF	TRBV19	TRBJ2-1
CASSLFGDNEKLFF	TRBV7-8	TRBJ1-4
CSAPTPTRGGYTF	TRBV29-1	TRBJ1-2
CSARGASSYEQYF	TRBV20-1	TRBJ2-7
CASSLVSGGEETQYF	TRBV12-4	TRBJ2-5
CASSHIPGRETQYF	TRBV7-9	TRBJ2-5
CASSTPGQGARGYTF	TRBV9	TRBJ1-2
CASSEIGQGGTDTQYF	TRBV2	TRBJ2-3
CASSIDWTSGGLFNEQFF	TRBV19	TRBJ2-1
CASSDSWGTEAFF	TRBV6-4	TRBJ1-1
CASTRDITGGNTEAFF	TRBV9	TRBJ1-1
CASSSRGRRDPGELFF	TRBV28	TRBJ2-2
CASSDGDSPYNEQFF	TRBV10-1	TRBJ2-1
CASGFTGGRNTEAFF	TRBV12-5	TRBJ1-1
CASGWDPRSGNTIYF	TRBV13	TRBJ1-3
CASSSWTGGYEQYF	TRBV7-3	TRBJ2-7
CASSRPGLAGDFGTDTQYF	TRBV2	TRBJ2-3
CSVLSGVTYNEQFF	TRBV29-1	TRBJ2-1
CASSQAQLWETQYF	TRBV7-2	TRBJ2-5
CASSRLGDTQYF	TRBV4-2	TRBJ2-3
CSARPKRGVEQYF	TRBV20-1	TRBJ2-7
CASSTGLAGGPDTGELFF	TRBV7-8	TRBJ2-2
CSVEGYSATYNEQFF	TRBV29-1	TRBJ2-1
CASSGGDRGTEAFF	TRBV2	TRBJ1-1
CATSSSNYGYTF	TRBV15	TRBJ1-2
CASSNSGSSYNSPLHF	TRBV19	TRBJ1-6
CASSTRPGQGVEEQYF	TRBV19	TRBJ2-7
CASTYGSYGYTF	TRBV12-3	TRBJ1-2
CASSFGQGGGYTF	TRBV7-9	TRBJ1-2
CASSVAGGPAVTDTQYF	TRBV5-1	TRBJ2-3
CASSTTGANTEAFF	TRBV12-3	TRBJ1-1
CASSQDRGAYNEQFF	TRBV4-3	TRBJ2-1
CASALTGPRGYTF	TRBV6-5	TRBJ1-2
CSAAGTSGRTDTQYF	TRBV20-1	TRBJ2-3
CASSQTENTGELFF	TRBV4-1	TRBJ2-2
CATQRRGGYYNEQFF	TRBV10-3	TRBJ2-1
CASSYEISGEGKNTGELFF	TRBV6-3	TRBJ2-2
CASSLGRTENSPLHF	TRBV13	TRBJ1-6
CSAVEGTSGGAYNEQFF	TRBV20-1	TRBJ2-1
CASSIAWQPQHF	TRBV19	TRBJ1-5
CASSTDPRGYNEQFF	TRBV19	TRBJ2-1
CASSWTGGYTF	TRBV11-2	TRBJ1-2
CASSFAGTYEAFF	TRBV27	TRBJ1-1
CASSWSGGSYEQYF	TRBV7-9	TRBJ2-7
CASSIGNSGYTF	TRBV19	TRBJ1-2
CSAGGLAGRDTQYF	TRBV20-1	TRBJ2-3
CASGLNTRYVGGTEAFF	TRBV12-5	TRBJ1-1
CASSIVGGRREQFF	TRBV19	TRBJ2-1
CASSPDLNNDPNYGYTF	TRBV18	TRBJ1-2
CASSYSSGGGETQYF	TRBV6-5	TRBJ2-5
CASSQDRLNTGELFF	TRBV4-1	TRBJ2-2
CASSLKGEKLFF	TRBV28	TRBJ1-4
CASSQDLEDNQPQHF	TRBV3-1	TRBJ1-5
CATSREVVDDGYTF	TRBV15	TRBJ1-2
CASSHLRFTQYF	TRBV4-1	TRBJ2-3
CSARNNQGEAQPQHF	TRBV20-1	TRBJ1-5
CASSFGGGTYEQYF	TRBV11-2	TRBJ2-7
CASSLEVTGLNTEAFF	TRBV5-5	TRBJ1-1
CASSFRTGETNYGYTF	TRBV5-1	TRBJ1-2
CSVQGGTYNEQFF	TRBV29-1	TRBJ2-1
CSVEGLADLTSYNEQFF	TRBV29-1	TRBJ2-1
CASSEQTGTNEQYF	TRBV27	TRBJ2-7
CSADGLSTDTQYF	TRBV20-1	TRBJ2-3
CASSVSGSNQPQHF	TRBV9	TRBJ1-5
CASSLSSRLGVNEQFF	TRBV28	TRBJ2-1
CASSYSLLAAQETQYF	TRBV6-5	TRBJ2-5
CSVAQGLAKNIQYF	TRBV29-1	TRBJ2-4
CSARVLAGGIHEQFF	TRBV20-1	TRBJ2-1
CASSSDPGAGELFF	TRBV11-2	TRBJ2-2
CASSSSSSHEQFF	TRBV7-9	TRBJ2-1
CASSSGGNNEQFF	TRBV19	TRBJ2-1
CASSATGGPTGELFF	TRBV19	TRBJ2-2
CSASDWGDSNQPQHF	TRBV20-1	TRBJ1-5
CASSLSPEGGGAGDGYTF	TRBV27	TRBJ1-2
CASGLPLAGGPYPYNEQFF	TRBV12-5	TRBJ2-1
CASSFTGPNTEAFF	TRBV11-2	TRBJ1-1
CASSLPGPKEQYF	TRBV7-9	TRBJ2-7
CASSLEGYSNQPQHF	TRBV5-5	TRBJ1-5
CSGAPPYNEQFF	TRBV29-1	TRBJ2-1
CASSYLTSGRFGADTQYF	TRBV6-5	TRBJ2-3
CASRTGNYGYTF	TRBV25-1	TRBJ1-2
CASSLSPPTYEQYF	TRBV27	TRBJ2-7
CASSQRGNTEAFF	TRBV3-1	TRBJ1-1
CSALPLTNPPHGANVLTF	TRBV20-1	TRBJ2-6
CASSQVVGADNEQFF	TRBV4-1	TRBJ2-1
CASSLGDGELFF	TRBV7-9	TRBJ2-2
CASSTYGEGLGLTYNEQFF	TRBV5-5	TRBJ2-1
CATSRVSYTDTQYF	TRBV15	TRBJ2-3
CASSLVVQRAGGEQYF	TRBV7-2	TRBJ2-7
CASSNAGTGDGWDYGYTF	TRBV27	TRBJ1-2
CAWSETLNTEAFF	TRBV30	TRBJ1-1
CSVEGWGGFYEQYF	TRBV29-1	TRBJ2-7
CASSLETGAYQPQHF	TRBV7-6	TRBJ1-5
CASSADLYNEQFF	TRBV9	TRBJ2-1
CASSQDHGGSSYGYTF	TRBV3-1	TRBJ1-2
CASSYRTSGINTQYF	TRBV5-1	TRBJ2-3
CASSTGPEQFF	TRBV27	TRBJ2-1
CASTRTLFANEQFF	TRBV28	TRBJ2-1
CASSQIQGQGAYEQYF	TRBV4-1	TRBJ2-7
CASSPGTAPGDYGYTF	TRBV11-2	TRBJ1-2
CASSLAETGDGYTF	TRBV5-1	TRBJ1-2
CASSLWYGQSSYNEQFF	TRBV7-2	TRBJ2-1
CASGLVLSWGSRTSGRLDEQFF	TRBV12-5	TRBJ2-1
CASSVELEVYNEQFF	TRBV9	TRBJ2-1
CASSVATGTYEQYF	TRBV9	TRBJ2-7
CASSAGGGSYNEQFF	TRBV4-1	TRBJ2-1
CASSIGTNTEAFF	TRBV19	TRBJ1-1
CSVVGTINVQFF	TRBV29-1	TRBJ2-1
CASSLGGAGETQYF	TRBV7-2	TRBJ2-5
CASSGRTLSHYGYTF	TRBV6-3	TRBJ1-2
CASSLGSGELFF	TRBV12-3	TRBJ2-2
CSVRENHNEQFF	TRBV20-1	TRBJ2-1
CASSSSTGTLYGYTF	TRBV6-3	TRBJ1-2
CASSLGQGPSYEQYF	TRBV7-8	TRBJ2-7
CASSVDGRGGADTQYF	TRBV9	TRBJ2-3
CASSPQWTLYGYTF	TRBV18	TRBJ1-2
CASTPGDEQYF	TRBV25-1	TRBJ2-7
CASSPGGGVYGYTF	TRBV27	TRBJ1-2
CASSTGTGQPQHF	TRBV27	TRBJ1-5
CASSQVILGFGNEQFF	TRBV4-3	TRBJ2-1
CASSLAPRTVGMNTEAFF	TRBV5-1	TRBJ1-1
CASSPPRQGANTEAFF	TRBV4-1	TRBJ1-1
CASSWTGDNEQFF	TRBV6-2	TRBJ2-1
CASSLLFGGEGQETQYF	TRBV7-6	TRBJ2-5
CASSYRDTGELFF	TRBV6-2	TRBJ2-2
CASSPGLGWPQHF	TRBV18	TRBJ1-5
CASSLIEASGGFEQFF	TRBV7-8	TRBJ2-1
CASSASGGETDTQYF	TRBV9	TRBJ2-3
CSARDRDTEAFF	TRBV20-1	TRBJ1-1
CSVEGEFNYGYTF	TRBV29-1	TRBJ1-2
CSVGTGISNQPQHF	TRBV29-1	TRBJ1-5
CASSLFRSYEQYF	TRBV11-2	TRBJ2-7
CASSLVWAPRDYGYTF	TRBV12-4	TRBJ1-2
CASSPWEGGGELFF	TRBV7-9	TRBJ2-2
CASSGLLSGTDTQYF	TRBV27	TRBJ2-3
CASSWGTGEPEAFF	TRBV5-5	TRBJ1-1
CASSSELGRGNEQFF	TRBV7-9	TRBJ2-1
CASRLGGEQYF	TRBV19	TRBJ2-7
CASGLVLRGAYNEQFF	TRBV12-5	TRBJ2-1
CASSFTTNEKLFF	TRBV5-1	TRBJ1-4
CASSDISSGELFF	TRBV6-4	TRBJ2-2
CASSRGGIASGANVLTF	TRBV7-7	TRBJ2-6
CASSQASHQPQHF	TRBV4-1	TRBJ1-5
CASRWDRSNTGELFF	TRBV5-6	TRBJ2-2
CASSFGGEQFF	TRBV27	TRBJ2-1
CASSYGQGTGELFF	TRBV6-5	TRBJ2-2
CASSRRGSGSEQYF	TRBV11-1	TRBJ2-7
CASSPGTGNYNEQFF	TRBV5-5	TRBJ2-1
CASTAEGFHTDTQYF	TRBV2	TRBJ2-3
CASSLGQGDWGEQFF	TRBV5-1	TRBJ2-1
CASSLVPGIAEAFF	TRBV14	TRBJ1-1
CASSLPNEQFF	TRBV5-1	TRBJ2-1
CASSLNRDIQYF	TRBV7-8	TRBJ2-5
CASSPSWYNEQFF	TRBV2	TRBJ2-1
CSARGSGRMSSYNSPLHF	TRBV20-1	TRBJ1-6
CASSQFRTSLSYEQYF	TRBV3-1	TRBJ2-7
CASRLAGGRDEQFF	TRBV4-1	TRBJ2-1
CASRATGGETEAFF	TRBV27	TRBJ1-1
CASSFRGSGNTIYF	TRBV13	TRBJ1-3
CATSRVGQTPYGYTF	TRBV15	TRBJ1-2
CASSLSMGEKLFF	TRBV27	TRBJ1-4
CAISHTDRGPTYEQYF	TRBV10-3	TRBJ2-7
CASSYSAGRDNEQFF	TRBV6-5	TRBJ2-1
CASSRGGVGDTQYF	TRBV12-4	TRBJ2-3
CASSLVEGGLAGSYNEQFF	TRBV7-6	TRBJ2-1
CASSETGYGYTF	TRBV3-1	TRBJ1-2
CSVEDYGRVETQYF	TRBV29-1	TRBJ2-5
CASSQDWGDKTYEQYF	TRBV4-3	TRBJ2-7
CASTGTGNYEQYF	TRBV5-1	TRBJ2-7
CSGKRDTSWTDTQYF	TRBV29-1	TRBJ2-3
CASSFRDRPYEQYF	TRBV5-5	TRBJ2-7
CASSESSGGRNNEQFF	TRBV2	TRBJ2-1
CASTKGFSGGASLYEQYF	TRBV10-2	TRBJ2-7
CASSVAAGNTGELFF	TRBV9	TRBJ2-2
CASKADPNTEAFF	TRBV12-4	TRBJ1-1
CASSLAPGGNTEAFF	TRBV5-1	TRBJ1-1
CAWSVVRKGTEAFF	TRBV30	TRBJ1-1
CASSGGQEDYGYTF	TRBV13	TRBJ1-2
CASSLRSGAGVAQIPQYF	TRBV7-6	TRBJ2-3
CSARGLADFVDTQYF	TRBV20-1	TRBJ2-3
CATPGQEADTQYF	TRBV6-1	TRBJ2-3
CASNPRIRARTDTQYF	TRBV6-6	TRBJ2-3
CASSHPPRWDGYTF	TRBV7-9	TRBJ1-2
CASSFGPRAGTTGELFF	TRBV7-3	TRBJ2-2
CASSLVAGGRDEQFF	TRBV5-1	TRBJ2-1
CASSYTLTGLNTEAFF	TRBV12-3	TRBJ1-1
CASGFGANTWDTQYF	TRBV12-5	TRBJ2-3
CSARTGRESTYYGYTF	TRBV20-1	TRBJ1-2
CASSLTRRYTF	TRBV5-6	TRBJ1-2
CASSPITGTGAYGYTF	TRBV6-5	TRBJ1-2
CASREGGTSYEQYF	TRBV2	TRBJ2-7
CASSYISGGNQPQHF	TRBV6-3	TRBJ1-5
CASSLSGTGGANYGYTF	TRBV7-9	TRBJ1-2
CASSDRGGLYEQYF	TRBV6-1	TRBJ2-7
CASSQGAGELFF	TRBV12-4	TRBJ2-2
CASSLPGQGENTEAFF	TRBV2	TRBJ1-1
CASSIGMGDWAFF	TRBV7-9	TRBJ1-1
CASSSDAGFSAEKLFF	TRBV7-9	TRBJ1-4
CASSARDTSYEQYF	TRBV19	TRBJ2-7
CASRLSDYNSPLHF	TRBV13	TRBJ1-6
CASSQDLGQGIFYGYTF	TRBV4-1	TRBJ1-2
CASMDREGPDTQYF	TRBV5-1	TRBJ2-3
CASLDSSSRYNSPLHF	TRBV19	TRBJ1-6
CASSPWGREQFF	TRBV9	TRBJ2-1
CASSLSRQPQHF	TRBV13	TRBJ1-5
CASSLEFGQGASSYEQYF	TRBV7-9	TRBJ2-7
CASSDYGLAGEQFF	TRBV6-4	TRBJ2-1
CSARNTGELFF	TRBV20-1	TRBJ2-2
CSARSGTGELFF	TRBV20-1	TRBJ2-2
CSARGGGDLYEQYF	TRBV20-1	TRBJ2-7
CASSIGTSGNNEQFF	TRBV19	TRBJ2-1
CASPPRHKYLPGETQYF	TRBV27	TRBJ2-5
CASSIVAGAYNEQFF	TRBV19	TRBJ2-1
CASSSDGGLWDTEAFF	TRBV11-2	TRBJ1-1
CAISVAARGEQFF	TRBV10-3	TRBJ2-1
CASSSPDRQREETQYF	TRBV7-6	TRBJ2-5
CASSDLHEQYF	TRBV6-1	TRBJ2-7
CSASSLTSGGAPEQYF	TRBV20-1	TRBJ2-7
CASSLGDSGNQPQHF	TRBV7-2	TRBJ1-5
CASSLSKGLSSPLHF	TRBV27	TRBJ1-6
CATSDLPGQSNTGELFF	TRBV24-1	TRBJ2-2
CSARESGAGLAGIDTQYF	TRBV20-1	TRBJ2-3
CASRTGGNSPLHF	TRBV19	TRBJ1-6
CATSDSPEGGYTF	TRBV24-1	TRBJ1-2
CATSRDDGQGYQPQHF	TRBV15	TRBJ1-5
CASSLASVYGYTF	TRBV5-5	TRBJ1-2
CASSPRLMGTNTEAFF	TRBV6-5	TRBJ1-1
CATSRDVRSGGSYEQYF	TRBV15	TRBJ2-7
CASSPEGQTYNSPLHF	TRBV2	TRBJ1-6
CASSLARTEETQYF	TRBV5-1	TRBJ2-5
CASSQETQYF	TRBV3-1	TRBJ2-5
CASSLETSTSTDTQYF	TRBV5-1	TRBJ2-3
CASSLADRVYEQYF	TRBV12-4	TRBJ2-7
CASTKIDRTVNNEQFF	TRBV6-3	TRBJ2-1
CASMTGARGDYGYTF	TRBV19	TRBJ1-2
CASSLLNTGELFF	TRBV7-6	TRBJ2-2
CASRSRGAWETQYF	TRBV7-9	TRBJ2-5
CASSFDGSYNEQFF	TRBV5-4	TRBJ2-1
CASSSRTSGRFYEQYF	TRBV12-3	TRBJ2-7
CASSIGLAGGSLRPKSYEQYF	TRBV19	TRBJ2-7
CASSRLAGASTDTQYF	TRBV7-3	TRBJ2-3
CASSPGRPSYGYTF	TRBV18	TRBJ1-2
CSVTFETGHTQYF	TRBV29-1	TRBJ2-3
CASSPGRNTEAFF	TRBV4-3	TRBJ1-1
CASRGLQGANEQYF	TRBV10-2	TRBJ2-7
CASSLPWSNQPQHF	TRBV19	TRBJ1-5
CASSQGPGQGANYGYTF	TRBV4-1	TRBJ1-2
CASGLQHLREPRNEQFF	TRBV12-5	TRBJ2-1
CASSLALSHEQFF	TRBV7-9	TRBJ2-1
CASSPGTGDSLGELFF	TRBV7-9	TRBJ2-2
CASSRVQVTGTGVRTYGYTF	TRBV4-2	TRBJ1-2
CASSWGTGGTDTQYF	TRBV19	TRBJ2-3
CATSREGPNQPQHF	TRBV15	TRBJ1-5
CASSADTVYNEQFF	TRBV7-9	TRBJ2-1
CASSLRGQGFYEQFF	TRBV5-4	TRBJ2-1
CASSDLQCCDTEAFF	TRBV5-1	TRBJ1-1
CASSSTDADEQYF	TRBV7-8	TRBJ2-7
CASSLSPGGSYEQYF	TRBV27	TRBJ2-7
CAVGRGATEAFF	TRBV27	TRBJ1-1
CASSLGQGSNEQYF	TRBV5-1	TRBJ2-7
CASSPNGGLHEKLFF	TRBV27	TRBJ1-4
CASSLQTGATFNYGYTF	TRBV6-5	TRBJ1-2
CASSLVPGAYEQYF	TRBV12-4	TRBJ2-7
CASSLQDMNTEAFF	TRBV6-5	TRBJ1-1
CASGLSQGFTF	TRBV12-5	TRBJ1-2
CSVEDLRNYGYTF	TRBV29-1	TRBJ1-2
CASSVGAVTYNEQFF	TRBV9	TRBJ2-1
CASSTAWTSGSYEQFF	TRBV19	TRBJ2-1
CASSVEPTGGLRNSPLHF	TRBV9	TRBJ1-6
CASSLGSGARELFF	TRBV27	TRBJ2-2
CATSGVAEAFF	TRBV24-1	TRBJ1-1
CSALRNTQYF	TRBV20-1	TRBJ2-3
CASSQGLRYYGYTF	TRBV6-5	TRBJ1-2
CASSQVLNSAIYF	TRBV4-1	TRBJ1-3
CASSLPTEQETQYF	TRBV7-9	TRBJ2-5
CATSPRTHGNEQFF	TRBV24-1	TRBJ2-1
CSARDRGWDEQFF	TRBV20-1	TRBJ2-1
CSVEGEGGSYEQYF	TRBV29-1	TRBJ2-7
CASSLVLADNEQFF	TRBV27	TRBJ2-1
CASSLQTGVRSYEQYF	TRBV6-5	TRBJ2-7
CSATPARASNTEAFF	TRBV20-1	TRBJ1-1
CASSYSLRYTEAFF	TRBV6-2	TRBJ1-1
CASTVQGGNEQFF	TRBV5-8	TRBJ2-1
CASSPSPDTYEQYF	TRBV5-8	TRBJ2-7
CASSSRGYNEQFF	TRBV7-6	TRBJ2-1
CASSPNKLMNTEAFF	TRBV28	TRBJ1-1
CASIGEGTYNDYGYTF	TRBV25-1	TRBJ1-2
CASSTGTAYGYTF	TRBV12-3	TRBJ1-2
CASSPRQGTGELFF	TRBV7-8	TRBJ2-2
CASSSPTGGQDKNIQYF	TRBV28	TRBJ2-4
CASSRAGTGGSETQYF	TRBV7-9	TRBJ2-5
CASSDKGADTQYF	TRBV27	TRBJ2-3
CASSQEEGGSPEAFF	TRBV3-1	TRBJ1-1
CSVELRNEQFF	TRBV29-1	TRBJ2-1
CAWSSYGVSNQPQHF	TRBV30	TRBJ1-5
CASSHSTGSSTEAFF	TRBV7-8	TRBJ1-1
CASSFRDSTGELFF	TRBV27	TRBJ2-2
CASRGGGELFF	TRBV9	TRBJ2-2
CSARGVEGYEQYF	TRBV20-1	TRBJ2-7
CASTLGANTGELFF	TRBV19	TRBJ2-2
CASSLEGGGSTDTQYF	TRBV7-8	TRBJ2-3
CASSLLTGQGSGTQYF	TRBV27	TRBJ2-3
CASSQDRVDGRPRTEAFF	TRBV3-1	TRBJ1-1
CASSQGYNEQFF	TRBV4-3	TRBJ2-1
CASSQGRGEQFF	TRBV4-1	TRBJ2-1
CATSDRGFSTGELFF	TRBV24-1	TRBJ2-2
CASSLTPGGETQYF	TRBV7-8	TRBJ2-5
CSAEVTGGVDEQFF	TRBV20-1	TRBJ2-1
CASSESADNSPLHF	TRBV2	TRBJ1-6
CASSQERGPYNEQFF	TRBV4-1	TRBJ2-1
CATSDGNTIYF	TRBV24-1	TRBJ1-3
CASSQSSGYGYTF	TRBV16	TRBJ1-2
CASSQSAGPRSYEQYF	TRBV3-1	TRBJ2-7
CASSTPWGGTSGATDTQYF	TRBV7-2	TRBJ2-3
CAISESPMSGGEKETQYF	TRBV10-3	TRBJ2-5
CASSEAAENQPQHF	TRBV2	TRBJ1-5
CASSQEGIGRVEAFF	TRBV3-1	TRBJ1-1
CASSQGHGQGAFSNSPLHF	TRBV4-3	TRBJ1-6
CASSQAGDNEQFF	TRBV4-1	TRBJ2-1
CASTVGIPLGTDTQYF	TRBV6-1	TRBJ2-3
CATSDGTPDSDPYEQYF	TRBV24-1	TRBJ2-7
CASSFTSGSTDTQYF	TRBV7-9	TRBJ2-3
CASSQDRSGGGYEQYF	TRBV3-1	TRBJ2-7
CSVDLRGPGHGYTF	TRBV29-1	TRBJ1-2
CASSLAGDIQYF	TRBV7-6	TRBJ2-4
CATEGDSADTQYF	TRBV19	TRBJ2-3
CASSQETSTYEQYF	TRBV4-3	TRBJ2-7
CSARDLTGPNYGYTF	TRBV20-1	TRBJ1-2
CSAIWEEKGENTEAFF	TRBV20-1	TRBJ1-1
CASSLGYQGEGETQYF	TRBV5-1	TRBJ2-5
CASSIDLGVGNEQFF	TRBV19	TRBJ2-1
CAIRTSGVETQYF	TRBV10-3	TRBJ2-5
CASSLQGAPEAFF	TRBV5-5	TRBJ1-1
CASSTPRQGSNTGELFF	TRBV2	TRBJ2-2
CASSLGTSGSYEQYF	TRBV4-1	TRBJ2-7
CASSSGTRRTDTQYF	TRBV27	TRBJ2-3
CASSIQTSGSYEQYF	TRBV4-3	TRBJ2-7
CASSPYLDIAGYEQYF	TRBV27	TRBJ2-7
CASSLGGQNSPLHF	TRBV27	TRBJ1-6
CASTSGDEQFF	TRBV25-1	TRBJ2-1
CASSMTGGPNQPQHF	TRBV19	TRBJ1-5
CASSPRVGETQYF	TRBV11-2	TRBJ2-5
CATRGGTGGDEQYF	TRBV5-1	TRBJ2-7
CSAKTPNYGYTF	TRBV20-1	TRBJ1-2
CSAEDRDTGELFF	TRBV20-1	TRBJ2-2
CASSIGVAGEKLFF	TRBV19	TRBJ1-4
CASSDLAGAGYNEQFF	TRBV6-4	TRBJ2-1
CASSFSGEQYF	TRBV28	TRBJ2-7
CASRRDFEGNTIYF	TRBV6-5	TRBJ1-3
CASSHGQGDQPQHF	TRBV27	TRBJ1-5
CATSDRTSATEAFF	TRBV24-1	TRBJ1-1
CASSLGETQYF	TRBV27	TRBJ2-5
CASSFVGQGGTEAFF	TRBV28	TRBJ1-1
CSVEGSGGFQETQYF	TRBV29-1	TRBJ2-5
CASSIFDVGDNEQFF	TRBV19	TRBJ2-1
CANSLAPGATNEKLFF	TRBV7-6	TRBJ1-4
CASSDNAADYTF	TRBV7-6	TRBJ1-2
CASRDGGQIDESQYF	TRBV25-1	TRBJ2-5
CSARVPSYNEQFF	TRBV20-1	TRBJ2-1
CASSPLNRDGYTF	TRBV7-9	TRBJ1-2
CASGSPLGTGNTEAFF	TRBV27	TRBJ1-1
CASSDREGSNQPQHF	TRBV6-4	TRBJ1-5
CASSFVNQPQHF	TRBV27	TRBJ1-5
CASSLLGYEQYF	TRBV7-2	TRBJ2-7
CASSLESSYNEQFF	TRBV19	TRBJ2-1
CASNEDPGLAGDNEQFF	TRBV18	TRBJ2-1
CASSSSGQGGTEAFF	TRBV13	TRBJ1-1
CASSYGTSRYNEQFF	TRBV19	TRBJ2-1
CASSGANTGELFF	TRBV5-6	TRBJ2-2
CASGYSAGYNSPLHF	TRBV19	TRBJ1-6
CASSQTQLWEIQYF	TRBV7-2	TRBJ2-5
CASSPRDTGANVLTF	TRBV13	TRBJ2-6
CSARDPSGLAGGLAETQYF	TRBV20-1	TRBJ2-5
CASSSDLNTEAFF	TRBV27	TRBJ1-1
CASSLEAGGQPQHF	TRBV7-3	TRBJ1-5
CASSWTQGSEQYF	TRBV5-6	TRBJ2-7
CASSLLNTEAFF	TRBV11-2	TRBJ1-1
CSASPTSGASPNEQFF	TRBV20-1	TRBJ2-1
CASSQEYPGQETQYF	TRBV14	TRBJ2-5
CASSLGGYRGYTF	TRBV11-2	TRBJ1-2
CASSLRGGKPQHF	TRBV5-5	TRBJ1-5
CASSPLGGREAFF	TRBV14	TRBJ1-1
CASSVAPGPNEQFF	TRBV9	TRBJ2-1
CASSIVHTYGSPLHF	TRBV19	TRBJ1-6
CASSLAPGQGPETQYF	TRBV27	TRBJ2-5
CASSLERGWETQYF	TRBV7-8	TRBJ2-5
CASSDKARGGYTF	TRBV2	TRBJ1-2
CASSDPFHNEQFF	TRBV2	TRBJ2-1
CSARDPLAGGANVLTF	TRBV20-1	TRBJ2-6
CASSLLWGELFF	TRBV27	TRBJ2-2
CAGGWGDEQFF	TRBV19	TRBJ2-1
CASKPRARQGSSYEQYF	TRBV10-3	TRBJ2-7
CASTLTGGTSGSSYEQYF	TRBV13	TRBJ2-7
CASSTSGQGQAFF	TRBV19	TRBJ1-1
CASSSLSGGRAFGELFF	TRBV19	TRBJ2-2
CASSAGAPEFNGYTF	TRBV27	TRBJ1-2
CATSEGDRVGEIRTDTQYF	TRBV24-1	TRBJ2-3
CSVGPGRPGYTF	TRBV29-1	TRBJ1-2
CASSLASGGQETQYF	TRBV12-3	TRBJ2-5
CATSRVADQFEQYF	TRBV15	TRBJ2-7
CASNQPGQGGFRLFF	TRBV6-1	TRBJ1-4
CASSKDIGGNYGYTF	TRBV2	TRBJ1-2
CASRAGHGSPGDTQYF	TRBV27	TRBJ2-3
CSASLLSYNEQFF	TRBV20-1	TRBJ2-1
CASSRPGRANEKLFF	TRBV13	TRBJ1-4
CASSYSNLEGEENTIYF	TRBV6-5	TRBJ1-3
CASSEQYNEQFF	TRBV19	TRBJ2-1
CASSQKRVNEQFF	TRBV4-1	TRBJ2-1
CASSGGQGPSEAFF	TRBV12-3	TRBJ1-1
CASSTRDRAPTGELFF	TRBV12-4	TRBJ2-2
CATSRSTGGLNQPQHF	TRBV15	TRBJ1-5
CATMEPGQGPDTQYF	TRBV27	TRBJ2-3
CASTPGQGAGELFF	TRBV19	TRBJ2-2
CASRDLSQTSTDTQYF	TRBV11-2	TRBJ2-3
CASRVSGSLSYNEQFF	TRBV27	TRBJ2-1
CASFGQHQDTQYF	TRBV11-3	TRBJ2-3
CASSSRLAGKGNEQFF	TRBV6-2	TRBJ2-1
CASSLTGENYEQYF	TRBV5-1	TRBJ2-7
CASSWSSNTEAFF	TRBV19	TRBJ1-1
CASSPSYNEQFF	TRBV27	TRBJ2-1
CAWSVGQVNEKLFF	TRBV30	TRBJ1-4
CASSLGFGGPTDTQYF	TRBV7-3	TRBJ2-3
CASSIGRGMDYEQYF	TRBV19	TRBJ2-7
CASNGQGARDGYTF	TRBV6-6	TRBJ1-2
CASSYSMGVDYGYTF	TRBV6-6	TRBJ1-2
CASSQEKGPGNQPQHF	TRBV4-1	TRBJ1-5
CASSLYTGELFF	TRBV7-3	TRBJ2-2
CASSMSVGFSNQPQHF	TRBV19	TRBJ1-5
CASSAGTAARTQYF	TRBV9	TRBJ2-5
CASSLGGPPVNEQFF	TRBV7-9	TRBJ2-1
CASSLAQASTDTQYF	TRBV7-9	TRBJ2-3
CASRYGDGVLGYGYTF	TRBV19	TRBJ1-2
CSDPSCRRKSGANVLTF	TRBV29-1	TRBJ2-6
CASSATGTSGGDLGELFF	TRBV9	TRBJ2-2
CASSSLGGKNYGYTF	TRBV7-9	TRBJ1-2
CASSFNVGDTGELFF	TRBV5-4	TRBJ2-2
CASSGGQIDTQYF	TRBV11-2	TRBJ2-3
CASLLGTGGYEQYF	TRBV6-1	TRBJ2-7
CSATDVTKGQLISGYTF	TRBV20-1	TRBJ1-2
CASSIDPGRVNSYEQYF	TRBV19	TRBJ2-7
CASSQVFGSSNTGELFF	TRBV14	TRBJ2-2
CASSPGTGVDPQHF	TRBV19	TRBJ1-5
CASSLAAGGAYGYTF	TRBV12-4	TRBJ1-2
CSARDPDVPGGNEQFF	TRBV20-1	TRBJ2-1
CASSSRQPNQETQYF	TRBV27	TRBJ2-5
CASWASLGGGGEAFF	TRBV2	TRBJ1-1
CASSPTSGANLNEQFF	TRBV3-1	TRBJ2-1
CASSQTVPGSGRYNEQFF	TRBV4-1	TRBJ2-1
CAERRQITNTGELFF	TRBV7-9	TRBJ2-2
CASSRTGPGETQYF	TRBV5-1	TRBJ2-5
CATSPGLAGAFQETQYF	TRBV24-1	TRBJ2-5
CASSGGTGSTDTQYF	TRBV5-1	TRBJ2-3
CATSSWTGGFDEQFF	TRBV15	TRBJ2-1
CASSHGGGMGQPQHF	TRBV12-4	TRBJ1-5
CASRAGTNQPQHF	TRBV12-4	TRBJ1-5
CASSYNDGLTDTQYF	TRBV6-5	TRBJ2-3
CASSSHDLAGVKSEQFF	TRBV7-9	TRBJ2-1
CASRFAGGNEKLFF	TRBV7-9	TRBJ1-4
CASSLEGPGSSGNTIYF	TRBV5-1	TRBJ1-3
CASSLSPSTVNTGELFF	TRBV27	TRBJ2-2
CASSLWSDSNQPQHF	TRBV7-6	TRBJ1-5
CASSLAQQGLAEAFF	TRBV7-6	TRBJ1-1
CASSIVGAGNQPQHF	TRBV19	TRBJ1-5
CASSEEAGGYNEQFF	TRBV6-1	TRBJ2-1
CASSVVPMGTAGNTEAFF	TRBV9	TRBJ1-1
CASSLSPRRTQDGGASYEQYF	TRBV5-1	TRBJ2-7
CASDSGEYQETQYF	TRBV28	TRBJ2-5
CASSTRDRAYNEQFF	TRBV7-8	TRBJ2-1
CASSLEPPGTEAFF	TRBV5-6	TRBJ1-1
CASSQSGGDVGELFF	TRBV7-9	TRBJ2-2
CASSSGSSYEQYF	TRBV2	TRBJ2-7
CSAQKGADFSYEQYF	TRBV20-1	TRBJ2-7
CASSQEGQLNQPQHF	TRBV4-2	TRBJ1-5
CSARDRRQGVGYEQYF	TRBV20-1	TRBJ2-7
CSVRGPKGATNYGYTF	TRBV29-1	TRBJ1-2
CASSLAERSYEQYF	TRBV7-9	TRBJ2-7
CASSEGPDTEAFF	TRBV6-1	TRBJ1-1
CASSAAGASSGNTIYF	TRBV9	TRBJ1-3
CASSKADRGAEAFF	TRBV5-4	TRBJ1-1
CASSPGTGTYGYTF	TRBV10-2	TRBJ1-2
CASSIYKSSYNEQFF	TRBV19	TRBJ2-1
CASSLGEMNTEAFF	TRBV5-4	TRBJ1-1
CAWSEVHEQFF	TRBV30	TRBJ2-1
CASNAFDYEQYF	TRBV5-1	TRBJ2-7
CASSFALVSGELFF	TRBV28	TRBJ2-2
CASSMRAAETQYF	TRBV19	TRBJ2-5
CASSLARTDKETQYF	TRBV5-6	TRBJ2-5
CASSYFLPGQRKTYSPLHF	TRBV6-5	TRBJ1-6
CASSLGRGYTF	TRBV5-1	TRBJ1-2
CASSSKREALGEQFF	TRBV6-3	TRBJ2-1
CASSFGPRYEQYF	TRBV27	TRBJ2-7
CASSESRWTEQETQYF	TRBV10-2	TRBJ2-5
CAGSKQSGTGYYGYTF	TRBV6-5	TRBJ1-2
CASSQVFQGASGELFF	TRBV4-2	TRBJ2-2
CASSRPGTEAFF	TRBV4-1	TRBJ1-1
CASSTQSGTASGELFF	TRBV19	TRBJ2-2
CASSPLGSSTDTQYF	TRBV7-3	TRBJ2-3
CASSPGRPVETYNEQFF	TRBV18	TRBJ2-1
CASTPWREYPLEQYF	TRBV6-5	TRBJ2-7
CSARDTRQLSSYNSPLHF	TRBV20-1	TRBJ1-6
CASSTGLLTDTQYF	TRBV5-4	TRBJ2-3
CASSNLPGTVEAFF	TRBV6-2	TRBJ1-1
CASSPPAGGNTEAFF	TRBV7-9	TRBJ1-1
CASSPLVEGNYGYTF	TRBV11-2	TRBJ1-2
CASSQDWAAEAFF	TRBV4-1	TRBJ1-1
CASSLAATYNEQFF	TRBV12-3	TRBJ2-1
CASSITGQGSTGELFF	TRBV19	TRBJ2-2
CAISEGTSGLETQYF	TRBV10-3	TRBJ2-5
CASSFGSGYEKLFF	TRBV6-5	TRBJ1-4
CASSIGDYGYTF	TRBV19	TRBJ1-2
CASSFRGSGELFF	TRBV27	TRBJ2-2
CAWSTETGPGELFF	TRBV30	TRBJ2-2
CASSVDRLGYGYTF	TRBV9	TRBJ1-2
CASSPWTTLHPYESSYEQYF	TRBV28	TRBJ2-7
CASSTRPGLKSSYNEQFF	TRBV5-6	TRBJ2-1
CASSPAGFEETQYF	TRBV18	TRBJ2-5
CASSQEPPTASGANVLTF	TRBV4-2	TRBJ2-6
CASSPSGVSYEQYF	TRBV7-7	TRBJ2-7
CASSYRTRETQYF	TRBV6-5	TRBJ2-5
CASSWGGNTQYF	TRBV5-4	TRBJ2-3
CASSLVGGRNGYTF	TRBV12-4	TRBJ1-2
CASSSSLFGRITSYEQYF	TRBV6-5	TRBJ2-7
CASSTNRDRGEKLFF	TRBV28	TRBJ1-4
CASSISGLANYEQYF	TRBV19	TRBJ2-7
CSANPTPSYEQYF	TRBV20-1	TRBJ2-7
CASSQDPQGAVNTEAFF	TRBV4-1	TRBJ1-1
CASSLTRAGGGYTF	TRBV4-1	TRBJ1-2
CASRVRGGTGANVLTF	TRBV13	TRBJ2-6
CASSLPGQGLETQYF	TRBV5-6	TRBJ2-5
CSARERPSSYNSPLHF	TRBV20-1	TRBJ1-6
CASSPNRDINLDTQYF	TRBV18	TRBJ2-3
CASEGRGSSGNTIYF	TRBV6-6	TRBJ1-3
CASSLSEGWIYEQFF	TRBV27	TRBJ2-1
CASSLGDRGQGGELFF	TRBV12-4	TRBJ2-2
CASSLGQQPGPGNTIYF	TRBV13	TRBJ1-3
CASSTWDSQETQYF	TRBV7-9	TRBJ2-5
CASSQDWTEQYF	TRBV3-1	TRBJ2-7
CASSSRPADTQYF	TRBV13	TRBJ2-3
CASSQVASDEQFF	TRBV4-3	TRBJ2-1
CASSLDRLELQETQYF	TRBV7-8	TRBJ2-5
CASSALQGWMTEAFF	TRBV7-8	TRBJ1-1
CSVVRGAYEQYF	TRBV29-1	TRBJ2-7
CASSLVDGNTEAFF	TRBV5-8	TRBJ1-1
CASSLEGGRFQPQHF	TRBV27	TRBJ1-5
CASSLAESSYNEQFF	TRBV5-1	TRBJ2-1
CASSLTSNTEAFF	TRBV5-8	TRBJ1-1
CASSQEKGTAVPNSPLHF	TRBV4-1	TRBJ1-6
CASSLGPNNYYGYTF	TRBV27	TRBJ1-2
CSATDFPNSYEQYF	TRBV20-1	TRBJ2-7
CASSPGQDTDTQYF	TRBV7-8	TRBJ2-3
CSAGSDLAGVVTDTQYF	TRBV20-1	TRBJ2-3
CASSIGNYNEQFF	TRBV19	TRBJ2-1
CASTLGSGNSPLHF	TRBV12-4	TRBJ1-6
CTSSPRDRGNTGELFF	TRBV7-2	TRBJ2-2
CASRHSNQPQHF	TRBV19	TRBJ1-5
CASSVRGQGNYGYTF	TRBV5-4	TRBJ1-2
CASRTGDYRRAGELFF	TRBV6-6	TRBJ2-2
CASSGDRGTEAFF	TRBV18	TRBJ1-1
CASSPTVEYEQYF	TRBV6-6	TRBJ2-7
CATSTYPTGEILVNQPQHF	TRBV15	TRBJ1-5
CASSSAAFVNIQYF	TRBV12-4	TRBJ2-4
CASRPFSGSPYEQYF	TRBV27	TRBJ2-7
CASSSAYYDYTF	TRBV12-3	TRBJ1-2
CASSDSLGDRGSYEQYF	TRBV7-9	TRBJ2-7
CASSLTTSYGYTF	TRBV5-6	TRBJ1-2
CASRLAGVGEQYF	TRBV28	TRBJ2-7
CASRIRGVPDTQYF	TRBV12-4	TRBJ2-3
CASSATQGSEQYF	TRBV5-6	TRBJ2-7
CASSSSGGAYNEQFF	TRBV7-3	TRBJ2-1
CASSSLWPELFF	TRBV5-6	TRBJ2-2
CASSLTTGGMVNEQFF	TRBV28	TRBJ2-1
CASSLDYPYNEQFF	TRBV5-1	TRBJ2-1
CASSLAPGGYEQYF	TRBV5-1	TRBJ2-7
CASSFATEAFF	TRBV12-4	TRBJ1-1
CAWRPEPGQEEFNAYF	TRBV30	TRBJ2-7
CASGQGTDTQYF	TRBV27	TRBJ2-3
CASRLGGVNTEAFF	TRBV6-5	TRBJ1-1
CASSLNRAGELFF	TRBV10-1	TRBJ2-2
CASSFAGDRGLGSYGYTF	TRBV11-2	TRBJ1-2
CASGGRNYNEQFF	TRBV9	TRBJ2-1
CASSLYRGWYEQYF	TRBV12-4	TRBJ2-7
CASSFSRARRETQYF	TRBV5-1	TRBJ2-5
CASSFWDNEQFF	TRBV11-2	TRBJ2-1
CASSSHDKQGARSPLHF	TRBV7-9	TRBJ1-6
CASSPPTGTDHRSPLHF	TRBV7-8	TRBJ1-6
CASSPIGLSSYEQYF	TRBV3-1	TRBJ2-7
CASRTGVANEQFF	TRBV5-6	TRBJ2-1
CASRGSDRGLQGPQHF	TRBV27	TRBJ1-5
CASSPGTAPNEKLFF	TRBV28	TRBJ1-4
CASSYWVGYNEQFF	TRBV6-3	TRBJ2-1
CASSNIQGAPNIQYF	TRBV19	TRBJ2-4
CASSTHDRDGGGSAQHF	TRBV7-9	TRBJ1-5
CANSQAGMAEQFF	TRBV3-1	TRBJ2-1
CASSYSTGIGGGYTF	TRBV6-1	TRBJ1-2
CASSLGVTRYNEQFF	TRBV11-2	TRBJ2-1
CASSPTVTYNEQFF	TRBV5-8	TRBJ2-1
CASSLWTGLNNEQFF	TRBV5-6	TRBJ2-1
CASGLWESYEQYF	TRBV12-5	TRBJ2-7
CASSQKNNEQFF	TRBV4-3	TRBJ2-1
CASSLSGQGSGELFF	TRBV7-9	TRBJ2-2
CASSPNPQWEQYF	TRBV10-2	TRBJ2-7
CASTSDGTSYTDTQYF	TRBV9	TRBJ2-3
CASSLPLTDTQYF	TRBV7-9	TRBJ2-3
CASRGQGASGYTF	TRBV6-5	TRBJ1-2
CASSLGDTWYGYTF	TRBV5-6	TRBJ1-2
CASSLVAGQIITDTQYF	TRBV5-6	TRBJ2-3
CSVGGASNTEAFF	TRBV29-1	TRBJ1-1
CASSYVGLGSPLHF	TRBV6-5	TRBJ1-6
CASSSGTSGSGSYNEQFF	TRBV5-4	TRBJ2-1
CASSVTSSRGGTDTQYF	TRBV9	TRBJ2-3
CATSSEQHQYF	TRBV15	TRBJ2-7
CASRGQGVLDTQYF	TRBV5-1	TRBJ2-3
CASGLYGNGPGADTQYF	TRBV12-5	TRBJ2-3
CATSDSAGYNEQFF	TRBV24-1	TRBJ2-1
CASSFGQGAYEQYF	TRBV12-3	TRBJ2-7
CASSLAPTGGPYNEQFF	TRBV7-6	TRBJ2-1
CASSLTGESYEQYF	TRBV13	TRBJ2-7
CASSQFTRLASTDTQYF	TRBV4-1	TRBJ2-3
CASSEGLEIRMRSSYEQYF	TRBV2	TRBJ2-7
CASSSTGLGSYNEQFF	TRBV5-6	TRBJ2-1
CASSLGYGGAGETQYF	TRBV5-1	TRBJ2-5
CASSLLGAVPEAFF	TRBV27	TRBJ1-1
CASSYTLASYEQYF	TRBV6-6	TRBJ2-7
CATSDWDTGELFF	TRBV24-1	TRBJ2-2
CASTLGFLNEQFF	TRBV11-2	TRBJ2-1
CASSLPVEGTETQYF	TRBV3-1	TRBJ2-5
CSARSLDTQYF	TRBV20-1	TRBJ2-3
CASSSPGSTEAFF	TRBV7-9	TRBJ1-1
CASSVDGASYNEQFF	TRBV9	TRBJ2-1
CASSHEGSGSYTF	TRBV4-2	TRBJ1-2
CASSLHETGMNTEAFF	TRBV4-3	TRBJ1-1
CASSEEAGEYNEQFF	TRBV6-1	TRBJ2-1
CASSQAGAVYGYTF	TRBV4-1	TRBJ1-2
CASSGLLVDTQYF	TRBV5-5	TRBJ2-3
CASSANPGDSSNEKLFF	TRBV9	TRBJ1-4
CASSEEGVAGVFNEQFF	TRBV6-1	TRBJ2-1
CASSFSLAGGPSTDTQYF	TRBV11-2	TRBJ2-3
CASANSVNEQFF	TRBV5-1	TRBJ2-1
CASSQGAGQPQHF	TRBV6-6	TRBJ1-5
CAWVLGPAGDTQYF	TRBV30	TRBJ2-3
CASSRGQGLSNEKLFF	TRBV4-2	TRBJ1-4
CASSVDRWANSPLHF	TRBV5-5	TRBJ1-6
CASSLLGDTGRTEAFF	TRBV7-8	TRBJ1-1
CAISESDRTYGYTF	TRBV10-3	TRBJ1-2
CASSPSADQETQYF	TRBV18	TRBJ2-5
CASSLSRGDYGYTF	TRBV28	TRBJ1-2
CATSDGGGDEQFF	TRBV24-1	TRBJ2-1
CASSVEDRGVAEAFF	TRBV9	TRBJ1-1
CAWSLRDAGELFF	TRBV30	TRBJ2-2
CASSLMLFGGYPMNTEAFF	TRBV5-4	TRBJ1-1
CASTTSTAPNEKLFF	TRBV28	TRBJ1-4
CASSYGTGQPQHF	TRBV6-3	TRBJ1-5
CSAREAASGYEQYF	TRBV20-1	TRBJ2-7
CASSLPGTFGEGGELFF	TRBV27	TRBJ2-2
CASSPNGVSVEKLFF	TRBV9	TRBJ1-4
CASTSANTGELFF	TRBV6-4	TRBJ2-2
CASSLGPASYEQYF	TRBV27	TRBJ2-7
CASINVVGQGSETQYF	TRBV5-6	TRBJ2-5
CASSLGQIEQYF	TRBV5-5	TRBJ2-7
CASSLDLSGGITDTQYF	TRBV7-3	TRBJ2-3
CASSQLGAWETQYF	TRBV27	TRBJ2-5
CASSRDDAGGGYGYTF	TRBV7-8	TRBJ1-2
CSGIDKPVTDTQYF	TRBV29-1	TRBJ2-3
CSARDVTGGGYTF	TRBV20-1	TRBJ1-2
CSARDTREGLNEQFF	TRBV20-1	TRBJ2-1
CASSQTGGSYGYTF	TRBV4-1	TRBJ1-2
CATQTAQGTEQTQYF	TRBV11-2	TRBJ2-5
CASSLALDEAFF	TRBV12-3	TRBJ1-1
CASTDRVETEAFF	TRBV12-4	TRBJ1-1
CASSLESGHYEQYF	TRBV7-2	TRBJ2-7
CSASIQGRAGELFF	TRBV29-1	TRBJ2-2
CASSLRRGLWSYEQYF	TRBV7-8	TRBJ2-7
CASSLAGGGNTGELFF	TRBV7-6	TRBJ2-2
CASSAGDEQYF	TRBV25-1	TRBJ2-7
CASSISPGSYGYTF	TRBV19	TRBJ1-2
CASSLGGGNTEAFF	TRBV7-6	TRBJ1-1
CASSPGGAEAFF	TRBV5-4	TRBJ1-1
CASSLATGPGGVRNTEAFF	TRBV7-2	TRBJ1-1
CASSSPSSEAFF	TRBV27	TRBJ1-1
CASRETGSYEQYF	TRBV6-5	TRBJ2-7
CSADPGQGLGYGYTF	TRBV20-1	TRBJ1-2
CASGRGTGTRGRNEQFF	TRBV4-3	TRBJ2-1
CASSQGVAGAFDEQFF	TRBV4-3	TRBJ2-1
CASSLAGAYEQFF	TRBV7-6	TRBJ2-1
CASRSGWNTEAFF	TRBV10-2	TRBJ1-1
CASSTPYGETEAFF	TRBV19	TRBJ1-1
CASSQGDWAFREKLFF	TRBV4-1	TRBJ1-4
CATSRGSGQYQETQYF	TRBV15	TRBJ2-5
CSAKRDRGVSYEQYF	TRBV20-1	TRBJ2-7
CSGNPGTSAATQYF	TRBV29-1	TRBJ2-3
CATSDFRDSSNEQFF	TRBV24-1	TRBJ2-1
CAWSYTDEAFF	TRBV30	TRBJ1-1
CASKPRDSGDTQYF	TRBV28	TRBJ2-3
CSVRDSQNTEAFF	TRBV29-1	TRBJ1-1
CASSLPGQGDEQYF	TRBV13	TRBJ2-7
CASSQTGTGDYGYTF	TRBV3-1	TRBJ1-2
CASSQDLGGTYRGNEQFF	TRBV4-3	TRBJ2-1
CASSLWGLAGGMGRTQYF	TRBV28	TRBJ2-5
CSAGLAGVAISTDTQYF	TRBV20-1	TRBJ2-3
CATSFRGQGGETQYF	TRBV15	TRBJ2-5
CASSLVGGAETQYF	TRBV11-2	TRBJ2-5
CSVEPLWSPEAFF	TRBV29-1	TRBJ1-1
CSVPGSANTEAFF	TRBV29-1	TRBJ1-1
CAGSVGASGYEQYF	TRBV2	TRBJ2-7
CASSYSGTGARETQYF	TRBV11-3	TRBJ2-5
CASSLQMSDQPQHF	TRBV12-3	TRBJ1-5
CASRWAGGEQFF	TRBV27	TRBJ2-1
CASRVGNTEAFF	TRBV4-1	TRBJ1-1
CASRTGDNEQYF	TRBV27	TRBJ2-7
CASTGGGALGTEAFF	TRBV14	TRBJ1-1
CASSPDGLSGNTIYF	TRBV5-1	TRBJ1-3
CASSLILTDGTDTQYF	TRBV12-3	TRBJ2-3
CASSSGLAGEQFF	TRBV19	TRBJ2-1
CASSLGGGLAGSGEQYF	TRBV7-9	TRBJ2-7
CASSYDSGSSYEQYF	TRBV6-5	TRBJ2-7
CASSLRGPNVLTF	TRBV12-3	TRBJ2-6
CASSQIPDRDYGYTF	TRBV4-1	TRBJ1-2
CASSLSGGGSYEQYF	TRBV7-3	TRBJ2-7
CASSLDPVIGYEQYF	TRBV7-8	TRBJ2-7
CASSEVNEQFF	TRBV25-1	TRBJ2-1
CAISDAGLATGELFF	TRBV10-3	TRBJ2-2
CASQGINNEQFF	TRBV5-4	TRBJ2-1
CASSLVGSGSHEQYF	TRBV5-1	TRBJ2-7
CASSLGSYSNQPQHF	TRBV5-1	TRBJ1-5
CASSFRQGHTF	TRBV12-3	TRBJ1-2
CSARDLSSTDTQYF	TRBV20-1	TRBJ2-3
CATSREGGWGDTDTQYF	TRBV15	TRBJ2-3
CASSQGDFLITDTQYF	TRBV7-3	TRBJ2-3
CASSHSGGTDTQYF	TRBV12-4	TRBJ2-3
CASSQRQGAEGETQYF	TRBV5-1	TRBJ2-5
CASSPPFGGRVLTDTQYF	TRBV19	TRBJ2-3
CASSQDPGGSGANVLTF	TRBV4-1	TRBJ2-6
CASSGFSSSGNTIYF	TRBV19	TRBJ1-3
CASSLQTGYSEDEQYF	TRBV5-1	TRBJ2-7
CASSSGTEVPEQYF	TRBV7-9	TRBJ2-7
CASSLVGVGLSDEQFF	TRBV7-9	TRBJ2-1
CASTTGQKNTEAFF	TRBV6-1	TRBJ1-1
CASSQVEGGLNEQYF	TRBV4-1	TRBJ2-7
CASSVYRDGQSPLHF	TRBV5-4	TRBJ1-6
CASRVLPRLAETPLSTDTQYF	TRBV12-3	TRBJ2-3
CASSPLGQNTEAFF	TRBV12-3	TRBJ1-1
CASSLHDRGSRTEAFF	TRBV6-4	TRBJ1-1
CASEPGPVLNGYTF	TRBV7-9	TRBJ1-2
CSVHTGHEQFF	TRBV29-1	TRBJ2-1
CASSVGQGSQPQHF	TRBV9	TRBJ1-5
CASKGASGATATDTQYF	TRBV5-1	TRBJ2-3
CASSDRETYEQYF	TRBV6-2	TRBJ2-7
CASVVRGAYNEQFF	TRBV7-9	TRBJ2-1
CASSPPGRGENEQFF	TRBV9	TRBJ2-1
CASSPPGTAGSEQYF	TRBV7-9	TRBJ2-7
CSVTGIQPEAFF	TRBV29-1	TRBJ1-1
CASSPGTTYNEQFF	TRBV19	TRBJ2-1
CASSSGTSYNEQFF	TRBV27	TRBJ2-1
CASSQYVFQGSYGYTF	TRBV4-3	TRBJ1-2
CASSATGQWSGQPQHF	TRBV9	TRBJ1-5
CASSPISNEQYF	TRBV28	TRBJ2-7
CATSEKGAGDGNGYTF	TRBV24-1	TRBJ1-2
CASSQEGWETQYF	TRBV4-3	TRBJ2-5
CASSPAGFYGYTF	TRBV12-3	TRBJ1-2
CASSLPSGRAYEQYF	TRBV7-9	TRBJ2-7
CATSDPGTSGSYEQYF	TRBV24-1	TRBJ2-7
CASSRTGGINTGELFF	TRBV4-1	TRBJ2-2
CASSGEDIHSGNTIYF	TRBV13	TRBJ1-3
CASSFDRENIYNEQFF	TRBV5-1	TRBJ2-1
CAWSGNDYGYTF	TRBV30	TRBJ1-2
CASNPRPRPSYTDTQYF	TRBV19	TRBJ2-3
CASSLGQGGIDGSRHEQFF	TRBV7-9	TRBJ2-1
CASSLASQGTDTQYF	TRBV11-2	TRBJ2-3
CATSRDQGIRNTEAFF	TRBV15	TRBJ1-1
CASSFPGRLAGQVSSYNEQFF	TRBV28	TRBJ2-1
CSVEGFGRAGTGELFF	TRBV29-1	TRBJ2-2
CASSPGGHTAAFF	TRBV6-6	TRBJ1-1
CAWSGGTGNTGELFF	TRBV30	TRBJ2-2
CASSQTGLAYNSPLHF	TRBV4-3	TRBJ1-6
CASSGRAGGPSEFF	TRBV7-9	TRBJ2-1
CASSSSGTEFHTGELFF	TRBV7-9	TRBJ2-2
CASSQDRANTDTQYF	TRBV3-1	TRBJ2-3
CAISQRTGGETQYF	TRBV10-3	TRBJ2-5
CASGDGTANTEAFF	TRBV5-4	TRBJ1-1
CASSQAGRGLGEKLFF	TRBV3-1	TRBJ1-4
CASSLLGNEQYF	TRBV12-3	TRBJ2-7
CASSGGHVEQYF	TRBV25-1	TRBJ2-7
CASSLEPLEADEAFF	TRBV11-2	TRBJ1-1
CASSSGQGPNQPQHF	TRBV7-9	TRBJ1-5
CASSLAGVKYEQYF	TRBV27	TRBJ2-7
CASSRDRRYMNTEAFF	TRBV6-1	TRBJ1-1
CSVEGGMNTEAFF	TRBV29-1	TRBJ1-1
CASSELGGYGYTF	TRBV12-3	TRBJ1-2
CASSAGTGGPYEQYF	TRBV19	TRBJ2-7
CASSLLGITDTQYF	TRBV7-6	TRBJ2-3
CSARRTDDYEQYF	TRBV20-1	TRBJ2-7
CASSLNWEQYF	TRBV11-2	TRBJ2-7
CATSGTGITTGELFF	TRBV15	TRBJ2-2
CASSSEGSGVQGEQYF	TRBV10-2	TRBJ2-7
CASSGGGSGETQYF	TRBV9	TRBJ2-5
CASSRRLSNEQFF	TRBV11-3	TRBJ2-1
CASSFGTGAGYTF	TRBV27	TRBJ1-2
CASQREGINTQYF	TRBV28	TRBJ2-3
CATSAGNTGELFF	TRBV24-1	TRBJ2-2
CASRKGGPNNEQFF	TRBV27	TRBJ2-1
CAPLVAGGGIGTKNIQYF	TRBV10-1	TRBJ2-4
CASSGSSYNEQFF	TRBV6-1	TRBJ2-1
CSVEDFEGGSGTEAFF	TRBV29-1	TRBJ1-1
CASSDRAGNTIYF	TRBV6-1	TRBJ1-3
CSARDYRTGDEKLFF	TRBV20-1	TRBJ1-4
CASPGPYEKLFF	TRBV30	TRBJ1-4
CASSVGIGAGYEQYF	TRBV9	TRBJ2-7
CASSPATGNTEAFF	TRBV9	TRBJ1-1
CASSLAGFTGELFF	TRBV27	TRBJ2-2
CSAPGQGTYEQYF	TRBV20-1	TRBJ2-7
CSARDGVTSGIYNEQFF	TRBV20-1	TRBJ2-1
CASSFGAGGTDTQYF	TRBV19	TRBJ2-3
CASSVDEQGPYNEQFF	TRBV9	TRBJ2-1
CASNPSGTGTNYEQYF	TRBV5-5	TRBJ2-7
CASSQDGGYYGYTF	TRBV4-3	TRBJ1-2
CASSSGGTGGETQYF	TRBV5-1	TRBJ2-5
CASSLWDQPQHF	TRBV7-9	TRBJ1-5
CSVVPRGTEAFF	TRBV29-1	TRBJ1-1
CASSLGWGAKNIQYF	TRBV5-1	TRBJ2-4
CASSLASGGNTEAFF	TRBV7-9	TRBJ1-1
CASSQGLSGQGYNEQFF	TRBV3-1	TRBJ2-1
CASREIQGGTEAFF	TRBV4-3	TRBJ1-1
CASSVEGNEQFF	TRBV9	TRBJ2-1
CASSQSDLPQHF	TRBV16	TRBJ1-5
CSAQEGRGDTGELFF	TRBV20-1	TRBJ2-2
CASSLGKNEQFF	TRBV11-2	TRBJ2-1
CASSGTDTYEQYF	TRBV6-1	TRBJ2-7
CASSSRDGGTDTQYF	TRBV7-9	TRBJ2-3
CASSSGIGTGGSQPQHF	TRBV19	TRBJ1-5
CASSQDSMYNSPLHF	TRBV4-3	TRBJ1-6
CASSLEGDFYGYTF	TRBV5-6	TRBJ1-2
CASSPLAGVSDTQYF	TRBV7-6	TRBJ2-3
CASSFLAGLGDEQFF	TRBV5-1	TRBJ2-1
CASSLAILTGHNEQFF	TRBV7-9	TRBJ2-1
CSARDRFLASGSRHTQYF	TRBV20-1	TRBJ2-3
CASSLGGGSYEQYF	TRBV13	TRBJ2-7
CATQGGRGGGANVLTF	TRBV6-5	TRBJ2-6
CASSPPTSGSSTDTQYF	TRBV6-3	TRBJ2-3
CASSPLDSYTGELFF	TRBV6-3	TRBJ2-2
CASSFWWGSTDTQYF	TRBV28	TRBJ2-3
CASSYSSGSYEQYF	TRBV6-5	TRBJ2-7
CASSFRGDTEAFF	TRBV12-4	TRBJ1-1
CASSLVGEPIQETQYF	TRBV5-1	TRBJ2-5
CASSLWGALYEQYF	TRBV5-6	TRBJ2-7
CASTPGHYGYTF	TRBV19	TRBJ1-2
CASSGDGYEQYF	TRBV5-1	TRBJ2-7
CASTSEGGGGTEAFF	TRBV5-4	TRBJ1-1
CASSLDRTGGTGELFF	TRBV7-9	TRBJ2-2
CASSHRIGGETQYF	TRBV7-9	TRBJ2-5
CASSQDDRGTDTQYF	TRBV4-1	TRBJ2-3
CASSEKGLADTGELFF	TRBV9	TRBJ2-2
CASSDPPSGGNTDTQYF	TRBV7-3	TRBJ2-3
CASSLAGGQTEAFF	TRBV27	TRBJ1-1
CASRQILAANTDTQYF	TRBV5-6	TRBJ2-3
CASRTPGLAPGELFF	TRBV2	TRBJ2-2
CASSFSQGAVLKEAFF	TRBV27	TRBJ1-1
CASSRLRTGANTGELFF	TRBV14	TRBJ2-2
CASSQGPLSTEQYF	TRBV4-1	TRBJ2-7
CASSEGTRVGEQFF	TRBV6-4	TRBJ2-1
CASSYGYGYTF	TRBV7-9	TRBJ1-2
CASSQDGVGGSGTGELFF	TRBV4-3	TRBJ2-2
CASSLGLTAYNEQFF	TRBV7-6	TRBJ2-1
CASSTGGEKLFF	TRBV4-1	TRBJ1-4
CSAVEREVTDTQYF	TRBV20-1	TRBJ2-3
CASSYDRGDYEQYF	TRBV7-9	TRBJ2-7
CASSIAARGSSYNEQFF	TRBV7-6	TRBJ2-1
CASSTGTTEAYEQYF	TRBV7-2	TRBJ2-7
CASSIAGYTEAFF	TRBV19	TRBJ1-1
CASSTTGGSTEAFF	TRBV5-1	TRBJ1-1
CASSQEDRGLTEAFF	TRBV4-3	TRBJ1-1
CASSYETGITEAFF	TRBV6-5	TRBJ1-1
CSARDRPGTSGGYLAKNIQYF	TRBV20-1	TRBJ2-4
CASSPGLAGAVSLGGELFF	TRBV12-3	TRBJ2-2
CSARLSGGGNQPQHF	TRBV20-1	TRBJ1-5
CASSILPPPAGLNNEQFF	TRBV19	TRBJ2-1
CASSQISASYNEQFF	TRBV4-1	TRBJ2-1
CASSPPGQMNTEAFF	TRBV11-3	TRBJ1-1
CASHPGAGPSYNEQFF	TRBV19	TRBJ2-1
CASSFITDTQYF	TRBV7-9	TRBJ2-3
CASSAGTGNNEQFF	TRBV27	TRBJ2-1
CASSHGRTNIQYF	TRBV4-1	TRBJ2-4
CASSPGSSYEQYF	TRBV19	TRBJ2-7
CSAALPYYGYTF	TRBV20-1	TRBJ1-2
CASSQSQAWGRDGYTF	TRBV4-3	TRBJ1-2
CASSDGHPVKGDTQYF	TRBV2	TRBJ2-3
CASSSQGDTQYF	TRBV12-3	TRBJ2-3
CASSGQNTEAFF	TRBV9	TRBJ1-1
CATYVGGNTEAFF	TRBV6-6	TRBJ1-1
CASSLKADSRTDTQYF	TRBV7-9	TRBJ2-3
CASSLFVGTGGDEQYF	TRBV27	TRBJ2-7
CSVSGSANNEQFF	TRBV29-1	TRBJ2-1
CATSRDFTNYGYTF	TRBV15	TRBJ1-2
CASRTGLAGPQDEQFF	TRBV2	TRBJ2-1
CASSFFPTGGYHEQYF	TRBV5-5	TRBJ2-7
CASGRGLGGEQYF	TRBV27	TRBJ2-7
CASSPMGTNEKLFF	TRBV12-4	TRBJ1-4
CASSSPTLSRETQYF	TRBV7-9	TRBJ2-5
CASSSGLASYEQYF	TRBV7-2	TRBJ2-7
CASSIDAGLFSYEQYF	TRBV19	TRBJ2-7
CASSAQTGEADTQYF	TRBV6-1	TRBJ2-3
CASMAENTGELFF	TRBV9	TRBJ2-2
CASSLGMRGGWDEQFF	TRBV7-8	TRBJ2-1
CASSYSLGTDTQYF	TRBV6-5	TRBJ2-3
CSARDPGGSYNEQFF	TRBV20-1	TRBJ2-1
CSANSLSWPGEQFF	TRBV20-1	TRBJ2-1
CASRLSGGGYNEQFF	TRBV5-1	TRBJ2-1
CASSLLLAGDTDTQYF	TRBV27	TRBJ2-3
CASSVETNTGELFF	TRBV9	TRBJ2-2
CASSLGRTIPHEQFF	TRBV5-8	TRBJ2-1
CASSISQGRKYSNQPQHF	TRBV19	TRBJ1-5
CATFDGNTGELFF	TRBV24-1	TRBJ2-2
CASRQSGGSYNEQFF	TRBV2	TRBJ2-1
CASSGEQGSYGYTF	TRBV25-1	TRBJ1-2
CASSGRGLNTEAFF	TRBV19	TRBJ1-1
CASTPYRRGPHLYGYTF	TRBV7-9	TRBJ1-2
CSARGRAAGTDTQYF	TRBV20-1	TRBJ2-3
CASTKDRIKTQYF	TRBV5-8	TRBJ2-5
CASRTGTGNLYEQYF	TRBV27	TRBJ2-7
CATSTSQDLNQPQHF	TRBV15	TRBJ1-5
CASSYSRAGANEQFF	TRBV6-6	TRBJ2-1
CASSLQGFAEQYF	TRBV5-5	TRBJ2-7
CASSQGSDEPNTGELFF	TRBV14	TRBJ2-2
CAISPLGTQIFSGNTIYF	TRBV10-3	TRBJ1-3
CASSLGGSPNYGYTF	TRBV27	TRBJ1-2
CSARDGGVYETQYF	TRBV20-1	TRBJ2-5
CATSAGTSGGPQETQYF	TRBV24-1	TRBJ2-5
CASSPLPGQSYEQYF	TRBV12-4	TRBJ2-7
CASSLSAGAPGAEAFF	TRBV27	TRBJ1-1
CASSYYGDTGELFF	TRBV6-5	TRBJ2-2
CASSHGLAGGETQYF	TRBV11-2	TRBJ2-5
CSARDPGSNYNEQFF	TRBV20-1	TRBJ2-1
CASSQNDGRQTQETQYF	TRBV3-1	TRBJ2-5
CASSFGTDALYQETQYF	TRBV5-1	TRBJ2-5
CASSLQVIYEQYF	TRBV11-2	TRBJ2-7
CASSYQTGASYGYTF	TRBV6-3	TRBJ1-2
CASSLKAGNQPQHF	TRBV4-1	TRBJ1-5
CASSLGTGEGTYNEQFF	TRBV5-1	TRBJ2-1
CASNWADYSNQPQHF	TRBV19	TRBJ1-5
CASSLSNSNQPQHF	TRBV12-4	TRBJ1-5
CASSLFYSSYEQYF	TRBV5-5	TRBJ2-7
CASRQLPRDSLYEQYF	TRBV28	TRBJ2-7
CASSHQRGRNTEAFF	TRBV4-1	TRBJ1-1
CASSLLGAEAFF	TRBV5-6	TRBJ1-1
CASIGLESYEQYF	TRBV2	TRBJ2-7
CASSYSGGNTEAFF	TRBV6-5	TRBJ1-1
CATSDLGGLSYNEQFF	TRBV24-1	TRBJ2-1
CSDAGPLGTDTQYF	TRBV20-1	TRBJ2-3
CASRGLAGEPSYNEQFF	TRBV12-3	TRBJ2-1
CASSQESSLLAKNIQYF	TRBV3-1	TRBJ2-4
CASSLAVKAGGPKDEQFF	TRBV5-6	TRBJ2-1
CASSFFPSFEGISMGTGELFF	TRBV12-3	TRBJ2-2
CASSSGGTGGPREQFF	TRBV13	TRBJ2-1
CASSVQATEAFF	TRBV7-8	TRBJ1-1
CASSLGTVWYSNQPQHF	TRBV12-4	TRBJ1-5
CASSGEREDNEQFF	TRBV7-9	TRBJ2-1
CASSPTGANVLTF	TRBV18	TRBJ2-6
CASSDLGAGDQPQHF	TRBV2	TRBJ1-5
CASSIGYFANTGELFF	TRBV19	TRBJ2-2
CASSDPGYEAFF	TRBV7-6	TRBJ1-1
CASSGLAGGNNEQFF	TRBV11-2	TRBJ2-1
CASAEGGGMGYNEQFF	TRBV12-4	TRBJ2-1
CASSKNRIQSSYNSPLHF	TRBV19	TRBJ1-6
CASGFGNTEAFF	TRBV12-5	TRBJ1-1
CASKENIQYF	TRBV4-1	TRBJ2-4
CAWSSEDLTDTQYF	TRBV30	TRBJ2-3
CASSLDTSSYNEQFF	TRBV7-8	TRBJ2-1
CASSQANYEQYF	TRBV14	TRBJ2-7
CASSQTAQNTGELFF	TRBV4-1	TRBJ2-2
CASSFPDTQYF	TRBV28	TRBJ2-3
CASSSITRFTEAFF	TRBV27	TRBJ1-1
CAWTPDPAGNQPQHF	TRBV30	TRBJ1-5
CASSVGASGGFNEQFF	TRBV9	TRBJ2-1
CASSFSATEAFF	TRBV12-4	TRBJ1-1
CASSPGGGDNEQFF	TRBV9	TRBJ2-1
CSARRTGALYGYTF	TRBV20-1	TRBJ1-2
CSAIIVGQYYGYTF	TRBV20-1	TRBJ1-2
CASSLFRGDNEQFF	TRBV7-7	TRBJ2-1
CAIEDGMNTEAFF	TRBV10-2	TRBJ1-1
CASTRDVSGELFF	TRBV27	TRBJ2-2
CASSLNNRQMITF	TRBV12-3	TRBJ1-2
CASSSPLAEERTGELFF	TRBV5-6	TRBJ2-2
CASSRLGGGVSSYNEQFF	TRBV27	TRBJ2-1
CASSLAGRTANQPQHF	TRBV7-2	TRBJ1-5
CASSLVPGQANYGYTF	TRBV7-9	TRBJ1-2
CASSLGLNEQFF	TRBV7-9	TRBJ2-1
CASSEEKGNNANTGELFF	TRBV2	TRBJ2-2
CASSFSPGSNSPLHF	TRBV7-3	TRBJ1-6
CASSSTTANTEAFF	TRBV7-9	TRBJ1-1
CASSTQGVLTEQYF	TRBV9	TRBJ2-7
CASSQDRVGAGANVLTF	TRBV4-1	TRBJ2-6
CASRTSTGQGNIQYF	TRBV5-1	TRBJ2-4
CASRTRGGMNTEAFF	TRBV13	TRBJ1-1
CASSTASGTGNEQFF	TRBV13	TRBJ2-1
CASGSGGRTEAFF	TRBV12-5	TRBJ1-1
CASSPTSGRDRSGQFF	TRBV7-9	TRBJ2-1
CASSRLYGNTRELFF	TRBV6-5	TRBJ2-2
CASSQESLHTGELFF	TRBV4-2	TRBJ2-2
CASSVIPGELFF	TRBV25-1	TRBJ2-2
CASSPGGSLHF	TRBV5-4	TRBJ1-6
CASSFGREQYF	TRBV12-4	TRBJ2-7
CASSSINEQFF	TRBV12-3	TRBJ2-1
CASWTGLADTQYF	TRBV7-9	TRBJ2-3
CAIRETAMNTEAFF	TRBV10-3	TRBJ1-1
CASSTARRGSAFDEQFF	TRBV6-3	TRBJ2-1
CASSTEGLLSTDTQYF	TRBV7-8	TRBJ2-3
CASSQGTYEQYF	TRBV3-1	TRBJ2-7
CASSKAERPGYGRLTESYNSPLHF	TRBV7-9	TRBJ1-6
CASSQPRLAGDGNEQFF	TRBV3-1	TRBJ2-1
CASSLTSEQFF	TRBV12-3	TRBJ2-1
CASSQTLGGSYGYTF	TRBV4-3	TRBJ1-2
CASSNRGLLAEAFF	TRBV5-8	TRBJ1-1
CAIRDKMNTEAFF	TRBV10-3	TRBJ1-1
CASSLGTGDGYTF	TRBV11-2	TRBJ1-2
CASSHPQENTIYF	TRBV7-9	TRBJ1-3
CASSLPLGSTYNEQFF	TRBV19	TRBJ2-1
CASLRGAEAFF	TRBV27	TRBJ1-1
CASSWGSYEQYF	TRBV28	TRBJ2-7
CSAMIGVGGTDTQYF	TRBV20-1	TRBJ2-3
CAWGGETSGSTDTQYF	TRBV30	TRBJ2-3
CASSQGAGNSPLHF	TRBV4-1	TRBJ1-6
CASSLAWQPDGYTF	TRBV7-8	TRBJ1-2
CASSLPGYNEQFF	TRBV7-2	TRBJ2-1
CATSDLPGPHFQPQHF	TRBV24-1	TRBJ1-5
CASSLDRSTGELFF	TRBV27	TRBJ2-2
CASSIDGSGGNEQFF	TRBV19	TRBJ2-1
CASSDEGVGDDGELFF	TRBV25-1	TRBJ2-2
CASSLRTGEIDLGKFF	TRBV28	TRBJ2-1
CASSLDASGSSYNEQFF	TRBV5-1	TRBJ2-1
CSARGRGLDGYTF	TRBV20-1	TRBJ1-2
CASGGYNEQFF	TRBV9	TRBJ2-1
CASSIRLAGDQETQYF	TRBV19	TRBJ2-5
CASSQDALGYEQYF	TRBV7-2	TRBJ2-7
CAIGLAAADTQYF	TRBV10-2	TRBJ2-3
CASSFGGNTIYF	TRBV7-2	TRBJ1-3
CASRQTGIGYTEAFF	TRBV5-1	TRBJ1-1
CASSLSRDSYEQYF	TRBV7-7	TRBJ2-7
CASSLGQGLGNTIYF	TRBV6-5	TRBJ1-3
CASSLALGGPGANVLTF	TRBV5-1	TRBJ2-6
CASSSYSVNTEAFF	TRBV19	TRBJ1-1
CASSLRDRGHEQYF	TRBV7-9	TRBJ2-7
CSARARAGGYEQYF	TRBV20-1	TRBJ2-7
CASSFLLAGGPVDSSYNEQFF	TRBV7-4	TRBJ2-1
CASSPIGGGSANYGYTF	TRBV18	TRBJ1-2
CASSPPGTGYGYTF	TRBV4-1	TRBJ1-2
CASSQDVGGNSYNEQFF	TRBV3-1	TRBJ2-1
CASSSGSVKSSYNSPLHF	TRBV5-1	TRBJ1-6
CASSEPPRRGGPNEKLFF	TRBV27	TRBJ1-4
CASSLEGQGVEDTQYF	TRBV5-4	TRBJ2-3
CASTDGTGGLNQPQHF	TRBV27	TRBJ1-5
CASSAPPGPYNEQFF	TRBV9	TRBJ2-1
CASSYRRTNYGYTF	TRBV27	TRBJ1-2
CAAGEMFGLGETQYF	TRBV4-2	TRBJ2-5
CASREGESNTEAFF	TRBV4-1	TRBJ1-1
CASSWTSGSYEQYF	TRBV12-3	TRBJ2-7
CASSPWTGPLNTEAFF	TRBV9	TRBJ1-1
CATTGTGTGELFF	TRBV24-1	TRBJ2-2
CASSGAGYGYTF	TRBV9	TRBJ1-2
CASSLWGGEKLFF	TRBV5-1	TRBJ1-4
CASSLLQGLDSPLHF	TRBV27	TRBJ1-6
CASSVAAGLRDEQFF	TRBV9	TRBJ2-1
CASSIAVGMPIGYTF	TRBV19	TRBJ1-2
CASSLSYSTLSYEQYF	TRBV27	TRBJ2-7
CASSFEQSYGYTF	TRBV4-3	TRBJ1-2
CSAEPGGISDSSYNEQFF	TRBV20-1	TRBJ2-1
CASSESEQGYTGELFF	TRBV6-1	TRBJ2-2
CASSLGPAYEQYF	TRBV6-6	TRBJ2-7
CASSLEGLGKTNTGELFF	TRBV7-9	TRBJ2-2
CASSLYFSGRAYNEQFF	TRBV12-4	TRBJ2-1
CASSTRELGLAGVIPQETQYF	TRBV19	TRBJ2-5
CASSHFAGGGTDTQYF	TRBV4-1	TRBJ2-3
CASSPKTDSYNSPLHF	TRBV4-3	TRBJ1-6
CASSLYSQDTEAFF	TRBV27	TRBJ1-1
CSVETRSSYEQYF	TRBV29-1	TRBJ2-7
CASSFREPSSQYF	TRBV7-9	TRBJ2-5
CASRLSWGTEAFF	TRBV19	TRBJ1-1
CASSPNFRTQYF	TRBV6-3	TRBJ2-3
CASGGWEGNEQFF	TRBV19	TRBJ2-1
CSVEAGVHTGELFF	TRBV29-1	TRBJ2-2
CASSPGQPETQYF	TRBV12-4	TRBJ2-5
CASKNYSLYGTQYF	TRBV6-9	TRBJ2-3
CASSYDSGTGELFF	TRBV6-5	TRBJ2-2
CASSWVMETQYF	TRBV12-4	TRBJ2-5
CASSFKGQSNFYEQYF	TRBV11-2	TRBJ2-7
CASQIRDRGNYGYTF	TRBV13	TRBJ1-2
CASSQGPLGAGVQTQYF	TRBV3-1	TRBJ2-5
CASSPRGGVPGELFF	TRBV11-3	TRBJ2-2
CSARVIDYLRGNEQFF	TRBV20-1	TRBJ2-1
CASVTGPGNTIYF	TRBV6-3	TRBJ1-3
CASSWGTSGSNEQFF	TRBV27	TRBJ2-1
CASSPTGGGTGELFF	TRBV6-6	TRBJ2-2
CASSEGQKQFF	TRBV5-6	TRBJ2-1
CASSVIPGQGSYGYTF	TRBV4-1	TRBJ1-2
CSARDRNTQGPETQYF	TRBV20-1	TRBJ2-5
CASSYSAGEDYEQYF	TRBV6-5	TRBJ2-7
CASSLGGSTDTQYF	TRBV7-3	TRBJ2-3
CSASPRPDPYEQYF	TRBV20-1	TRBJ2-7
CSARPTRTFNIQYF	TRBV20-1	TRBJ2-4
CASSARDGNIQYF	TRBV6-1	TRBJ2-4
CASSISGQGTDTQYF	TRBV19	TRBJ2-3
CSAESLDFRASTDTQYF	TRBV20-1	TRBJ2-3
CASSSGLAGDVETQYF	TRBV12-3	TRBJ2-5
CASSVGSSATYNEQFF	TRBV9	TRBJ2-1
CASRQQGWGYTF	TRBV6-5	TRBJ1-2
CRLPSYEQFF	TRBV20-1	TRBJ2-1
CASSRVIGAHTDTQYF	TRBV7-9	TRBJ2-3
CASGTPRSPSGNTIYF	TRBV12-5	TRBJ1-3
CASSLGTGEKLFF	TRBV7-2	TRBJ1-4
CASSLVGGRASDTQYF	TRBV7-2	TRBJ2-3
CATSPGLAGAHQETQYF	TRBV24-1	TRBJ2-5
CASSFGGGETYEQYF	TRBV7-9	TRBJ2-7
CASSSARGISNQPQHF	TRBV6-1	TRBJ1-5
CASRTGTGSYRQYF	TRBV27	TRBJ2-7
CASSLAYFGGSYEQYF	TRBV7-9	TRBJ2-7
CASSVTGTEADEQFF	TRBV5-1	TRBJ2-1
CASSVPHNEQFF	TRBV9	TRBJ2-1
CASSSDSEAFF	TRBV6-6	TRBJ1-1
CASRETGVYNEQFF	TRBV27	TRBJ2-1
CASKGVRNYGYTF	TRBV27	TRBJ1-2
CASSQVIDQETQYF	TRBV3-1	TRBJ2-5
CASSQDWGTVYGYTF	TRBV3-1	TRBJ1-2
CASSEGYNEQFF	TRBV5-1	TRBJ2-1
CSVGGGNLYEQYF	TRBV29-1	TRBJ2-7
CASSYWTPATNEKLFF	TRBV6-5	TRBJ1-4
CATSLRMNTEAFF	TRBV15	TRBJ1-1
CSVADGGPYGYTF	TRBV29-1	TRBJ1-2
CASSLTGAEAFF	TRBV6-5	TRBJ1-1
CATSRDLVAETQYF	TRBV15	TRBJ2-5
CAWSPDRGRPNEKLFF	TRBV30	TRBJ1-4
CASIRSGTQYF	TRBV6-5	TRBJ2-5
CASSLVVGTGNYGYTF	TRBV12-4	TRBJ1-2
CATSRANTEAFF	TRBV15	TRBJ1-1
CASSFQGEAGLNEQFF	TRBV7-2	TRBJ2-1
CASSEDRDGNTIYF	TRBV19	TRBJ1-3
CASSLGTGWGNQPQHF	TRBV27	TRBJ1-5
CSARAIGTGPWDTEAFF	TRBV20-1	TRBJ1-1
CSASNPGTGDSGELFF	TRBV20-1	TRBJ2-2
CASSRTGTSEQYF	TRBV7-6	TRBJ2-7
CASSLMGQAIMNTEAFF	TRBV7-9	TRBJ1-1
CASSQAALAGFGYEQYF	TRBV7-2	TRBJ2-7
CASRIGGAGNSPLHF	TRBV27	TRBJ1-6
CATSTWDRGSGANVLTF	TRBV15	TRBJ2-6
CATSRDWASGRSGELFF	TRBV15	TRBJ2-2
CASSLAQETQYF	TRBV11-2	TRBJ2-5
CASSSVSLEQFF	TRBV6-3	TRBJ2-1
CASSLDSSYNEQFF	TRBV5-1	TRBJ2-1
CASSSSTSGYTDTQYF	TRBV7-8	TRBJ2-3
CASSLASQETQYF	TRBV7-9	TRBJ2-5
CASSSPGQDYGYTF	TRBV5-1	TRBJ1-2
CASSLVQGTYEQYF	TRBV5-1	TRBJ2-7
CASSTKAGEYADTQYF	TRBV9	TRBJ2-3
CASSFQSGQNFYGYTF	TRBV27	TRBJ1-2
CASSHTVSGISASGNTIYF	TRBV7-9	TRBJ1-3
CASSPSGGYNEQFF	TRBV9	TRBJ2-1
CASSITESGANVLTF	TRBV7-9	TRBJ2-6
CASALLSSYNSPLHF	TRBV12-5	TRBJ1-6
CASSLGVTPNEQFF	TRBV7-6	TRBJ2-1
CASTGLAGGIGETQYF	TRBV27	TRBJ2-5
CASSARVDYEQYF	TRBV6-1	TRBJ2-7
CASSVTSGGYSTDTQYF	TRBV2	TRBJ2-3
CASSEGGHPFNQPQHF	TRBV10-2	TRBJ1-5
CASSMGLDRGANNYEQYF	TRBV6-6	TRBJ2-7
CSARGWETMNTEAFF	TRBV20-1	TRBJ1-1
CASSPWGGQHYEQYF	TRBV7-2	TRBJ2-7
CASSDLAVSYNEQFF	TRBV28	TRBJ2-1
CSADPVDSTLEEETQYF	TRBV20-1	TRBJ2-5
CASSLRFRQSYEQYF	TRBV12-4	TRBJ2-7
CASSLFTEAFF	TRBV11-2	TRBJ1-1
CASSLLGGAGTGELFF	TRBV9	TRBJ2-2
CASSLAGGRDEQYF	TRBV9	TRBJ2-7
CASSLFPRLYEQYF	TRBV27	TRBJ2-7
CASSAGRQGALVQTEAFF	TRBV2	TRBJ1-1
CASSLPGGEDTEAFF	TRBV7-8	TRBJ1-1
CASSLQTGQETQYF	TRBV28	TRBJ2-5
CASSPGQGVNTEAFF	TRBV2	TRBJ1-1
CASSHPLNTEAFF	TRBV14	TRBJ1-1
CASSSWLGAPDTQYF	TRBV27	TRBJ2-3
CASSPGSDVGLYEQYF	TRBV9	TRBJ2-7
CASSRTGLVIGNTQYF	TRBV7-9	TRBJ2-3
CASSLGGVSPLHF	TRBV11-2	TRBJ1-6
CASTFSFGQNTEAFF	TRBV7-9	TRBJ1-1
CASSLSTNEQFF	TRBV27	TRBJ2-1
CASRTSGSSYNEQFF	TRBV5-4	TRBJ2-1
CSVGGGGQPQHF	TRBV29-1	TRBJ1-5
CASRWTGFSEQFF	TRBV19	TRBJ2-1
CASSLAPGATSEKLFF	TRBV7-6	TRBJ1-4
CATGTDTQYF	TRBV6-3	TRBJ2-3
CASSLGPRRGNEQFF	TRBV5-4	TRBJ2-1
CASSMLGEGAGTEAFF	TRBV19	TRBJ1-1
CASTLGGESNQPQHF	TRBV9	TRBJ1-5
CSATYPRQGYYEQYF	TRBV20-1	TRBJ2-7
CASRQGGDGYTF	TRBV19	TRBJ1-2
CSARSLYSTDTQYF	TRBV20-1	TRBJ2-3
CASSPSDWNGYTF	TRBV27	TRBJ1-2
CASSPWTGAGDEQYF	TRBV9	TRBJ2-7
CASSQAWTGSYGYTF	TRBV4-1	TRBJ1-2
CASSWTGGANSPLHF	TRBV5-8	TRBJ1-6
CASSRQPSTYEQYF	TRBV18	TRBJ2-7
CASSMIGTGHQPQHF	TRBV19	TRBJ1-5
CSVELTGNTIYF	TRBV29-1	TRBJ1-3
CASSLGQRYTF	TRBV5-1	TRBJ1-2
CAITVFSGANVLTF	TRBV5-1	TRBJ2-6
CATSRDNSGANVLTF	TRBV15	TRBJ2-6
CASSSIYRGYYSPLHF	TRBV7-9	TRBJ1-6
CASGLTGFMDEQYF	TRBV12-5	TRBJ2-7
CASSSHEDRGSSSPLHF	TRBV7-9	TRBJ1-6
CASMAGTYNEQFF	TRBV7-9	TRBJ2-1
CASTGQGLGNQPQHF	TRBV19	TRBJ1-5
CASSPEGDEQFF	TRBV7-9	TRBJ2-1
CSVGTGTYEQYF	TRBV29-1	TRBJ2-7
CASSEQGAPYNEQFF	TRBV25-1	TRBJ2-1
CASSQEGDPSTDTQYF	TRBV3-1	TRBJ2-3
CSVAETYEQYF	TRBV29-1	TRBJ2-7
CASSYSGTNQPQHF	TRBV6-2	TRBJ1-5
CASSFPESLVTGGDPTEAFF	TRBV7-9	TRBJ1-1
CASIPAGGPGDTQYF	TRBV6-3	TRBJ2-3
CSARVWGANYEQYF	TRBV20-1	TRBJ2-7
CASSVEGRGTEAFF	TRBV9	TRBJ1-1
CASRRRDGTQYF	TRBV27	TRBJ2-5
CASSIAGYYEQFF	TRBV19	TRBJ2-1
CSARGGVAILNSNQPQHF	TRBV20-1	TRBJ1-5
CAWNTVGTSSEAFF	TRBV30	TRBJ1-1
CASSYATGDADTQYF	TRBV6-5	TRBJ2-3
CASSPEGRDYETQYF	TRBV5-1	TRBJ2-5
CASSALDSTGELFF	TRBV27	TRBJ2-2
CASSIRDREYNEQFF	TRBV19	TRBJ2-1
CASSSRTDTAYGYTF	TRBV12-4	TRBJ1-2
CSARPTSSPLLNEQFF	TRBV20-1	TRBJ2-1
CASSLGSGTEAFF	TRBV7-9	TRBJ1-1
CASSYSIPGELFF	TRBV6-3	TRBJ2-2
CASSFSPAQGAFF	TRBV11-2	TRBJ1-1
CASKGQGARDGYTF	TRBV6-6	TRBJ1-2
CASSLVRAATGELFF	TRBV11-2	TRBJ2-2
CASSIFETEAFF	TRBV19	TRBJ1-1
CASSPDRGRTNEQFF	TRBV7-7	TRBJ2-1
CASSLAGYEQYF	TRBV12-3	TRBJ2-7
CASSQGTGVAFNSPLHF	TRBV4-1	TRBJ1-6
CATSSTGLKTQYF	TRBV15	TRBJ2-5
CASSLTGDEQYF	TRBV7-9	TRBJ2-7
CASSQNPGQFYGYTF	TRBV5-4	TRBJ1-2
CASSRGPGQGEETQYF	TRBV2	TRBJ2-5
CASRTEGAGWTEAFF	TRBV12-3	TRBJ1-1
CASSYGTSGPINEQFF	TRBV6-5	TRBJ2-1
CASSEGTDTQYF	TRBV19	TRBJ2-3
CASSPGSHFYGYTF	TRBV12-3	TRBJ1-2
CASSLIFGRQYF	TRBV7-6	TRBJ2-7
CASSVFGELFF	TRBV19	TRBJ2-2
CASSQDSPGIRDNQPQHF	TRBV3-1	TRBJ1-5
CASNPTGDFYEQYF	TRBV2	TRBJ2-7
CASSILGTGEAFF	TRBV19	TRBJ1-1
CASSYPGLAEAFF	TRBV6-5	TRBJ1-1
CASSATEQFF	TRBV18	TRBJ2-1
CASSDTGVYNEQFF	TRBV6-5	TRBJ2-1
CASTPGTSGAEQFF	TRBV28	TRBJ2-1
CASSFPRIGDNEQFF	TRBV7-9	TRBJ2-1
CASSWGGASGETQYF	TRBV7-7	TRBJ2-5
CASSLNGVYMEQYF	TRBV5-4	TRBJ2-7
CASSLASGTEQFF	TRBV12-3	TRBJ2-1
CATSRDQGTKNTEAFF	TRBV15	TRBJ1-1
CASSGSDGQAKWETQYF	TRBV9	TRBJ2-5
CASSDSGFGISDGYTF	TRBV6-4	TRBJ1-2
CASSQDWVLAGTQEQFF	TRBV4-1	TRBJ2-1
CASSHTSGEGTGELFF	TRBV7-9	TRBJ2-2
CASSDRGKQYYEQYF	TRBV19	TRBJ2-7
CSASAPYYEQYF	TRBV20-1	TRBJ2-7
CASSIATGSEQFF	TRBV19	TRBJ2-1
CASSPSSGPNEKLFF	TRBV28	TRBJ1-4
CSARTGDLQYF	TRBV20-1	TRBJ2-4
CASSPRGLSSYEQYF	TRBV19	TRBJ2-7
CASSLSSGIEETQYF	TRBV5-1	TRBJ2-5
CASSLDPGLPLYNEQFF	TRBV11-2	TRBJ2-1
CATSRGQGYEQYF	TRBV15	TRBJ2-7
CASSRLATGQITDTQYF	TRBV7-9	TRBJ2-3
CASSSRDRAVANYGYTF	TRBV7-9	TRBJ1-2
CATSRERGIGSNQPQHF	TRBV15	TRBJ1-5
CASSLADASTNEKLFF	TRBV7-9	TRBJ1-4
CASRASGRNEQFF	TRBV6-1	TRBJ2-1
CASSRIEQANTGELFF	TRBV13	TRBJ2-2
CASSLAPSGVTQYF	TRBV5-1	TRBJ2-3
CASSSSMNTEAFF	TRBV19	TRBJ1-1
CASSLLQPFGTEAFF	TRBV13	TRBJ1-1
CAREGGNYGYTF	TRBV2	TRBJ1-2
CASTPGLAGAGNEQFF	TRBV25-1	TRBJ2-1
CASSLYGGGRENLRTEAFF	TRBV7-8	TRBJ1-1
CASSQVGYRTYEQYF	TRBV14	TRBJ2-7
CASRPRQGRGSYNEQFF	TRBV7-9	TRBJ2-1
CASSLVGPGRELGETQYF	TRBV5-1	TRBJ2-5
CASSQGGGQPQHF	TRBV2	TRBJ1-5
CASSLRGGGDTQYF	TRBV7-3	TRBJ2-3
CASSGGGYEQYF	TRBV4-2	TRBJ2-7
CSARQGSGNTIYF	TRBV20-1	TRBJ1-3
CASSQGRRGGSYEQYF	TRBV4-1	TRBJ2-7
CASSSPRGGRITEAFF	TRBV7-9	TRBJ1-1
CASRGVFGAGLTDTQYF	TRBV28	TRBJ2-3
CASSPHQHEQYF	TRBV11-2	TRBJ2-7
CASSQEESNYGYTF	TRBV4-3	TRBJ1-2
CASKFAGGPYEQYF	TRBV7-2	TRBJ2-7
CASGLGDRVVDEQFF	TRBV12-5	TRBJ2-1
CASSFVGGGTGAGELFF	TRBV7-2	TRBJ2-2
CASSLGQVGLAGAPNTGELFF	TRBV7-3	TRBJ2-2
CASSPQTSGGLNEQFF	TRBV9	TRBJ2-1
CASSLFQAETQYF	TRBV27	TRBJ2-5
CASSANWRGSTDTQYF	TRBV9	TRBJ2-3
CAWSGGTTEAFF	TRBV30	TRBJ1-1
CASSSGGSYNEQFF	TRBV19	TRBJ2-1
CASFISGGADDTQYF	TRBV6-1	TRBJ2-3
CSAAKTSVYEQFF	TRBV20-1	TRBJ2-1
CASSQDGGGYNEQFF	TRBV4-3	TRBJ2-1
CASRRLTAKNEKLFF	TRBV5-6	TRBJ1-4
CSVGRDPNSYEQYF	TRBV29-1	TRBJ2-7
CASSHTVSGGSNEQFF	TRBV4-3	TRBJ2-1
CASRSSLMTGNNANEQYF	TRBV12-4	TRBJ2-7
CASSINPPGQGSYNEQFF	TRBV19	TRBJ2-1
CASSEASGGANIQYF	TRBV6-6	TRBJ2-4
CASSEQGYEQYF	TRBV7-2	TRBJ2-7
CSARGTSYGGRGPEQYF	TRBV20-1	TRBJ2-7
CASSIVAGGYNEQFF	TRBV19	TRBJ2-1
CASSPRIHWETQYF	TRBV6-5	TRBJ2-5
CASSIDLGLASYNEQFF	TRBV19	TRBJ2-1
CASSEGGPYEQYF	TRBV19	TRBJ2-7
CASSLSYNEQFF	TRBV7-9	TRBJ2-1
CASSVTNGGTEAFF	TRBV9	TRBJ1-1
CSARGTGTSYEQYF	TRBV20-1	TRBJ2-7
CASDKSQGSPGELFF	TRBV6-3	TRBJ2-2
CSVQGPSPEAFF	TRBV29-1	TRBJ1-1
CASSFGGNAYNEQFF	TRBV5-6	TRBJ2-1
CASSLILHEQYF	TRBV7-2	TRBJ2-7
CASSHWQVIADNTGELFF	TRBV5-8	TRBJ2-2
CASSYGFGPAQGEKLFF	TRBV6-6	TRBJ1-4
CSAREQGATYNEQFF	TRBV20-1	TRBJ2-1
CASSMGTVYLNTEAFF	TRBV19	TRBJ1-1
CASSSAGPYTRRTRQGGQFF	TRBV7-9	TRBJ2-1
CASSLERGSYNEQFF	TRBV5-1	TRBJ2-1
CASSDLWPNSYEQYF	TRBV2	TRBJ2-7
CASSFTLGGTDTQYF	TRBV7-7	TRBJ2-3
CASRGPSNQPQHF	TRBV19	TRBJ1-5
CASSMGGYTYGYTF	TRBV19	TRBJ1-2
CASSTSDRVNTIYF	TRBV18	TRBJ1-3
CASSEGRGEQYF	TRBV6-6	TRBJ2-7
CASSSTGGGGYTF	TRBV3-1	TRBJ1-2
CASSFRQGDTGELFF	TRBV5-8	TRBJ2-2
CASREDGTEAFF	TRBV6-1	TRBJ1-1
CASSQFVLGDQDLNEQFF	TRBV4-1	TRBJ2-1
CASSTHGQFSGNTIYF	TRBV9	TRBJ1-3
CASSLLGDYGYTF	TRBV12-4	TRBJ1-2
CSARARRGELTDTQYF	TRBV20-1	TRBJ2-3
CASTGTSGGPTLRDEQFF	TRBV7-9	TRBJ2-1
CASSRVEDGNTIYF	TRBV6-5	TRBJ1-3
CASSLKTGFSNQPQHF	TRBV5-6	TRBJ1-5
CASSSHDRDGGYSPLHF	TRBV7-9	TRBJ1-6
CASSSGQGGEKLFF	TRBV5-1	TRBJ1-4
CASRGPVETQYF	TRBV11-2	TRBJ2-5
CASSLSPGQGDTQYF	TRBV27	TRBJ2-3
CSAGNSGGYNEQFF	TRBV20-1	TRBJ2-1
CASSQTQGVTEAFF	TRBV13	TRBJ1-1
CASSLAGDYEQYF	TRBV5-4	TRBJ2-7
CASSQGDSRSYEQYF	TRBV4-1	TRBJ2-7
CSARPGRVNEKLFF	TRBV20-1	TRBJ1-4
CSAHGDSRRLNSPLHF	TRBV20-1	TRBJ1-6
CASSLMGFTNEKLFF	TRBV5-4	TRBJ1-4
CASSVGAFQETQYF	TRBV9	TRBJ2-5
CASSQGAETGSTEAFF	TRBV4-3	TRBJ1-1
CASSLAYILGLGDEQFF	TRBV12-4	TRBJ2-1
CASSLAPGDGYEQYF	TRBV12-3	TRBJ2-7
CATSDRTGRHEQYF	TRBV15	TRBJ2-7
CASSEGLGQGKGQYF	TRBV2	TRBJ2-7
CASSTRDRGWTSGYNEQFF	TRBV14	TRBJ2-1
CASSLGQQGVNRDWYNEQFF	TRBV11-2	TRBJ2-1
CSVEDRGDYETQYF	TRBV29-1	TRBJ2-5
CASNGNTDTQYF	TRBV27	TRBJ2-3
CASSYWGALGDTQYF	TRBV6-2	TRBJ2-3
CASSRGGLAENEQFF	TRBV3-1	TRBJ2-1
CASKFHGSHYGYTF	TRBV6-1	TRBJ1-2
CASSLNIYEQYF	TRBV28	TRBJ2-7
CASSMIGGDTEAFF	TRBV19	TRBJ1-1
CASGVVNEAFF	TRBV12-3	TRBJ1-1
CASSPGTDMNTEAFF	TRBV28	TRBJ1-1
CASSQEPDREGNYGYTF	TRBV4-3	TRBJ1-2
CASSLVTGTGKYGYTF	TRBV6-5	TRBJ1-2
CASSPGGREQETQYF	TRBV12-4	TRBJ2-5
CAISPSRSKNIQYF	TRBV10-3	TRBJ2-4
CASSQEEIVSGELFF	TRBV4-1	TRBJ2-2
CASSLQGGAAGGYTF	TRBV27	TRBJ1-2
CASSLGQLSYNEQFF	TRBV2	TRBJ2-1
CASSQISGLAEETQYF	TRBV14	TRBJ2-5
CSARDGRGENTEAFF	TRBV20-1	TRBJ1-1
CASSQVGDNGDGYTF	TRBV4-2	TRBJ1-2
CASSLAPGLPNEQFF	TRBV5-1	TRBJ2-1
CASSLEGQGPLYYGYTF	TRBV5-6	TRBJ1-2
CAWNPANSGNTIYF	TRBV30	TRBJ1-3
CSAEAEAFF	TRBV20-1	TRBJ1-1
CATSGPHTDTQYF	TRBV24-1	TRBJ2-3
CASSLTEIPAIYGYTF	TRBV6-5	TRBJ1-2
CASSLNGMNTEAFF	TRBV5-8	TRBJ1-1
CASSQDMGQGTDTQYF	TRBV4-1	TRBJ2-3
CASSQDHLGPNQPQHF	TRBV4-2	TRBJ1-5
CASSFRLAGAGDTQYF	TRBV11-3	TRBJ2-3
CASSYSSGEPQHF	TRBV6-6	TRBJ1-5
CASSLFGLAGDYNEQFF	TRBV27	TRBJ2-1
CASSLNEPLHF	TRBV11-2	TRBJ1-6
CASSLGHGDQPQHF	TRBV13	TRBJ1-5
CASSHPAGGEETQYF	TRBV4-1	TRBJ2-5
CASSYEGADEKLFF	TRBV6-5	TRBJ1-4
CAWSWGQGVRELFF	TRBV30	TRBJ2-2
CASSQYTGANTEAFF	TRBV16	TRBJ1-1
CSARGLFGDEQFF	TRBV20-1	TRBJ2-1
CASSPHPGSTEAFF	TRBV7-3	TRBJ1-1
CASSQGGRINQPQHF	TRBV4-2	TRBJ1-5
CASRGRTGTNEKLFF	TRBV13	TRBJ1-4
CASSGAGTYGYTF	TRBV9	TRBJ1-2
CASSVAKGRTGAAQSTDTQYF	TRBV7-9	TRBJ2-3
CASSLSGPGQGFADTQYF	TRBV27	TRBJ2-3
CASSPSLGGNQPQHF	TRBV7-6	TRBJ1-5
CASRVTGGNGYTF	TRBV12-4	TRBJ1-2
CASSMWADSPLHF	TRBV19	TRBJ1-6
CASSPRDSPFEQYF	TRBV7-3	TRBJ2-7
CASSLAGSDEKLFF	TRBV27	TRBJ1-4
CASSWRDRGHGNTIYF	TRBV6-5	TRBJ1-3
CASSQGRLRTEAFF	TRBV4-1	TRBJ1-1
CSARGKISGTYNEQFF	TRBV20-1	TRBJ2-1
CASSSLWEETQYF	TRBV27	TRBJ2-5
