CASSHDDLRGEYNEQFF	TRBV7-9	TRBJ2-1
CSVESKINYGYTF	TRBV29-1	TRBJ1-2
CASSPGGRQGDYNEQFF	TRBV6-1	TRBJ2-1
CSARYQAGTETQYF	TRBV20-1	TRBJ2-5
CAIKKGEGVIAYEQYF	TRBV10-3	TRBJ2-7
CASSMQGKLYEQYF	TRBV3-1	TRBJ2-7
CASSLADEQFF	TRBV5-4	TRBJ2-1
CASSQEGQLSYEQYF	TRBV4-1	TRBJ2-7
CASSEDTGELFF	TRBV9	TRBJ2-2
CATSGLKETQYF	TRBV15	TRBJ2-5
CASSQDRQGGDEQYF	TRBV4-1	TRBJ2-7
CASTGTGVYEQFF	TRBV19	TRBJ2-1
CASSLGVLTEAFF	TRBV5-6	TRBJ1-1
CASSYPPTDTQYF	TRBV6-3	TRBJ2-3
CASSQADSLNSPLHF	TRBV3-1	TRBJ1-6
CASSLWNTEAFF	TRBV7-2	TRBJ1-1
CASSLLGQGTGEQYF	TRBV27	TRBJ2-7
CASSLVGTEAFF	TRBV7-9	TRBJ1-1
CASSAASGTDTQYF	TRBV9	TRBJ2-3
CAIQEDTDTQYF	TRBV7-9	TRBJ2-3
CASRGGGSSYNEQFF	TRBV6-1	TRBJ2-1
CASSPMDTQYF	TRBV12-4	TRBJ2-3
CASSLPLARASQYF	TRBV5-6	TRBJ2-5
CASSGFSGPQDKPQHF	TRBV19	TRBJ1-5
CASSLPSGMLYEQYF	TRBV13	TRBJ2-7
CASSQDGDRVYGYTF	TRBV4-2	TRBJ1-2
CASSLKGGRHEQYF	TRBV7-6	TRBJ2-7
CASSMSGANVLTF	TRBV19	TRBJ2-6
CASSLSARAAGYTF	TRBV13	TRBJ1-2
CASSAQQGLSSYEQYF	TRBV19	TRBJ2-7
CASSMGQGTLRNQPQHF	TRBV19	TRBJ1-5
CSARDRGAANTGELFF	TRBV20-1	TRBJ2-2
CASSADPSQGDGNYGYTF	TRBV9	TRBJ1-2
CASSKTGTSSYNEQFF	TRBV6-3	TRBJ2-1
CASSEYPGYYGYTF	TRBV6-1	TRBJ1-2
CASRLWTAETQYF	TRBV6-5	TRBJ2-5
CARGGTGYNEQFF	TRBV2	TRBJ2-1
CASSFPGSETQYF	TRBV7-9	TRBJ2-5
CASSLELGPDTQYF	TRBV5-6	TRBJ2-3
CASRLGETQYF	TRBV6-2	TRBJ2-5
CASSSRTESPHQPQHF	TRBV27	TRBJ1-5
CASSPLLGGTYNEQFF	TRBV6-3	TRBJ2-1
CSAREIAGRTNEQFF	TRBV20-1	TRBJ2-1
CASGLNPQERSTDTQYF	TRBV12-5	TRBJ2-3
CASSPPGGNEQFF	TRBV7-8	TRBJ2-1
CASKPTSTDTQYF	TRBV27	TRBJ2-3
CSAEQAYEQYF	TRBV20-1	TRBJ2-7
CASSPVSGSSYEQYF	TRBV3-1	TRBJ2-7
CASSLEASGPYNEQFF	TRBV5-1	TRBJ2-1
CASSLKQSPHTEAFF	TRBV27	TRBJ1-1
CASSPGQGSSYEQYF	TRBV4-1	TRBJ2-7
CASSPGTSETGELFF	TRBV12-3	TRBJ2-2
CASLPGNGAEAFF	TRBV6-5	TRBJ1-1
CASGEGGDEQYF	TRBV25-1	TRBJ2-7
CSARTGTGNSYTF	TRBV20-1	TRBJ1-2
CASSQRIGRGGPRNTDTQYF	TRBV4-1	TRBJ2-3
CASSHSTGSSTEAFF	TRBV7-8	TRBJ1-1
CASSHVGGYEQYF	TRBV4-1	TRBJ2-7
CASSLETGSYEQYF	TRBV4-1	TRBJ2-7
CASSIGTGGDINYGYTF	TRBV5-1	TRBJ1-2
CASSGEDIHSGNTIYF	TRBV13	TRBJ1-3
CASSLEGRVYSDTQYF	TRBV5-1	TRBJ2-3
CASSLETGGYGYTF	TRBV5-1	TRBJ1-2
CASSQTGGTEAFF	TRBV12-3	TRBJ1-1
CASSLEGAAGDLYEQYF	TRBV11-2	TRBJ2-7
CSARAGVGNTIYF	TRBV20-1	TRBJ1-3
CASSVQGSGTYGYTF	TRBV9	TRBJ1-2
CSADAFF	TRBV29-1	TRBJ1-1
CASSVEGLRVTGELFF	TRBV9	TRBJ2-2
CASSLDRGHEQYF	TRBV5-1	TRBJ2-7
CASSQDMDEQFF	TRBV3-1	TRBJ2-1
CASSFSPTAQGLEQYF	TRBV27	TRBJ2-7
CSVKGTNTEAFF	TRBV29-1	TRBJ1-1
CASSLYKSSYNEQFF	TRBV28	TRBJ2-1
CASRDNNQPQHF	TRBV6-6	TRBJ1-5
CASSADRFPYEQYF	TRBV9	TRBJ2-7
CSVPITVQETQYF	TRBV29-1	TRBJ2-5
CASRDTSYEQYF	TRBV6-5	TRBJ2-7
CASCQVRGTEAFF	TRBV11-2	TRBJ1-1
CATSDWPKGDTIYF	TRBV24-1	TRBJ1-3
CASSYVREETQYF	TRBV7-9	TRBJ2-5
CASSGWIGTENTGELFF	TRBV9	TRBJ2-2
CASSLQAGLTIETQYF	TRBV27	TRBJ2-5
CASSLVSTEAFF	TRBV7-6	TRBJ1-1
CASSVDTGFTEAFF	TRBV9	TRBJ1-1
CASSSPNTEAFF	TRBV27	TRBJ1-1
CSASLAGGPFQETQYF	TRBV20-1	TRBJ2-5
CASSFNNEQFF	TRBV5-1	TRBJ2-1
CASRLRDSYTF	TRBV5-4	TRBJ1-2
CASSSYANTDTQYF	TRBV10-2	TRBJ2-3
CASSVTDRIRNTIYF	TRBV12-4	TRBJ1-3
CSARLQGENTIYF	TRBV20-1	TRBJ1-3
CASAATVAKNIQYF	TRBV19	TRBJ2-4
CASSGGRVAPGELFF	TRBV2	TRBJ2-2
CASSSGLLTADEQFF	TRBV9	TRBJ2-1
CASSKANPGNTIYF	TRBV19	TRBJ1-3
CASSVELGSGRETQYF	TRBV9	TRBJ2-5
CASSSQGQGHVNTEAFF	TRBV7-9	TRBJ1-1
CASSLGAYEQYF	TRBV7-8	TRBJ2-7
CSARDREFGNTIYF	TRBV20-1	TRBJ1-3
CASSLIGGDYEQYF	TRBV12-3	TRBJ2-7
CASSQDRLTGTQYF	TRBV4-1	TRBJ2-5
CASSLGENTGELFF	TRBV12-4	TRBJ2-2
CASSLPGNQPQHF	TRBV12-4	TRBJ1-5
CASSFGVGTESYEQYF	TRBV6-3	TRBJ2-7
CASSLAPSGGDEQYF	TRBV7-2	TRBJ2-7
CASSPWGGGTEAFF	TRBV9	TRBJ1-1
CATMEPGQGPDTQYF	TRBV27	TRBJ2-3
CASSITWTGNMNTEAFF	TRBV19	TRBJ1-1
CASLASGQGSHEQFF	TRBV18	TRBJ2-1
CASSQAHWGTGENTIYF	TRBV4-1	TRBJ1-3
CASSLSGQGSGELFF	TRBV7-9	TRBJ2-2
CASSLPGTVQETQYF	TRBV4-3	TRBJ2-5
CASSSKTGAYEQYF	TRBV27	TRBJ2-7
CASSSHGAGAYNEQFF	TRBV11-3	TRBJ2-1
CASSLWGEGLTPEAFF	TRBV28	TRBJ1-1
CASSASGTTSEQYF	TRBV7-3	TRBJ2-7
CASSPNPGGLNGYTF	TRBV3-1	TRBJ1-2
CASSLNTLSTEAFF	TRBV7-9	TRBJ1-1
CAIGTGDTNQPQHF	TRBV10-3	TRBJ1-5
CASSQGFTEAFF	TRBV19	TRBJ1-1
CASSLPLSQRDYGYTF	TRBV7-9	TRBJ1-2
CSVEGFRTENNQPQHF	TRBV29-1	TRBJ1-5
CASSQSFDRRETQYF	TRBV4-3	TRBJ2-5
CASSLGGADEQFF	TRBV5-1	TRBJ2-1
CASSIDRGGNTEAFF	TRBV19	TRBJ1-1
CASNPGGLHQPQHF	TRBV19	TRBJ1-5
CASSWGQGSNYGYTF	TRBV7-2	TRBJ1-2
CASSLIGEAFF	TRBV12-3	TRBJ1-1
CSVSAGEEDTQYF	TRBV29-1	TRBJ2-3
CASSPGGLAGADTQYF	TRBV5-1	TRBJ2-3
CSVEVQRETEQFF	TRBV29-1	TRBJ2-1
CASSTTRAGDQPQHF	TRBV7-9	TRBJ1-5
CASSDPTRGTEAFF	TRBV2	TRBJ1-1
CSAREEAGDDTGELFF	TRBV20-1	TRBJ2-2
CASSSRSEGSYEQYF	TRBV7-9	TRBJ2-7
CASSPGDRGSGYTF	TRBV12-3	TRBJ1-2
CASSYSIGETQYF	TRBV6-3	TRBJ2-5
CSATGTGILDGYTF	TRBV20-1	TRBJ1-2
CSARDGARGNTIYF	TRBV20-1	TRBJ1-3
CASIYSGNGELFF	TRBV12-3	TRBJ2-2
CSGGQGEGEQFF	TRBV29-1	TRBJ2-1
CASSQNQDMGTEAFF	TRBV4-1	TRBJ1-1
CASSQDLAGNTGELFF	TRBV4-3	TRBJ2-2
CASSLLGAENTIYF	TRBV7-9	TRBJ1-3
CASSFDGVYEQYF	TRBV19	TRBJ2-7
CASTQKLGIYGYTF	TRBV4-1	TRBJ1-2
CASSLPRGRDNEQFF	TRBV7-9	TRBJ2-1
CASSLAGAPSGEQYF	TRBV5-1	TRBJ2-7
CASSPQTGKRLYEQYF	TRBV7-9	TRBJ2-7
CASRVGNTEAFF	TRBV4-1	TRBJ1-1
CASSAPGQNYGYTF	TRBV4-1	TRBJ1-2
CASSGGTNPGELFF	TRBV19	TRBJ2-2
CASSLRSAAGWPFF	TRBV28	TRBJ1-1
CASSPSGGGFHNEQFF	TRBV6-3	TRBJ2-1
CASSLLAGVSADTQYF	TRBV7-2	TRBJ2-3
CASSLAAGQQYF	TRBV11-3	TRBJ2-3
CASGARNVANTGELFF	TRBV6-3	TRBJ2-2
CASSLAGYNEQFF	TRBV7-2	TRBJ2-1
CASSFNGVRETQYF	TRBV5-4	TRBJ2-5
CASSAWLVETQYF	TRBV2	TRBJ2-5
CASSPTDFSYEQYF	TRBV4-1	TRBJ2-7
CASSASAGPGDTQYF	TRBV7-7	TRBJ2-3
CASSLAGSYEQYF	TRBV7-9	TRBJ2-7
CASSSARGHHTQYF	TRBV7-9	TRBJ2-3
CASHGGGTEAFF	TRBV5-1	TRBJ1-1
CASSQDRGSTEAFF	TRBV4-3	TRBJ1-1
CASSSQRKVPGELFF	TRBV2	TRBJ2-2
CATSAGTFHTGELFF	TRBV24-1	TRBJ2-2
CASSPDSYGEKLFF	TRBV7-9	TRBJ1-4
CASSLVGGELFF	TRBV19	TRBJ2-2
CASSLTGGVHNSPLHF	TRBV6-4	TRBJ1-6
CASSLAGEGYEQYF	TRBV7-6	TRBJ2-7
CASSLTGLAGAEQYF	TRBV27	TRBJ2-7
CASRMDIFRMGNTIYF	TRBV6-1	TRBJ1-3
CASSEGRVLSGELFF	TRBV2	TRBJ2-2
CASSQGAGGLGGELFF	TRBV4-2	TRBJ2-2
CASSLGAGGAGETQYF	TRBV12-4	TRBJ2-5
CASSVGGAGGTESYEQYF	TRBV9	TRBJ2-7
CASRQNGWEGSTEAFF	TRBV12-4	TRBJ1-1
CASSQSPGGQQFF	TRBV14	TRBJ2-1
CASSQSPGGIQYF	TRBV14	TRBJ2-4
CSARDPPSDVGTQYF	TRBV20-1	TRBJ2-5
CALVGLNTEAFF	TRBV30	TRBJ1-1
CSAIPQGTPYNEQFF	TRBV20-1	TRBJ2-1
CSARDIHGQGTYNEQFF	TRBV20-1	TRBJ2-1
CASSLGGGGKYTGELFF	TRBV7-9	TRBJ2-2
CASSYGGISSYEQYF	TRBV6-5	TRBJ2-7
CASSIARFNEQFF	TRBV19	TRBJ2-1
CASTGLAGYNEQFF	TRBV6-3	TRBJ2-1
CASSPFAGSTDTQYF	TRBV4-1	TRBJ2-3
CASSQAQGMGNSPLHF	TRBV4-2	TRBJ1-6
CASSSSGVGFYEQYF	TRBV12-4	TRBJ2-7
CASTEGTVAPGTQYF	TRBV2	TRBJ2-3
CASSFTGKGYNEQFF	TRBV7-9	TRBJ2-1
CASSQDPQGYIQPQHF	TRBV4-1	TRBJ1-5
CASRRRGGVTEAFF	TRBV11-3	TRBJ1-1
CASSLISGEGQPQHF	TRBV28	TRBJ1-5
CAIGTGDSNQPQHF	TRBV10-3	TRBJ1-5
CASGGLVSPQSSYEQYF	TRBV10-2	TRBJ2-7
CASSPPGQLSYEQYF	TRBV11-2	TRBJ2-7
CASSSTETGTEAFF	TRBV7-9	TRBJ1-1
CASSLGLAGARGSSYNEQFF	TRBV7-2	TRBJ2-1
CASSLGLPGLEGNTGELFF	TRBV7-8	TRBJ2-2
CATSRDKGADGYTF	TRBV15	TRBJ1-2
CSVGSGEDNEQYF	TRBV29-1	TRBJ2-7
CSVAQEVAGPTGELFF	TRBV29-1	TRBJ2-2
CASSFMSTDTQYF	TRBV27	TRBJ2-3
CATGYRFNQPQHF	TRBV7-2	TRBJ1-5
CASSQQGSYGYTF	TRBV14	TRBJ1-2
CASSQVRGTEAFF	TRBV11-2	TRBJ1-1
CASSFSSGLGYEQYF	TRBV12-4	TRBJ2-7
CASNPTGVGDEKLFF	TRBV11-2	TRBJ1-4
CASSLGGTSDDTQYF	TRBV11-1	TRBJ2-3
CASPNRQGHTDTQYF	TRBV12-3	TRBJ2-3
CAISESGTGSVFDGYTF	TRBV10-3	TRBJ1-2
CASSPPGEGEQYF	TRBV7-9	TRBJ2-7
CASSQLSGSLETQYF	TRBV6-6	TRBJ2-5
CASRPTDYNSPLHF	TRBV16	TRBJ1-6
CASTTTGNTDTQYF	TRBV18	TRBJ2-3
CASSPRTGNTGELFF	TRBV7-9	TRBJ2-2
CASNMGPYEQYF	TRBV12-3	TRBJ2-7
CSASDTVDLAGELFF	TRBV20-1	TRBJ2-2
CASSDGQGLEQYF	TRBV27	TRBJ2-7
CASSVGTALDSYNEQFF	TRBV9	TRBJ2-1
CASSPTGGDIQYF	TRBV7-3	TRBJ2-4
CASSYDASGLTYEQYF	TRBV6-3	TRBJ2-7
CASSLGYGYTF	TRBV7-8	TRBJ1-2
CSARGEGGSYNEQFF	TRBV20-1	TRBJ2-1
CASSPRQGTETQYF	TRBV14	TRBJ2-5
CSVGADGTNEKLFF	TRBV29-1	TRBJ1-4
CASWWFVQTSGSYNSPLHF	TRBV6-6	TRBJ1-6
CASSPRGGAGTDTQYF	TRBV7-8	TRBJ2-3
CASTLGQGAPGYTF	TRBV7-9	TRBJ1-2
CASGIALRQFF	TRBV19	TRBJ2-1
CASSEVGAVNQETQYF	TRBV2	TRBJ2-5
CASSEGQGANYGYTF	TRBV6-4	TRBJ1-2
CASSTPSNNEQFF	TRBV7-3	TRBJ2-1
CASSLKRYEQFF	TRBV12-4	TRBJ2-1
CASSRQGDEKLFF	TRBV6-6	TRBJ1-4
CASSFQGSPQETQYF	TRBV5-6	TRBJ2-5
CASSIDWHPWRAKGNYEQYF	TRBV19	TRBJ2-7
CASKIGQGYEQYF	TRBV6-5	TRBJ2-7
CSARDLGGPNTGELFF	TRBV20-1	TRBJ2-2
CSVEGPLPAGTLGTQYF	TRBV29-1	TRBJ2-5
CSARAGGGATEAFF	TRBV20-1	TRBJ1-1
CASSYGQQETQYF	TRBV12-4	TRBJ2-5
CASSLAYFGGSYEQYF	TRBV7-9	TRBJ2-7
CASSQPGAFFTDTQYF	TRBV3-1	TRBJ2-3
CSARGQGDEQYF	TRBV20-1	TRBJ2-7
CSARDLEVLSYEQYF	TRBV20-1	TRBJ2-7
CASSPPTGTYYNEQFF	TRBV6-6	TRBJ2-1
CASSLVLSSPTYEQYF	TRBV7-2	TRBJ2-7
CASSQEYRGSDTQYF	TRBV3-1	TRBJ2-3
CASSRPGQGARTGELFF	TRBV12-3	TRBJ2-2
CASSIRSSETQYF	TRBV19	TRBJ2-5
CASRMGDINTGELFF	TRBV9	TRBJ2-2
CASSPRGPAYGYTF	TRBV9	TRBJ1-2
CASTNEGPYSPLHF	TRBV6-1	TRBJ1-6
CASSPGVTSGRMGEQYF	TRBV4-2	TRBJ2-7
CASRLTGVNKNIQYF	TRBV28	TRBJ2-4
CASISPLGLASGTGELFF	TRBV6-5	TRBJ2-2
CASGQELAGTDTQYF	TRBV12-5	TRBJ2-3
CAISTGDGNQPQHF	TRBV10-3	TRBJ1-5
CASSFLAENNEQFF	TRBV27	TRBJ2-1
CASSFGGLNSLGGYGYTF	TRBV27	TRBJ1-2
CASSQILQGKDIQYF	TRBV7-9	TRBJ2-4
CASSQERLTTNEKLFF	TRBV4-3	TRBJ1-4
CASSIVPAETQYF	TRBV19	TRBJ2-5
CASSIAPWHRNNQPQHF	TRBV19	TRBJ1-5
CASSLNPGNPNEQFF	TRBV7-9	TRBJ2-1
CASSQERGLPNEKLFF	TRBV3-1	TRBJ1-4
CATSDRGGTEAFF	TRBV24-1	TRBJ1-1
CASSHPEGGTGELFF	TRBV7-8	TRBJ2-2
CASSSGNTEAFF	TRBV11-2	TRBJ1-1
CASSPRTGYGYTF	TRBV19	TRBJ1-2
CASSRPSSGNTIYF	TRBV14	TRBJ1-3
CASSLGDFFSQETQYF	TRBV11-2	TRBJ2-5
CASSLSSGRTEAFF	TRBV7-6	TRBJ1-1
CASSVGVDSTDTQYF	TRBV9	TRBJ2-3
CSASPPSYNEQFF	TRBV20-1	TRBJ2-1
CASSTTSGARIGNEQFF	TRBV7-2	TRBJ2-1
CASSQDPGTGTDEQYF	TRBV3-1	TRBJ2-7
CASSYSMQGVGYGYTF	TRBV6-5	TRBJ1-2
CASSSGQLSNTGELFF	TRBV9	TRBJ2-2
CASSLVRGGNEQFF	TRBV7-9	TRBJ2-1
CASSVLRTSGSYNEQFF	TRBV6-1	TRBJ2-1
CSAHRQGRTYEQYF	TRBV20-1	TRBJ2-7
CASSIGAGDEQFF	TRBV19	TRBJ2-1
CASSYHIGQGYTF	TRBV6-5	TRBJ1-2
CASRRRTGNTIYF	TRBV14	TRBJ1-3
CASSVRTTTGVGDYGYTF	TRBV9	TRBJ1-2
CASSSPAEGGQPQHF	TRBV11-1	TRBJ1-5
CASSQTFGGAYNEQFF	TRBV11-2	TRBJ2-1
CASRLSGSAYEQYF	TRBV7-8	TRBJ2-7
CASSQTTRQSNTEAFF	TRBV4-2	TRBJ1-1
CASSLGQGVFYEQFF	TRBV7-9	TRBJ2-1
CASSLLADYNEQFF	TRBV7-3	TRBJ2-1
CSVGRDGTNEKLFF	TRBV29-1	TRBJ1-4
CASSFGTFETQYF	TRBV27	TRBJ2-5
CASRRDSQGYSNQPQHF	TRBV6-1	TRBJ1-5
CASSNRAGNEQFF	TRBV19	TRBJ2-1
CSVMLANQETQYF	TRBV29-1	TRBJ2-5
CASSLGEGHMNTEAFF	TRBV11-2	TRBJ1-1
CASSFTSGTTDTQYF	TRBV11-2	TRBJ2-3
CASSLSQGGNSPLHF	TRBV7-8	TRBJ1-6
CSVWGLAGGPTGYEQYF	TRBV29-1	TRBJ2-7
CASGGGGPYEQYF	TRBV27	TRBJ2-7
CASSPRDRGGSNEKLFF	TRBV18	TRBJ1-4
CASSTDSYTGELFF	TRBV7-3	TRBJ2-2
CASSSGQTLPGELFF	TRBV18	TRBJ2-2
CSVPSGGANTGELFF	TRBV29-1	TRBJ2-2
CATSRDRGHGDTIYF	TRBV15	TRBJ1-3
CASSFDKTEQFF	TRBV7-9	TRBJ2-1
CASSLGDFLRTDTQYF	TRBV11-2	TRBJ2-3
CASSLPDYNEQFF	TRBV5-1	TRBJ2-1
CSVLRDTGELFF	TRBV29-1	TRBJ2-2
CASSGTGVVPTEQYF	TRBV7-9	TRBJ2-7
CASSFGTTDNEQFF	TRBV5-1	TRBJ2-1
CASSLRDGGLNYGYTF	TRBV5-1	TRBJ1-2
CASSLGPGSEGGYTF	TRBV12-4	TRBJ1-2
CASSAWDINTGELFF	TRBV9	TRBJ2-2
CASSLSGAYEQYF	TRBV28	TRBJ2-7
CASSLDRDVAYEQYF	TRBV7-9	TRBJ2-7
CASSYRNTIYF	TRBV6-5	TRBJ1-3
CASSYGTSDEQFF	TRBV12-4	TRBJ2-1
CSVTGDRRSNQPQHF	TRBV29-1	TRBJ1-5
CASSSTSGGNLQETQYF	TRBV12-4	TRBJ2-5
CASSIAGGTDTQYF	TRBV27	TRBJ2-3
CASSQVAGGITGELFF	TRBV14	TRBJ2-2
CAWTLAGRDTGELFF	TRBV30	TRBJ2-2
CASSLFLAAQETQYF	TRBV27	TRBJ2-5
CASSLFSDTQYF	TRBV5-6	TRBJ2-3
CASISTEAFF	TRBV19	TRBJ1-1
CASSSLQSEPQHF	TRBV7-9	TRBJ1-5
CSVESAFPYEQYF	TRBV29-1	TRBJ2-7
CASSQNSPLHF	TRBV5-6	TRBJ1-6
CASSRDKNYGYTF	TRBV6-5	TRBJ1-2
CASSLSGYEQYF	TRBV28	TRBJ2-7
CASSQDSAGGREQYF	TRBV4-3	TRBJ2-7
CAISATGAVTEAFF	TRBV10-3	TRBJ1-1
CASSELAGAQDTQYF	TRBV6-1	TRBJ2-3
CASRPGVGNQPQHF	TRBV5-5	TRBJ1-5
CASSGTPGQLRPANYGYTF	TRBV5-5	TRBJ1-2
CASSRTGLNTEAFF	TRBV27	TRBJ1-1
CASRLAGAPSTGELFF	TRBV6-5	TRBJ2-2
CASSVGSNTGELFF	TRBV9	TRBJ2-2
CASSLLVFSLNEQFF	TRBV7-9	TRBJ2-1
CASSMDRDYNSPLHF	TRBV12-4	TRBJ1-6
CASSEGPHEQFF	TRBV2	TRBJ2-1
CSFRIGGTEAFF	TRBV29-1	TRBJ1-1
CASGPYEGNQPQHF	TRBV27	TRBJ1-5
CASSDGWGEAFF	TRBV11-3	TRBJ1-1
CASRPPVRSDEQFF	TRBV7-9	TRBJ2-1
CASSLAGDRGRNSPLHF	TRBV7-9	TRBJ1-6
CASSLGLENEQFF	TRBV7-8	TRBJ2-1
CASSVKGGPDTQYF	TRBV9	TRBJ2-3
CASSSGPEAFF	TRBV4-1	TRBJ1-1
CASRTTGAGDTEAFF	TRBV19	TRBJ1-1
CASSLLGVSAQETQYF	TRBV12-4	TRBJ2-5
CASSLTLQRVGTGELFF	TRBV7-2	TRBJ2-2
CSVPSLLNTEAFF	TRBV29-1	TRBJ1-1
CASSLFTDTQYF	TRBV7-8	TRBJ2-3
CASSSQGAGANVLTF	TRBV5-4	TRBJ2-6
CSARDFAGDYGYTF	TRBV20-1	TRBJ1-2
CSARDRLAGEYSEQYF	TRBV20-1	TRBJ2-7
CASFSQRKVPGELFF	TRBV2	TRBJ2-2
CASSFGTGAQPQHF	TRBV5-6	TRBJ1-5
CASSQVSPVVLDRDNEQFF	TRBV4-1	TRBJ2-1
CASAHPRASGSTDTQYF	TRBV7-2	TRBJ2-3
CASSLLTGHEQFF	TRBV27	TRBJ2-1
CASSSVVAGNSPLHF	TRBV5-5	TRBJ1-6
CASSLLAGQETQYF	TRBV11-2	TRBJ2-5
CASSHPAGGEETQYF	TRBV4-1	TRBJ2-5
CSARAPLTGNGGYTF	TRBV20-1	TRBJ1-2
CASSQVGGNTEAFF	TRBV4-3	TRBJ1-1
CASSQDGRTYGYTF	TRBV3-1	TRBJ1-2
CASSKREIRSTGTLRYEQYF	TRBV7-8	TRBJ2-7
CASSSLAGDLGEQYF	TRBV7-6	TRBJ2-7
CASSVPGSNQPQHF	TRBV28	TRBJ1-5
CAISEMTGSVSPLHF	TRBV10-3	TRBJ1-6
CSARPQPVGNTIYF	TRBV20-1	TRBJ1-3
CASSLVEGRNEQFF	TRBV5-4	TRBJ2-1
CASSIKGPFRTEAFF	TRBV19	TRBJ1-1
CSGEWDQNIQYF	TRBV20-1	TRBJ2-4
CASSFSGNTGELFF	TRBV12-3	TRBJ2-2
CASSYAGQHQETQYF	TRBV13	TRBJ2-5
CASSPWTGPLNTEAFF	TRBV9	TRBJ1-1
CASKDGISYEQYF	TRBV7-9	TRBJ2-7
CASSEAESQPQHF	TRBV2	TRBJ1-5
CASSSGTYYNEQFF	TRBV27	TRBJ2-1
CASRATFTDTQYF	TRBV6-6	TRBJ2-3
CASSFTWTSGETTDTQYF	TRBV11-2	TRBJ2-3
CASSHRAGASYEQYF	TRBV4-1	TRBJ2-7
CASGGQYNEQFF	TRBV10-2	TRBJ2-1
CATMVTYF	TRBV24-1	TRBJ2-3
CASSFLGTGGASNLISGNTIYF	TRBV7-9	TRBJ1-3
CATSDSLQGYSNQPQHF	TRBV24-1	TRBJ1-5
CASSESISYEQYF	TRBV10-1	TRBJ2-7
CASSLAQGFHEQYF	TRBV5-1	TRBJ2-7
CASSQEAGLGYEKLFF	TRBV4-1	TRBJ1-4
CSARTGNTIYF	TRBV20-1	TRBJ1-3
CSASFTGPFYEQYF	TRBV20-1	TRBJ2-7
CASSEPPQGRNTEAFF	TRBV2	TRBJ1-1
CASSGGNILDGYTF	TRBV6-1	TRBJ1-2
CASSLALDSAGEQYF	TRBV13	TRBJ2-7
CASRSWESGTEAFF	TRBV7-9	TRBJ1-1
CAIGEGSMNTEAFF	TRBV10-3	TRBJ1-1
CASSQMSGGAYNEQFF	TRBV14	TRBJ2-1
CASSLDNSHGYTF	TRBV12-4	TRBJ1-2
CSGGTDGTNEKLFF	TRBV29-1	TRBJ1-4
CASSISGTILNEQFF	TRBV5-4	TRBJ2-1
CASLRLGIDQETQYF	TRBV7-9	TRBJ2-5
CASSGGTSGYNEQFF	TRBV5-6	TRBJ2-1
CASGPWTDLNYGYTF	TRBV6-5	TRBJ1-2
CASSLTGQGAYGYTF	TRBV7-3	TRBJ1-2
CASSPRGRTEAFF	TRBV7-8	TRBJ1-1
CASSSGSRRPQHF	TRBV6-5	TRBJ1-5
CASMKYEAFF	TRBV6-1	TRBJ1-1
CASSPIGGEALGETQYF	TRBV14	TRBJ2-5
CASSDTGGNQPQHF	TRBV10-2	TRBJ1-5
CASSSTVYNEQFF	TRBV19	TRBJ2-1
CASPGGIQYF	TRBV14	TRBJ2-4
CASSEVVSTTYEQYF	TRBV6-1	TRBJ2-7
CSARDETGNTIYF	TRBV20-1	TRBJ1-3
CASSIGAGGYNEQFF	TRBV19	TRBJ2-1
CASSQGVGDTLSYEQYF	TRBV4-3	TRBJ2-7
CASSQVPQGLSGNTIYF	TRBV3-1	TRBJ1-3
CASSLLGQYNSPLHF	TRBV7-2	TRBJ1-6
CASSWTGGYEQYF	TRBV7-9	TRBJ2-7
CASSIGFRMNTEAFF	TRBV19	TRBJ1-1
CSVPGGMNTEAFF	TRBV29-1	TRBJ1-1
CASSFGHYNEQFF	TRBV27	TRBJ2-1
CASSWQPNTEAFF	TRBV5-1	TRBJ1-1
CARQPLRGANVLTF	TRBV2	TRBJ2-6
CASSFEGGGDTQYF	TRBV7-2	TRBJ2-3
CSANGGDTEAFF	TRBV20-1	TRBJ1-1
CASSPGQGEGYEQYF	TRBV4-1	TRBJ2-7
CASSPRGTVLEKLFF	TRBV27	TRBJ1-4
CASSYEDGRYNEQFF	TRBV6-6	TRBJ2-1
CASSETSGPSYEQYF	TRBV11-3	TRBJ2-7
CASSPRSSYEQYF	TRBV19	TRBJ2-7
CASSLDQDTFLGVVTGELFF	TRBV7-2	TRBJ2-2
CSARDLDRDGTDTQYF	TRBV20-1	TRBJ2-3
CATSETSRGSQHF	TRBV24-1	TRBJ1-5
CASSANKVSGGPDNEQFF	TRBV9	TRBJ2-1
CASSSLNSPLHF	TRBV27	TRBJ1-6
CASSKTDTQYF	TRBV5-1	TRBJ2-3
CSASGLAVNEQFF	TRBV20-1	TRBJ2-1
CASSLPLSRTTDTQYF	TRBV11-2	TRBJ2-3
CSARDTGVSDTQYF	TRBV20-1	TRBJ2-3
CASSRPTGNTEAFF	TRBV7-9	TRBJ1-1
CSARGQGRDAAFF	TRBV20-1	TRBJ1-1
CASSAAGAVETQYF	TRBV14	TRBJ2-5
CASSATGEWQPQHF	TRBV9	TRBJ1-5
CASSPQWANTGELFF	TRBV6-5	TRBJ2-2
CASWTGDSNQPQHF	TRBV19	TRBJ1-5
CASSDGTGSFYEQYF	TRBV6-1	TRBJ2-7
CASSPMRGALLEQYF	TRBV5-1	TRBJ2-7
CASSFSGQGAATNEKLFF	TRBV12-3	TRBJ1-4
CASSPGTNYGYTF	TRBV12-4	TRBJ1-2
CASSPPIAGGYTGELFF	TRBV7-8	TRBJ2-2
CASSTGFSDTQYF	TRBV19	TRBJ2-3
CATTQYGTDTQYF	TRBV15	TRBJ2-3
CASSSNANYGYTF	TRBV7-8	TRBJ1-2
CASPLPGQGTAFF	TRBV13	TRBJ1-1
CASSLGQGEAFF	TRBV7-6	TRBJ1-1
CSASLGRSREQYF	TRBV20-1	TRBJ2-7
CASSLSGQGRGEQFF	TRBV7-3	TRBJ2-1
CASSSQLWREEIEQFF	TRBV7-2	TRBJ2-1
CASSRQGGNYGYTF	TRBV6-5	TRBJ1-2
CASSFVGQGGTEAFF	TRBV28	TRBJ1-1
CASHATGAYGYTF	TRBV2	TRBJ1-2
CASSQDRGGNTIYF	TRBV4-3	TRBJ1-3
CSVETGDEKLFF	TRBV29-1	TRBJ1-4
CSVPSAGGRSSQYF	TRBV29-1	TRBJ2-5
CASSSVGGGGDTQYF	TRBV12-3	TRBJ2-3
CASGTGGTRTMNTEAFF	TRBV5-1	TRBJ1-1
CASSRFFPGQGDHAKNIQYF	TRBV7-8	TRBJ2-4
CASSLAHTYEQYF	TRBV11-1	TRBJ2-7
CASSGKDRTEAFF	TRBV6-1	TRBJ1-1
CASSPGTGGRTEAFF	TRBV19	TRBJ1-1
CASTQRAGGRIEQFF	TRBV6-5	TRBJ2-1
CASSQVSGLAGGQNTGELFF	TRBV4-1	TRBJ2-2
CSARTAPVGNEQFF	TRBV20-1	TRBJ2-1
CSVGSGEGYEQYF	TRBV29-1	TRBJ2-7
CSVKGGFPYNEQFF	TRBV29-1	TRBJ2-1
CASSLVRNYEQYF	TRBV11-2	TRBJ2-7
CASTSVQRQGGDASYEQYF	TRBV7-9	TRBJ2-7
CASSQQAGTDSYEQYF	TRBV3-1	TRBJ2-7
CASSLVQGYEQYF	TRBV7-9	TRBJ2-7
CSARFGRGETQYF	TRBV20-1	TRBJ2-5
CSARDEVGNTIYF	TRBV20-1	TRBJ1-3
CASSSRDSGGAGETQYF	TRBV13	TRBJ2-5
CASSPEAGNMNTEAFF	TRBV18	TRBJ1-1
CASSLWARKDRGLEGYTF	TRBV28	TRBJ1-2
CASSYQGGNYGYTF	TRBV6-5	TRBJ1-2
CASSPTGTAYGYTF	TRBV27	TRBJ1-2
CSARDTGTGELVGELFF	TRBV20-1	TRBJ2-2
CASRGFSDQPQHF	TRBV12-3	TRBJ1-5
CASSEGTRVGEQFF	TRBV6-4	TRBJ2-1
CASSLGGGGTYNEQFF	TRBV5-6	TRBJ2-1
CASSFGRAGNQPQHF	TRBV27	TRBJ1-5
CASSVGSGTAYEQYF	TRBV9	TRBJ2-7
CASSNSLPSGVSYNEQFF	TRBV7-9	TRBJ2-1
CSARDCLGLAYEQYF	TRBV20-1	TRBJ2-7
CASSLWRALEQYF	TRBV28	TRBJ2-7
CASSQAGGLFEQYF	TRBV4-3	TRBJ2-7
CASSLGVGDVQETQYF	TRBV7-6	TRBJ2-5
CASSISYTGELFF	TRBV19	TRBJ2-2
CASSVGELAGGLDTQYF	TRBV9	TRBJ2-3
CSVESLGAPKSSGNTIYF	TRBV29-1	TRBJ1-3
CASSQDRTGVRNIQYF	TRBV4-2	TRBJ2-4
CASSAWAGANTGELFF	TRBV7-2	TRBJ2-2
CSARDYKLLLQETQYF	TRBV20-1	TRBJ2-5
CASSIDGTAYEQYF	TRBV19	TRBJ2-7
CASRPPGGVNEQFF	TRBV28	TRBJ2-1
CASSPHRSLSEINNYGYTF	TRBV7-2	TRBJ1-2
CASSGSAGGVWDNEQFF	TRBV7-9	TRBJ2-1
CASRNNRGGVGYTF	TRBV7-9	TRBJ1-2
CASAQIGPYEQYF	TRBV28	TRBJ2-7
CAWSLGTLSNEQFF	TRBV30	TRBJ2-1
CASTVQGRETQYF	TRBV6-2	TRBJ2-5
CASKDDGGGDLKQETQYF	TRBV2	TRBJ2-5
CASSPWVSGDTQYF	TRBV7-8	TRBJ2-3
CASSLISLGNTIYF	TRBV7-9	TRBJ1-3
CASSRPPEVAGNTIYF	TRBV3-1	TRBJ1-3
CASSDFANSGNTIYF	TRBV6-1	TRBJ1-3
CASSTTMNTEAFF	TRBV7-7	TRBJ1-1
CASSHRGQIGQFF	TRBV7-8	TRBJ2-1
CASSPTGYMNTEAFF	TRBV18	TRBJ1-1
CASSQTGTLNTEAFF	TRBV4-1	TRBJ1-1
CASSLRVFHNEQFF	TRBV7-9	TRBJ2-1
CASMDREGPDTQYF	TRBV5-1	TRBJ2-3
CASSQDRGGPGELFF	TRBV4-1	TRBJ2-2
CASSLQQGVYEQYF	TRBV7-6	TRBJ2-7
CAIMSTSYTEAFF	TRBV10-3	TRBJ1-1
CASSNLDGTGELFF	TRBV4-1	TRBJ2-2
CASSIATYSNQPQHF	TRBV19	TRBJ1-5
CASSRDSASTGELFF	TRBV10-1	TRBJ2-2
CASSQRDLSSGNTIYF	TRBV7-2	TRBJ1-3
CASSLARGGTEAFF	TRBV5-1	TRBJ1-1
CASSERQGADTQYF	TRBV6-4	TRBJ2-3
CASSSHSGRANTDTQYF	TRBV19	TRBJ2-3
CASSQVLDTEAFF	TRBV4-2	TRBJ1-1
CAITRLIGTTDTEAFF	TRBV10-3	TRBJ1-1
CASSYSASGGEQFF	TRBV6-5	TRBJ2-1
CASSPGTSGREKETQYF	TRBV7-6	TRBJ2-5
CSARDHFSGGYTDTQYF	TRBV20-1	TRBJ2-3
CASSTRTGTETNTGELFF	TRBV9	TRBJ2-2
CSVESRNYGYTF	TRBV29-1	TRBJ1-2
CAWSVGQGTDGELFF	TRBV30	TRBJ2-2
CSARSEVGDTIYF	TRBV20-1	TRBJ1-3
CASSIDFTANTEAFF	TRBV19	TRBJ1-1
CSARDTVGNGYTF	TRBV20-1	TRBJ1-2
CASSMDRGSADTQYF	TRBV19	TRBJ2-3
CASSRTSATGELFF	TRBV28	TRBJ2-2
CSARKVGLTVPTSGSFLAVDYEQYF	TRBV20-1	TRBJ2-7
CASSQAGGTMNTEAFF	TRBV4-1	TRBJ1-1
CSVRGEGDTQYF	TRBV29-1	TRBJ2-3
CASSIDDGTLINQPQHF	TRBV19	TRBJ1-5
CATAGQGGNGYTF	TRBV6-5	TRBJ1-2
CSASGPGLYYNEQFF	TRBV20-1	TRBJ2-1
CASSPGQLSNTGELFF	TRBV9	TRBJ2-2
CASSQGSEQFF	TRBV4-1	TRBJ2-1
CATSTGDSNQPQHF	TRBV15	TRBJ1-5
CASSHGQFSLYEQYF	TRBV16	TRBJ2-7
CASSDSPAGGNEQFF	TRBV6-4	TRBJ2-1
CASSQEMGGPDTQYF	TRBV14	TRBJ2-3
CASSQAGQRLAGALNPTQSYNEQFF	TRBV3-1	TRBJ2-1
CASSFPPDLNTGELFF	TRBV28	TRBJ2-2
CASSQDGWAGDQPQHF	TRBV4-1	TRBJ1-5
CASSLQGGIDGYTF	TRBV6-5	TRBJ1-2
CASAGGNQPQHF	TRBV6-3	TRBJ1-5
CSVEASEGLFNEQFF	TRBV29-1	TRBJ2-1
CASIQMARETDEQFF	TRBV4-1	TRBJ2-1
CASSLASGRSTEAFF	TRBV7-9	TRBJ1-1
CASSPWGREQFF	TRBV9	TRBJ2-1
CASSLWDRVNTEAFF	TRBV19	TRBJ1-1
CASSESSEAFF	TRBV6-1	TRBJ1-1
CASSQETGIYEQYF	TRBV4-1	TRBJ2-7
CASSSRGGTYEQYF	TRBV19	TRBJ2-7
CSGVSLQESSGANVLTF	TRBV20-1	TRBJ2-6
CASSPDGELFF	TRBV18	TRBJ2-2
CSARWGGGTDTQYF	TRBV20-1	TRBJ2-3
CASSQEGQLNQPQHF	TRBV4-2	TRBJ1-5
CASSDHQGGDGNTIYF	TRBV2	TRBJ1-3
CASSLGQAYGYTF	TRBV7-8	TRBJ1-2
CSALSGNTIYF	TRBV20-1	TRBJ1-3
CASSIGLYGYTF	TRBV19	TRBJ1-2
CASSSLGDRNTEAFF	TRBV7-9	TRBJ1-1
CASTREGLNTGELFF	TRBV7-7	TRBJ2-2
CASSELAGGPETQYF	TRBV6-1	TRBJ2-5
CASSQEGASSYNEQFF	TRBV4-1	TRBJ2-1
CASSQSPGGIPFF	TRBV14	TRBJ1-1
CASSSGNNEQFF	TRBV19	TRBJ2-1
CASSPWASGTQETQYF	TRBV18	TRBJ2-5
CASNAGTGHPNEKLFF	TRBV2	TRBJ1-4
CASSLTGTFRGYTF	TRBV27	TRBJ1-2
CASSFLDRGDTEAFF	TRBV12-3	TRBJ1-1
CASSQGLGENTEAFF	TRBV4-1	TRBJ1-1
CASSQDDRRGSYNEQFF	TRBV4-3	TRBJ2-1
CASSLVGVPNYGYTF	TRBV5-6	TRBJ1-2
CASSQDGLAGDNEQFF	TRBV3-1	TRBJ2-1
CASTPVGGRGTDTQYF	TRBV5-1	TRBJ2-3
CASSPGQLYEQYF	TRBV19	TRBJ2-7
CASSPKGGRTNYGYTF	TRBV27	TRBJ1-2
CASSQDGLAGGAFNEQFF	TRBV4-2	TRBJ2-1
CASSKEGDEQYF	TRBV7-2	TRBJ2-7
CASSVAGGDEQFF	TRBV9	TRBJ2-1
CASSQTSGSGDTQYF	TRBV9	TRBJ2-3
CASSVWTGHDEQFF	TRBV6-4	TRBJ2-1
CSARVEPGNGYTF	TRBV20-1	TRBJ1-2
CASSYVRGPGDTQYF	TRBV6-6	TRBJ2-3
CASSFRGEGSYEQYF	TRBV12-3	TRBJ2-7
CAWSGLTITEAFF	TRBV30	TRBJ1-1
CASSHTGTSGSVEPDTQYF	TRBV14	TRBJ2-3
CASSQEPTSGGPTDTQYF	TRBV4-1	TRBJ2-3
CASSQDHRMGGHEKLFF	TRBV4-3	TRBJ1-4
CASSYPPVYLAGWQFRKFF	TRBV6-3	TRBJ2-1
CASSHRQGVVLDEQFF	TRBV5-4	TRBJ2-1
CASSSQGGFDGYTF	TRBV6-5	TRBJ1-2
CASGLGGSNEQFF	TRBV12-5	TRBJ2-1
CASSETRIYMDSQETQYF	TRBV6-1	TRBJ2-5
CASSTGTSGVQPQHF	TRBV19	TRBJ1-5
CASSQAGQGNSPLHF	TRBV3-1	TRBJ1-6
CASSQGGADTQYF	TRBV4-2	TRBJ2-3
CASSYRLHEKLFF	TRBV6-2	TRBJ1-4
CASSRLALLTDTQYF	TRBV4-2	TRBJ2-3
CSARIGVGNGYTF	TRBV20-1	TRBJ1-2
CASSLAWDLNSPLHF	TRBV7-2	TRBJ1-6
CSVVGTSLYNEQFF	TRBV29-1	TRBJ2-1
CSARGHETTGELFF	TRBV20-1	TRBJ2-2
CASSSDINYGYTF	TRBV7-8	TRBJ1-2
CASRETGEGYEQYF	TRBV10-2	TRBJ2-7
CASTDRRDTQYF	TRBV28	TRBJ2-3
CASSPAGFSGNTIYF	TRBV4-1	TRBJ1-3
CASSQVLAGMWNEQFF	TRBV14	TRBJ2-1
CASSLRNTEAFF	TRBV12-3	TRBJ1-1
CASSQGSELMTGNTIYF	TRBV6-6	TRBJ1-3
CASSQGSGGGYEQFF	TRBV4-3	TRBJ2-1
CASSFGQGLSGANVLTF	TRBV6-5	TRBJ2-6
CASSRGEGRGIQYF	TRBV12-3	TRBJ2-7
CASSQEGGFTDTQYF	TRBV4-3	TRBJ2-3
CASSTGQQTNTGELFF	TRBV9	TRBJ2-2
CASSPTGTEAFF	TRBV3-1	TRBJ1-1
CASTRRTGDEQYF	TRBV12-3	TRBJ2-7
CSVKWGAGELFF	TRBV29-1	TRBJ2-2
CASSQIVTSAAQYF	TRBV7-2	TRBJ2-7
CASSPGTGGWFIFSGANVLTF	TRBV5-1	TRBJ2-6
CASSSTGGKETQYF	TRBV13	TRBJ2-5
CASSIVGQPQHF	TRBV19	TRBJ1-5
CSVAWVDDTQYF	TRBV29-1	TRBJ2-3
CASSSGEYGYTF	TRBV18	TRBJ1-2
CASSYGAGEDTQYF	TRBV6-5	TRBJ2-3
CASRKGGPNNEQFF	TRBV27	TRBJ2-1
CSASGGLAGSNEQFF	TRBV20-1	TRBJ2-1
CASSLAEQGGELFF	TRBV7-2	TRBJ2-2
CASRAGGNTGELFF	TRBV12-5	TRBJ2-2
CATSGRDATNEKLFF	TRBV24-1	TRBJ1-4
CASGTGESGYTF	TRBV18	TRBJ1-2
CACAPGQGYEQYF	TRBV30	TRBJ2-7
CASALLSSYNSPLHF	TRBV12-5	TRBJ1-6
CASSYGMGTEAFF	TRBV6-3	TRBJ1-1
CASSQVKLAGEQYF	TRBV3-1	TRBJ2-7
CATQQGLGTGELFF	TRBV6-4	TRBJ2-2
CASSPTGGPPSYEQYF	TRBV13	TRBJ2-7
CASSLFASGLAGYEQYF	TRBV5-1	TRBJ2-7
CSARSDVGNTIYF	TRBV20-1	TRBJ1-3
CASRDPGLAGEGHGELFF	TRBV12-3	TRBJ2-2
CASSVPDRNQNYEQYF	TRBV9	TRBJ2-7
CASSLRTTNEKLFF	TRBV28	TRBJ1-4
CASSVILGGGGYTF	TRBV19	TRBJ1-2
CSAEPGTQGGTQYF	TRBV20-1	TRBJ2-5
CASSLWGGINEQFF	TRBV19	TRBJ2-1
CATGPRANTGELFF	TRBV28	TRBJ2-2
CASSSVNEQYF	TRBV7-8	TRBJ2-7
CSARDRDTEAFF	TRBV20-1	TRBJ1-1
CASSLTLLGNNEQYF	TRBV7-3	TRBJ2-7
CASSLLGGGYAYEQYF	TRBV27	TRBJ2-7
CASSSTGSGDQPQHF	TRBV7-9	TRBJ1-5
CASSLAGGYTEAFF	TRBV5-4	TRBJ1-1
CASSLYSATGELFF	TRBV28	TRBJ2-2
CASSQGGAWQADSYEQYF	TRBV4-1	TRBJ2-7
CASSYMGVEQFF	TRBV6-2	TRBJ2-1
CASRNIWATPAATDTQYF	TRBV6-3	TRBJ2-3
CSARVAGVEQFF	TRBV20-1	TRBJ2-1
CASSLNPQGIQPQHF	TRBV7-8	TRBJ1-5
CASSLRGGQPQHF	TRBV5-1	TRBJ1-5
CASSLDRGNTIYF	TRBV7-8	TRBJ1-3
CASSLSAGQETQYF	TRBV11-2	TRBJ2-5
CASSRSSYEQYF	TRBV7-2	TRBJ2-7
CSAGGDRSYEQYF	TRBV20-1	TRBJ2-7
CASSRMGARDGYTF	TRBV7-2	TRBJ1-2
CASSQGHGQGAFSNSPLHF	TRBV4-3	TRBJ1-6
CASSLITGNTIYF	TRBV19	TRBJ1-3
CASSEGGEQFF	TRBV2	TRBJ2-1
CASLISGTDTQYF	TRBV11-2	TRBJ2-3
CASSVGWREADTQYF	TRBV9	TRBJ2-3
CASSQLNTYGYTF	TRBV12-4	TRBJ1-2
CASSVGAGLYGYTF	TRBV9	TRBJ1-2
CASSQESASAETQYF	TRBV3-1	TRBJ2-5
CASSLELAVYNEQFF	TRBV5-1	TRBJ2-1
CASSFDPSRGEQYF	TRBV7-2	TRBJ2-7
CSVVWAEQYF	TRBV29-1	TRBJ2-7
CASSPDSGAFWPHGYTF	TRBV7-9	TRBJ1-2
CASSLRGGTQYF	TRBV27	TRBJ2-3
CASSEWTTDTQYF	TRBV25-1	TRBJ2-3
CASSSGGNEQFF	TRBV6-5	TRBJ2-1
CASSAPAGELFF	TRBV9	TRBJ2-2
CASSLTRTDTQYF	TRBV7-9	TRBJ2-3
CASSRTSGGFYNEQFF	TRBV2	TRBJ2-1
CASSLGGAGETQYF	TRBV7-2	TRBJ2-5
CSARGTEFYEQYF	TRBV20-1	TRBJ2-7
CASSLLGGSLYEQYF	TRBV28	TRBJ2-7
CASSESEGAGPTDHEQFF	TRBV10-2	TRBJ2-1
CASSPPLGLHTGELFF	TRBV18	TRBJ2-2
CASSPLAGAAIHTQYF	TRBV7-9	TRBJ2-3
CASSQSPSGTQYF	TRBV14	TRBJ2-3
CASSLKTANTGELFF	TRBV7-8	TRBJ2-2
CASSARTSTDTQYF	TRBV6-1	TRBJ2-3
CASSLYLADSYNEQFF	TRBV28	TRBJ2-1
CSSQEGGYGYTF	TRBV29-1	TRBJ1-2
CASSSTRTGDGQPQHF	TRBV7-9	TRBJ1-5
CASSQDRGPANEQFF	TRBV4-1	TRBJ2-1
CASTLGFLNEQFF	TRBV11-2	TRBJ2-1
CASSYGGGTEAFF	TRBV6-3	TRBJ1-1
CASNPQGGGGGYTF	TRBV6-5	TRBJ1-2
CSARDINRGSYEQYF	TRBV20-1	TRBJ2-7
CASSQELSYEQYF	TRBV4-2	TRBJ2-7
CSAPDRASTEAFF	TRBV20-1	TRBJ1-1
CASSLEAADNYGYTF	TRBV5-5	TRBJ1-2
CASSGRGTGGTGELFF	TRBV6-1	TRBJ2-2
CASSQLEDGHSYEQYF	TRBV13	TRBJ2-7
CASIPPGRSRDEQFF	TRBV12-4	TRBJ2-1
CASSQIRGGTEAFF	TRBV3-1	TRBJ1-1
CASSPGTGSYEQYF	TRBV5-1	TRBJ2-7
CASRRTGMNTEAFF	TRBV4-2	TRBJ1-1
CASSARSGELFF	TRBV9	TRBJ2-2
CASSANSGGYTF	TRBV28	TRBJ1-2
CASSSGRLTNTEAFF	TRBV9	TRBJ1-1
CASSYSGYGGYTF	TRBV6-5	TRBJ1-2
CASSFVDRAETQYF	TRBV7-9	TRBJ2-5
CASSLDYSRSSEAFF	TRBV5-1	TRBJ1-1
CSAGQGPYEQYF	TRBV29-1	TRBJ2-7
CASSLGLAGPIGNEQFF	TRBV7-2	TRBJ2-1
CASSLERAMNTRFQPQHF	TRBV7-8	TRBJ1-5
CASSPYTGTGPEQYF	TRBV18	TRBJ2-7
CASSSGQLTNTEAFF	TRBV9	TRBJ1-1
CASRRQETNEKLFF	TRBV6-5	TRBJ1-4
CASTKTREKLYF	TRBV27	TRBJ2-7
CASSPPGLVGGELFF	TRBV7-2	TRBJ2-2
CASSYQGGSYGYTF	TRBV6-5	TRBJ1-2
CASSPNTGMETQYF	TRBV18	TRBJ2-5
CASTGGLAGGRTTQETQYF	TRBV7-8	TRBJ2-5
CASSPSLSYEQYF	TRBV6-5	TRBJ2-7
CASSLGGTYEQYF	TRBV7-8	TRBJ2-7
CASSSTGTDDTDTQYF	TRBV7-9	TRBJ2-3
CASSHGSGSPYGYTF	TRBV11-2	TRBJ1-2
CASSLQRGRTSGRSTDTQYF	TRBV9	TRBJ2-3
CASSWEDYGYTF	TRBV5-8	TRBJ1-2
CASSDWGQGYGYTF	TRBV6-1	TRBJ1-2
CSARDATGNGYTF	TRBV20-1	TRBJ1-2
CSVEGGPGTAYNEQFF	TRBV29-1	TRBJ2-1
CASSSPGQGEEAFF	TRBV9	TRBJ1-1
CAISESVAGEQETQYF	TRBV10-3	TRBJ2-5
CSVEPGTSYNEQFF	TRBV29-1	TRBJ2-1
CASSRTGSTYEQYF	TRBV5-6	TRBJ2-7
CASSLGTGDEQYF	TRBV9	TRBJ2-7
CASTQTSAAGELFF	TRBV28	TRBJ2-2
CASGQGNFDIQYF	TRBV6-2	TRBJ2-4
CASSPNRLGLGHDTEAFF	TRBV28	TRBJ1-1
CAWNREGSALTTQYF	TRBV30	TRBJ2-5
CASSASGGAPTYNEQFF	TRBV10-2	TRBJ2-1
CASSLRGSGYTF	TRBV11-2	TRBJ1-2
CSARSRPVGNTIYF	TRBV20-1	TRBJ1-3
CASRAGLAGATQQFF	TRBV11-2	TRBJ2-1
CASSMGWGPAFF	TRBV19	TRBJ1-1
CSVGTGDNSPLHF	TRBV29-1	TRBJ1-6
CASGTGDSNQPQHF	TRBV12-5	TRBJ1-5
CATSSTGLKTQYF	TRBV15	TRBJ2-5
CASSRGQGSADTQYF	TRBV5-5	TRBJ2-3
CASSLQGGNEQFF	TRBV6-5	TRBJ2-1
CASSNGGGRLYGYTF	TRBV6-5	TRBJ1-2
CASSEGWARNNEQFF	TRBV6-1	TRBJ2-1
CASSGAGGTDTQYF	TRBV7-6	TRBJ2-3
CATSDFGAANTGELFF	TRBV24-1	TRBJ2-2
CASSGTRADTQYF	TRBV11-2	TRBJ2-3
CASSLRRNEQFF	TRBV27	TRBJ2-1
CASSVSMNTEAFF	TRBV6-1	TRBJ1-1
CASSVVDAGFEQYF	TRBV9	TRBJ2-7
CASSQGLSGGLSYNEQFF	TRBV3-1	TRBJ2-1
CASSSGQAYEQYF	TRBV7-8	TRBJ2-7
CASSGTESYEQYF	TRBV5-1	TRBJ2-7
CASSFVGEGYEQYF	TRBV7-6	TRBJ2-7
CASSYWVGDTDTQYF	TRBV6-5	TRBJ2-3
CAINTGDSNQPQHF	TRBV10-3	TRBJ1-5
CASSYLGEETQYF	TRBV6-5	TRBJ2-5
CAISGQREDQETQYF	TRBV10-3	TRBJ2-5
CASSLPAGGYSGNTIYF	TRBV9	TRBJ1-3
CASSPGPGETQYF	TRBV7-2	TRBJ2-5
CASSTGDSNQPQHF	TRBV19	TRBJ1-5
CASSPPGQGIYGYTF	TRBV7-9	TRBJ1-2
CSAEPETSGGLQYF	TRBV20-1	TRBJ2-4
CASSLVSSGANVLTF	TRBV7-9	TRBJ2-6
CASRTDRGDEQFF	TRBV6-3	TRBJ2-1
CASSYSAGPTDTQYF	TRBV6-3	TRBJ2-3
CASSFPLALNTGELFF	TRBV12-4	TRBJ2-2
CASMGTGFDGYTF	TRBV5-1	TRBJ1-2
CASSLTPGGGSYGYTF	TRBV19	TRBJ1-2
CASNYPRGGEGSPLHF	TRBV6-1	TRBJ1-6
CASSPDLGDIQYF	TRBV27	TRBJ2-4
CASSEGQVAPGEQYF	TRBV2	TRBJ2-7
CSARDGLGLAYEQYF	TRBV20-1	TRBJ2-7
CASGFTDAGATNYGYTF	TRBV12-5	TRBJ1-2
CASSQGSGATNGQFF	TRBV7-2	TRBJ2-1
CASSANTGELFF	TRBV6-3	TRBJ2-2
CASSARTGELFF	TRBV9	TRBJ2-2
CASSAEGQTFSTDTQYF	TRBV12-4	TRBJ2-3
CASSSGLLSNTGELFF	TRBV9	TRBJ2-2
CSARGIFDNSDTQYF	TRBV20-1	TRBJ2-3
CASSLLTSGSLMNYNEQFF	TRBV5-1	TRBJ2-1
CSALADTQYF	TRBV20-1	TRBJ2-3
CASRGISGNTIYF	TRBV6-1	TRBJ1-3
CSVGNSGYQETQYF	TRBV29-1	TRBJ2-5
CSAPRGSGTIDTQYF	TRBV20-1	TRBJ2-3
CASSYHGSYEQYF	TRBV7-2	TRBJ2-7
CASSLGSEANEAFF	TRBV11-2	TRBJ1-1
CASSSPGEKKGYTF	TRBV7-3	TRBJ1-2
CASSLALDRGVETQYF	TRBV7-8	TRBJ2-5
CSARSQGDSSFNSPLHF	TRBV20-1	TRBJ1-6
CASSESWGTEAFF	TRBV10-1	TRBJ1-1
CASSVNWAGPPQETQYF	TRBV9	TRBJ2-5
CASSLRNGYEQYF	TRBV28	TRBJ2-7
CASSFVHGYTF	TRBV6-2	TRBJ1-2
CASSPWTGHNEQFF	TRBV6-4	TRBJ2-1
CASSPFRGGLGYGYTF	TRBV7-8	TRBJ1-2
CASSSHLGSWGTEAFF	TRBV13	TRBJ1-1
CSASGWVRQGAFYEQYF	TRBV20-1	TRBJ2-7
CASSLEGQGAREQYF	TRBV7-9	TRBJ2-7
CASSIGTGGSQPQHF	TRBV7-2	TRBJ1-5
CASSLGTGWSAGYTF	TRBV11-2	TRBJ1-2
CASSLSSPGNQPQHF	TRBV7-9	TRBJ1-5
CASGLGTSGGVGELFF	TRBV12-5	TRBJ2-2
CASTGTASTDTQYF	TRBV6-1	TRBJ2-3
CASSQELGPRETQYF	TRBV4-3	TRBJ2-5
CAGGTGETSPGELFF	TRBV2	TRBJ2-2
CASSLAADRVFGNTIYF	TRBV7-9	TRBJ1-3
CASSETVIGTALEAFF	TRBV25-1	TRBJ1-1
CASKDKEGTGYNEQFF	TRBV6-4	TRBJ2-1
CASSYYNEQFF	TRBV4-3	TRBJ2-1
CSARPTRTFNIQYF	TRBV20-1	TRBJ2-4
CASSLEPLSGNTIYF	TRBV5-5	TRBJ1-3
CASIRTSGNDNEQFF	TRBV7-9	TRBJ2-1
CASSSGAGLDEQFF	TRBV27	TRBJ2-1
CASSQRGVQETQYF	TRBV4-1	TRBJ2-5
CASRTQGDEAFF	TRBV7-3	TRBJ1-1
CASSLDLSGGITDTQYF	TRBV7-3	TRBJ2-3
CASSGTHNEQFF	TRBV14	TRBJ2-1
CASSIVLGLGEKLFF	TRBV19	TRBJ1-4
CASSARGGDSYEQYF	TRBV2	TRBJ2-7
CASSLIPGDYYGYTF	TRBV27	TRBJ1-2
CASRSKTGSKQPQHF	TRBV6-5	TRBJ1-5
CASSLTELGHRADTQYF	TRBV7-9	TRBJ2-3
CASSPTSAAGELFF	TRBV28	TRBJ2-2
CASSHTQPPPGRTGTYGYTF	TRBV12-3	TRBJ1-2
CSAPNPNTGELFF	TRBV20-1	TRBJ2-2
CASSQTLAGGGETQYF	TRBV3-1	TRBJ2-5
CASSFGPGWGNPSSYNEQFF	TRBV12-4	TRBJ2-1
CASSHVVSGGSTDTQYF	TRBV4-1	TRBJ2-3
CASSFSGATHNEQFF	TRBV12-3	TRBJ2-1
CASSDGQLTAGELFF	TRBV9	TRBJ2-2
CASSASGKGVTGELFF	TRBV7-8	TRBJ2-2
CASSQTGFPTTNEKLFF	TRBV4-3	TRBJ1-4
CASSRRSQGLNTEAFF	TRBV6-6	TRBJ1-1
CASSLSGQPQHF	TRBV12-3	TRBJ1-5
CASSQDRLTGGYTF	TRBV4-1	TRBJ1-2
CASSPGPYTLNTGELFF	TRBV7-3	TRBJ2-2
CASTAGQTTNFNEQFF	TRBV9	TRBJ2-1
CSANDRSYNEQFF	TRBV20-1	TRBJ2-1
CASSPGQGHTDTQYF	TRBV19	TRBJ2-3
CASSVAQLAGGTDTQYF	TRBV9	TRBJ2-3
CASSQTSSSGANVLTF	TRBV4-2	TRBJ2-6
CASSEGAVAPGELFF	TRBV2	TRBJ2-2
CASSDLNSPLHF	TRBV27	TRBJ1-6
CASSQVGRPYNEQFF	TRBV4-3	TRBJ2-1
CASSAFRTDNTIENTEAFF	TRBV9	TRBJ1-1
CASSQDAGDRLAGVTGELFF	TRBV4-2	TRBJ2-2
CSASPRGGEQYF	TRBV29-1	TRBJ2-7
CASSVAQLAGGADTQYF	TRBV9	TRBJ2-3
CASSQDRFTGSYTF	TRBV4-1	TRBJ1-2
CASSFQGDGRDTQYF	TRBV7-9	TRBJ2-3
CASSLARTEDNYEQYF	TRBV12-3	TRBJ2-7
CASTRLAGAGTDTQYF	TRBV27	TRBJ2-3
CASRRQEYGTEAFF	TRBV25-1	TRBJ1-1
CASGLVESAGTEAFF	TRBV12-5	TRBJ1-1
CSARGGTGELNEQFF	TRBV20-1	TRBJ2-1
CASSLVRGGNQPQHF	TRBV5-5	TRBJ1-5
CATTKDRGTGSYEQYF	TRBV15	TRBJ2-7
CASRAARGLLRLAGYTF	TRBV5-8	TRBJ1-2
CSVPGLAGIGDEQFF	TRBV29-1	TRBJ2-1
CASSFGAGGQSSTDTQYF	TRBV7-8	TRBJ2-3
CASSLARTAYEQYF	TRBV5-5	TRBJ2-7
CASSLRDGSEAFF	TRBV5-6	TRBJ1-1
CASSSRTGIYNSPLHF	TRBV7-2	TRBJ1-6
CASSPQGGRDGYTF	TRBV6-5	TRBJ1-2
CASTTEGGLIHEKLFF	TRBV28	TRBJ1-4
CASSLGDNEQFF	TRBV5-1	TRBJ2-1
CASSPGPNSPLHF	TRBV5-6	TRBJ1-6
CASSFQGGRIGQPQHF	TRBV12-3	TRBJ1-5
CASSDGKIAPSEQYF	TRBV2	TRBJ2-7
CASSRLAGDTDTQYF	TRBV4-1	TRBJ2-3
CASSEQGGGYTF	TRBV25-1	TRBJ1-2
CASSQAPGETQYF	TRBV4-1	TRBJ2-5
CASSVGGAGVSNEQFF	TRBV9	TRBJ2-1
CASSQAGSGYTF	TRBV4-1	TRBJ1-2
CASSLGTVHQPQHF	TRBV18	TRBJ1-5
CASSYGQLNQPQHF	TRBV7-9	TRBJ1-5
CATSDAGTDYEQYF	TRBV24-1	TRBJ2-7
CSATVTGGWNEQFF	TRBV29-1	TRBJ2-1
CASSQESGIVYEQFF	TRBV4-3	TRBJ2-1
CASSKQGGNIQYF	TRBV6-5	TRBJ2-4
CASSQTGLVLGGQETQYF	TRBV11-3	TRBJ2-5
CATSRVNPQETQYF	TRBV15	TRBJ2-5
CSAWDREVVGTEAFF	TRBV20-1	TRBJ1-1
CASREGDINTGELFF	TRBV9	TRBJ2-2
CASSILRSADTQYF	TRBV19	TRBJ2-3
CASSQEASYNEQFF	TRBV3-1	TRBJ2-1
CASRIGYTEAFF	TRBV25-1	TRBJ1-1
CASSASGGSYEQYF	TRBV19	TRBJ2-7
CASSPPFRAFLSGANVLTF	TRBV18	TRBJ2-6
CATRGGLENEQFF	TRBV10-1	TRBJ2-1
CSARDRLAGAPYEQYF	TRBV20-1	TRBJ2-7
CASSDSSLTEAFF	TRBV6-4	TRBJ1-1
CAWSRGAAEQFF	TRBV30	TRBJ2-1
CASSFYRDGDHQPQHF	TRBV5-6	TRBJ1-5
CASKDLSGGEQYF	TRBV25-1	TRBJ2-7
CASSSTGAGTDTQYF	TRBV7-9	TRBJ2-3
CATSRDLMDRVSDTQYF	TRBV15	TRBJ2-3
CASSSQGGSYGYTF	TRBV6-5	TRBJ1-2
CASSLPSGGTNNEQFF	TRBV9	TRBJ2-1
CASSESPSRGNQPQHF	TRBV10-2	TRBJ1-5
CASSQEHKESYEQYF	TRBV4-1	TRBJ2-7
CASSLGGAEAFF	TRBV5-4	TRBJ1-1
CASSYASGRGGTQYF	TRBV12-4	TRBJ2-5
CASSYRGDRPEAFF	TRBV6-2	TRBJ1-1
CSAPSGEGRDTQYF	TRBV20-1	TRBJ2-3
CASSTGTGSAGYTF	TRBV9	TRBJ1-2
CASSFIQGAPSGNTIYF	TRBV7-9	TRBJ1-3
CSVEPPETQYF	TRBV29-1	TRBJ2-5
CASGGKVFPPYEQYF	TRBV12-5	TRBJ2-7
CASSLPDRGSRFGFF	TRBV7-9	TRBJ1-1
CASSPKTSGTSYEQYF	TRBV4-1	TRBJ2-7
CASSSRDYFNYGYTF	TRBV3-1	TRBJ1-2
CSARDSGRAGGPYEQYF	TRBV20-1	TRBJ2-7
CASSYETGAYEQYF	TRBV6-6	TRBJ2-7
CASSSIPGTGTGNTEAFF	TRBV27	TRBJ1-1
CASSTGLTHNEQFF	TRBV6-5	TRBJ2-1
CASSLAWGQLSGYTF	TRBV5-1	TRBJ1-2
CASSRLGGNTQYF	TRBV16	TRBJ2-3
CSARTGVGNTIYF	TRBV20-1	TRBJ1-3
CSVAGTSGGAYEQYF	TRBV29-1	TRBJ2-7
CANSSPGENYGYTF	TRBV7-3	TRBJ1-2
CASSPLGHRDTEAFF	TRBV7-9	TRBJ1-1
CASSRQPSGNTIYF	TRBV3-1	TRBJ1-3
CASSLGSAEAFF	TRBV5-5	TRBJ1-1
CATSDPKTDEQYF	TRBV24-1	TRBJ2-7
CATSQGSYGYTF	TRBV15	TRBJ1-2
CATSSGGTEAFF	TRBV15	TRBJ1-1
CASSQGSQGAQETQYF	TRBV4-1	TRBJ2-5
CASSLGTSGSSYEQYF	TRBV13	TRBJ2-7
CASSLEAAPHYGYTF	TRBV7-6	TRBJ1-2
CASSWGLQGNTQYF	TRBV19	TRBJ2-3
CASSQDLTSGGAAYNEQFF	TRBV4-3	TRBJ2-1
CASSTTRMDTQYF	TRBV27	TRBJ2-3
CASSYTRVNEQFF	TRBV6-9	TRBJ2-1
CASSGRLDRETQYF	TRBV2	TRBJ2-5
CASSLGQGAVNEKLFF	TRBV5-1	TRBJ1-4
CASSLHNEQFF	TRBV12-3	TRBJ2-1
CATGHSNQPQHF	TRBV6-3	TRBJ1-5
CASSKLGTSEETQYF	TRBV5-6	TRBJ2-5
CASSLEKASGGLAKNIQYF	TRBV7-6	TRBJ2-4
CASSLGQTGSYEQYF	TRBV7-9	TRBJ2-7
CATSDPTLAAYEQYF	TRBV24-1	TRBJ2-7
CASSHRPGLNQETQYF	TRBV3-1	TRBJ2-5
CASSSTGAGNQPQHF	TRBV7-9	TRBJ1-5
CASGYEKLFF	TRBV4-1	TRBJ1-4
CASSQEARGRSNTGELFF	TRBV3-1	TRBJ2-2
CASSPRGEYTGELFF	TRBV7-9	TRBJ2-2
CASSLAGGSYNSPLHF	TRBV7-2	TRBJ1-6
CASSKNRQGSSYNSPLHF	TRBV19	TRBJ1-6
CASSPGTDYGYTF	TRBV4-1	TRBJ1-2
CASSGLAGLFVTLGDTQYF	TRBV6-1	TRBJ2-3
CASSRQGDSGANVLTF	TRBV5-5	TRBJ2-6
CSARDRPGGPSNQPQHF	TRBV20-1	TRBJ1-5
CATSDRGQGFNQPQHF	TRBV24-1	TRBJ1-5
CASSQGTATYNSPLHF	TRBV4-3	TRBJ1-6
CATSRAGGGTEAFF	TRBV15	TRBJ1-1
CASSPDYLAGGHFNTGELFF	TRBV7-9	TRBJ2-2
CSADWTSRPDTQYF	TRBV20-1	TRBJ2-3
CATSDRDDSYGYTF	TRBV24-1	TRBJ1-2
CASSLGDRAGGYTF	TRBV12-3	TRBJ1-2
CASSIGSYGYTF	TRBV19	TRBJ1-2
CASSLNRGAREKLFF	TRBV7-2	TRBJ1-4
CASIRDGQGGTEAFF	TRBV19	TRBJ1-1
CASSLTRRGNQPQHF	TRBV13	TRBJ1-5
CSVSRRYGYTF	TRBV29-1	TRBJ1-2
CASSQLGRGDNEQFF	TRBV7-9	TRBJ2-1
CASSQDFPASYNSPLHF	TRBV14	TRBJ1-6
CASSEALLVWRNEKLFF	TRBV6-1	TRBJ1-4
CAIKVTENTEAFF	TRBV10-3	TRBJ1-1
CASSKREDYEQYF	TRBV7-9	TRBJ2-7
CSARGDGGRLGTDTQYF	TRBV20-1	TRBJ2-3
CASSEGGQYDDYGYTF	TRBV2	TRBJ1-2
CASSTYSGQSYGYTF	TRBV9	TRBJ1-2
CASSRPGQGDTEAFF	TRBV4-1	TRBJ1-1
CASSPGTGMEDTQYF	TRBV6-5	TRBJ2-3
CASSQRRRGRETQYF	TRBV3-1	TRBJ2-5
CASSLDDLQGNTEAFF	TRBV5-1	TRBJ1-1
CASSTTAGDTEAFF	TRBV6-6	TRBJ1-1
CASSLLGQNTGELFF	TRBV5-6	TRBJ2-2
CASSETGGPNEKLFF	TRBV12-4	TRBJ1-4
CASSWEGSYEQYF	TRBV7-7	TRBJ2-7
CASSVGGTDTQYF	TRBV6-1	TRBJ2-3
CASSEGRVLPGELFF	TRBV2	TRBJ2-2
CASSEISGGSEQYF	TRBV10-2	TRBJ2-7
CASSLGTGENEQYF	TRBV11-2	TRBJ2-7
CASSTSTGTGYGYTF	TRBV4-1	TRBJ1-2
CSTGQGPYEQYF	TRBV29-1	TRBJ2-7
CASSQERGATEAFF	TRBV14	TRBJ1-1
CASSQEGQGGTEAFF	TRBV4-1	TRBJ1-1
CASSADRAYGYTF	TRBV5-5	TRBJ1-2
CASSNTPLDEAFF	TRBV7-9	TRBJ1-1
CASSQGVGLAGAPSTDTQYF	TRBV4-1	TRBJ2-3
CATSRVVGVDQPQHF	TRBV15	TRBJ1-5
CASSPWTGARWEQYF	TRBV6-1	TRBJ2-7
CASSLASLAGNVDTQYF	TRBV5-1	TRBJ2-3
CASSPYGIDEQYF	TRBV12-3	TRBJ2-7
CSVGSRGTNEKLFF	TRBV29-1	TRBJ1-4
CASSEEGTPSNQPQHF	TRBV6-5	TRBJ1-5
CSERGQGDEQYF	TRBV29-1	TRBJ2-7
CASSPTSGVAGELFF	TRBV4-3	TRBJ2-2
CASSQEYASDTGELFF	TRBV4-3	TRBJ2-2
CASSWVNTEAFF	TRBV7-2	TRBJ1-1
CASSQDGAGGLGEQYF	TRBV4-2	TRBJ2-7
CASSFPTSPPITQYF	TRBV12-4	TRBJ2-3
CASSPETGAYGYTF	TRBV18	TRBJ1-2
CASSPSYEQYF	TRBV5-6	TRBJ2-7
CASSSLAGGRLNNEQFF	TRBV13	TRBJ2-1
CAWSRGAVEQFF	TRBV30	TRBJ2-1
CASSPLDGEQFF	TRBV11-2	TRBJ2-1
CSARDLRVSTEAFF	TRBV20-1	TRBJ1-1
CSVGGRGDGYTF	TRBV29-1	TRBJ1-2
CASSLDGYGYTF	TRBV7-3	TRBJ1-2
CASSYPLGARWRGYTF	TRBV3-1	TRBJ1-2
CASSPGTSGGGDEETQYF	TRBV12-3	TRBJ2-5
CASSLNVEQYF	TRBV7-8	TRBJ2-7
CSVGGSFYGYTF	TRBV29-1	TRBJ1-2
CSAPQKRGGSYEQYF	TRBV20-1	TRBJ2-7
CASSLKAGGYNEQFF	TRBV7-3	TRBJ2-1
CASQTWGAQGEKLFF	TRBV5-1	TRBJ1-4
CASSEGPGQGYEQYF	TRBV2	TRBJ2-7
CASTPRRLGLFPSSGNTIYF	TRBV6-6	TRBJ1-3
CASSLNPRLTRTDTQYF	TRBV13	TRBJ2-3
CSVEDQRKTKNIQYF	TRBV29-1	TRBJ2-4
CATSRDVIGSNEQFF	TRBV15	TRBJ2-1
CASSYTDQNTEAFF	TRBV6-3	TRBJ1-1
CASSDSSTDTQYF	TRBV6-4	TRBJ2-3
CASPGLAGEYEQYF	TRBV6-1	TRBJ2-7
CSAPWGPNEKLFF	TRBV20-1	TRBJ1-4
CASSQGGGPAAFF	TRBV4-2	TRBJ1-1
CASSVLAGPSTDTQYF	TRBV9	TRBJ2-3
CASSSLTGSGQPQHF	TRBV28	TRBJ1-5
CASSETSGQETQYF	TRBV5-6	TRBJ2-5
CAWSEDLVSQYF	TRBV30	TRBJ2-5
CASSQETFTGSPLHF	TRBV4-3	TRBJ1-6
CASSYTAGELFF	TRBV7-9	TRBJ2-2
CASSFHGGNEKLFF	TRBV11-2	TRBJ1-4
CASSPTQGAGDTQYF	TRBV4-3	TRBJ2-3
CASSSGDTGELFF	TRBV6-3	TRBJ2-2
CASSSLSGSFAYNEQFF	TRBV27	TRBJ2-1
CASLRGLGTDTQYF	TRBV7-9	TRBJ2-3
CASRGGAGGAGGNEQFF	TRBV6-1	TRBJ2-1
CASSLLSGTSLRVTGELFF	TRBV7-8	TRBJ2-2
CASSQERGPYNEQFF	TRBV4-1	TRBJ2-1
CASSQGVGQYGYTF	TRBV4-1	TRBJ1-2
CASSDYRDTNNEQFF	TRBV2	TRBJ2-1
CASSPQTGWDTEAFF	TRBV7-8	TRBJ1-1
CASSEDAGLSYNEQFF	TRBV6-1	TRBJ2-1
CASSFGPPKPDTQYF	TRBV7-9	TRBJ2-3
CASSYSSGGGETQYF	TRBV6-5	TRBJ2-5
CASSEVWVGVNQNEQYF	TRBV6-1	TRBJ2-7
CASSQSPGDTQYF	TRBV14	TRBJ2-3
CASSWGAGSNYGYTF	TRBV11-2	TRBJ1-2
CSVGSGGTNEKLFF	TRBV29-1	TRBJ1-4
CASSYASGSTDTQYF	TRBV6-6	TRBJ2-3
CASSLSYGGLLDTEAFF	TRBV5-1	TRBJ1-1
CASSRPSAKNIQYF	TRBV4-1	TRBJ2-4
CASSSRDGYQNTEAFF	TRBV12-3	TRBJ1-1
CSAPSYRDRDNSPLHF	TRBV20-1	TRBJ1-6
CAWETGSNEQFF	TRBV30	TRBJ2-1
CASRTSGNEQFF	TRBV12-4	TRBJ2-1
CASIGQGGSPLHF	TRBV19	TRBJ1-6
CASSQDQASEGSETQYF	TRBV4-2	TRBJ2-5
CAISGGTSRDTEAFF	TRBV10-3	TRBJ1-1
CAWSGLSGSYNEQFF	TRBV30	TRBJ2-1
CASTTHLVVGGPGANVLTF	TRBV27	TRBJ2-6
CASSVTFGVARYEQFF	TRBV7-3	TRBJ2-1
CASSPTSPTATDTQYF	TRBV27	TRBJ2-3
CSAQAERSYEQYF	TRBV20-1	TRBJ2-7
CASSLIVAGGYNEQFF	TRBV7-3	TRBJ2-1
CASTELGDTHNEQFF	TRBV9	TRBJ2-1
CASSESVLGLNTEAFF	TRBV2	TRBJ1-1
CASSQGTAYGYTF	TRBV14	TRBJ1-2
CASSQVLRGPSSYNEQFF	TRBV4-3	TRBJ2-1
CASSAGRVSPGELFF	TRBV2	TRBJ2-2
CAWSDTGDTEAFF	TRBV30	TRBJ1-1
CASSSGQVVPGTIYF	TRBV2	TRBJ1-3
CSASPRVNVHTEAFF	TRBV20-1	TRBJ1-1
CASSYPGLQSNEQFF	TRBV7-9	TRBJ2-1
CASSFQGSNEKLFF	TRBV28	TRBJ1-4
CASSSPGWLAAYNEQFF	TRBV9	TRBJ2-1
CASSDGPAYEQYF	TRBV2	TRBJ2-7
CASLLVGAGGAEQFF	TRBV12-3	TRBJ2-1
CASSAGNSPLHF	TRBV27	TRBJ1-6
CASSLQGGTGELFF	TRBV7-3	TRBJ2-2
CSAMNAGLPPNIQYF	TRBV20-1	TRBJ2-4
CSVDRGLNTEAFF	TRBV29-1	TRBJ1-1
CASLWEAPRKETQYF	TRBV6-4	TRBJ2-5
CASSFGSGNTIYF	TRBV12-3	TRBJ1-3
CASSGGGGHYGYTF	TRBV9	TRBJ1-2
CASSNRGWGDTQYF	TRBV6-1	TRBJ2-3
CASSLLAEYEQYF	TRBV4-1	TRBJ2-7
CASSQAVAGYYGYTF	TRBV4-2	TRBJ1-2
CASSLLGDRAYIFYEQFF	TRBV12-3	TRBJ2-1
CASSWRSTDTQYF	TRBV19	TRBJ2-3
CSVGGAYEQYF	TRBV29-1	TRBJ2-7
CASSYPNTGELFF	TRBV6-5	TRBJ2-2
CASSEAAGGFYNEQFF	TRBV2	TRBJ2-1
CASSVGTGDHQPQHF	TRBV3-1	TRBJ1-5
CSARLQGYEQFF	TRBV20-1	TRBJ2-1
CSARNPGLAGVGETQYF	TRBV20-1	TRBJ2-5
CASSQGTGGGYGYTF	TRBV4-2	TRBJ1-2
CASTRQGANEKLFF	TRBV28	TRBJ1-4
CASSFLAGGPFETQYF	TRBV6-2	TRBJ2-5
CASGGGTGELFF	TRBV27	TRBJ2-2
CATSRERGGGGETQYF	TRBV15	TRBJ2-5
CASSLGVGGGVGTEAFF	TRBV13	TRBJ1-1
CATSRDGSGGASGELFF	TRBV15	TRBJ2-2
CASSDRNAGTQYF	TRBV9	TRBJ2-5
CASSPPRRETTNEKLFF	TRBV4-2	TRBJ1-4
CASSHSGDQPQHF	TRBV18	TRBJ1-5
CASSHLGGDRYMNEQFF	TRBV3-1	TRBJ2-1
CASSLVGGNEQFF	TRBV7-2	TRBJ2-1
CASTRLLGSADTQYF	TRBV27	TRBJ2-3
CASAGTYQGGEYNEQFF	TRBV6-5	TRBJ2-1
CATSQIPGTSGSSDTQYF	TRBV24-1	TRBJ2-3
CASSATVIPDTQYF	TRBV6-1	TRBJ2-3
CASSSHTGGFGYTF	TRBV7-9	TRBJ1-2
CASSQGTVNTEAFF	TRBV4-1	TRBJ1-1
CASSKWDSRNGYTF	TRBV9	TRBJ1-2
CASSQGPGQEHYGYTF	TRBV3-1	TRBJ1-2
CASSQEQASNEQFF	TRBV4-2	TRBJ2-1
CASSSGLAGLNEQFF	TRBV7-9	TRBJ2-1
CASSEESYLMNTEAFF	TRBV6-1	TRBJ1-1
CSASGYSNQPQHF	TRBV20-1	TRBJ1-5
CASSPTPTANYGYTF	TRBV4-1	TRBJ1-2
CASSMWGLLNTEAFF	TRBV19	TRBJ1-1
CASSTLTSGSRSYEQYF	TRBV6-5	TRBJ2-7
CASSVRPGLAGGGTGELFF	TRBV9	TRBJ2-2
CASSQYEAGAYNEQFF	TRBV3-1	TRBJ2-1
CSASRALDQPQHF	TRBV20-1	TRBJ1-5
CASSPGYEQYF	TRBV4-1	TRBJ2-7
CASSYSSTGDSEAFF	TRBV6-3	TRBJ1-1
CASSQDGSGGLGEQFF	TRBV4-2	TRBJ2-1
CASSPGTAEKLFF	TRBV10-2	TRBJ1-4
CSARDFDRGLATEAFF	TRBV20-1	TRBJ1-1
CASSGTSGGYEQYF	TRBV19	TRBJ2-7
CASSMGPTSGGPTDTQYF	TRBV19	TRBJ2-3
CASSVDSGLTGELFF	TRBV9	TRBJ2-2
CASSWDSSYNEQFF	TRBV13	TRBJ2-1
CASSPFQRSSGNTIYF	TRBV18	TRBJ1-3
CASTQEAALAGAGTDTQYF	TRBV5-1	TRBJ2-3
CASSQYDSSGELFF	TRBV4-3	TRBJ2-2
CASSLTESGANVLTF	TRBV7-9	TRBJ2-6
CSVEDAGGNQPQHF	TRBV29-1	TRBJ1-5
CASSQETGTFYGYTF	TRBV4-1	TRBJ1-2
CASSLATSTDTQYF	TRBV12-4	TRBJ2-3
CASSSRWVGGSSYEQYF	TRBV7-8	TRBJ2-7
CASQDAVGTEAFF	TRBV4-1	TRBJ1-1
CATEVGGLAEAFF	TRBV19	TRBJ1-1
CSARDIAGGTYNEQFF	TRBV20-1	TRBJ2-1
CSARDWTGNGYTF	TRBV20-1	TRBJ1-2
CSASGVRDSLYEQYF	TRBV29-1	TRBJ2-7
CASSAPGAGANVLTF	TRBV6-1	TRBJ2-6
CASSDGGSNSGANVLTF	TRBV4-2	TRBJ2-6
CASKDPGWFLAFF	TRBV6-5	TRBJ1-1
CASSSPTILTDTQYF	TRBV12-4	TRBJ2-3
CASSTGTVSNTGELFF	TRBV9	TRBJ2-2
CASNNRGLEQFF	TRBV10-1	TRBJ2-1
CASSNTGGSYNEQFF	TRBV19	TRBJ2-1
CASSYPGGYPNTGELFF	TRBV9	TRBJ2-2
CASSDRVFVHEQYF	TRBV5-4	TRBJ2-7
CASSLSRSRGSYEQYF	TRBV19	TRBJ2-7
CASSLKGVSSYEQYF	TRBV6-3	TRBJ2-7
CASGQGIAEAFF	TRBV27	TRBJ1-1
CASSPGTGSTEAFF	TRBV5-6	TRBJ1-1
CASSQEGLRNTGELFF	TRBV4-1	TRBJ2-2
CATSRAAGGSTDTQYF	TRBV15	TRBJ2-3
CASSWGGAAQFF	TRBV25-1	TRBJ2-1
CASSLGLGGDTQYF	TRBV28	TRBJ2-3
CASSQAWTGSYGYTF	TRBV4-1	TRBJ1-2
CASSHVINQFF	TRBV11-2	TRBJ2-1
CASSSTDRNYGYTF	TRBV5-1	TRBJ1-2
CASSLYAGASEKLFF	TRBV27	TRBJ1-4
CASSYSQVAGELETQYF	TRBV6-3	TRBJ2-5
CASSQDRNTDTQYF	TRBV4-1	TRBJ2-3
CASSKQGGGYGYTF	TRBV6-5	TRBJ1-2
CASSLALAPRSYNEQFF	TRBV5-6	TRBJ2-1
CASSQSGTGYGYTF	TRBV14	TRBJ1-2
CASSFGGARTGELFF	TRBV5-8	TRBJ2-2
CASSGQRASYNEQFF	TRBV11-2	TRBJ2-1
CASSYRGDQETQYF	TRBV7-8	TRBJ2-5
CASSSFDGLNSPLHF	TRBV11-1	TRBJ1-6
CASSLTGDGPDTQYF	TRBV7-3	TRBJ2-3
CASSFRGPGYEQYF	TRBV5-4	TRBJ2-7
CASSPDRGRSYEQYF	TRBV5-1	TRBJ2-7
CASSSLGGGNTEAFF	TRBV7-9	TRBJ1-1
CASSPGTLSAGELFF	TRBV9	TRBJ2-2
CASSPLVRGRFSNQPQHF	TRBV7-8	TRBJ1-5
CASSVTSSRGGTDTQYF	TRBV9	TRBJ2-3
CASSTLRVGGRTEAFF	TRBV6-1	TRBJ1-1
CASSSGDRGLYEQYF	TRBV28	TRBJ2-7
CASSQYPRGGNTEAFF	TRBV14	TRBJ1-1
CASSDSRRGTGTYEQYF	TRBV25-1	TRBJ2-7
CASSLGDRIYTF	TRBV11-2	TRBJ1-2
CASSLGGGGGNQPQHF	TRBV7-8	TRBJ1-5
CASSPGQGGTDTQYF	TRBV7-9	TRBJ2-3
CASSDPTSGGPYNEQFF	TRBV7-9	TRBJ2-1
CATSPDREYQETQYF	TRBV15	TRBJ2-5
CASSLWDGQETQYF	TRBV12-4	TRBJ2-5
CASSPNPAYEQYF	TRBV4-1	TRBJ2-7
CASSLREGSPLHF	TRBV11-2	TRBJ1-6
CASSSPPGVVEQYF	TRBV7-9	TRBJ2-7
CASSIQGPDEQYF	TRBV6-5	TRBJ2-7
CASFSGGEETQYF	TRBV12-4	TRBJ2-5
CASSFSERAFF	TRBV12-4	TRBJ1-1
CASSFSLGAAGELFF	TRBV7-2	TRBJ2-2
CASSLLGSNQPQHF	TRBV7-8	TRBJ1-5
CSAREVSGEKLFF	TRBV20-1	TRBJ1-4
CSVEAVGDGIYNEQFF	TRBV29-1	TRBJ2-1
CASGPYDRADTEAFF	TRBV12-3	TRBJ1-1
CASSSLGGVDQPQHF	TRBV7-9	TRBJ1-5
CASSSLRASTNEKLFF	TRBV6-6	TRBJ1-4
CASSFTGARTDTQYF	TRBV27	TRBJ2-3
CASSYSEGANTEAFF	TRBV6-5	TRBJ1-1
CASSLETENYGYTF	TRBV5-1	TRBJ1-2
CASRGGQGYNEQFF	TRBV5-1	TRBJ2-1
CASSPGTLYGYTF	TRBV3-1	TRBJ1-2
CASSHSEGAENIQYF	TRBV7-9	TRBJ2-4
CSARGQAITEKLFF	TRBV20-1	TRBJ1-4
CSASLGRGYEQYF	TRBV20-1	TRBJ2-7
CASSLAGGSNTGELFF	TRBV5-6	TRBJ2-2
CASSPGLTYPGELFF	TRBV2	TRBJ2-2
CASSLVPSGSIDNEQFF	TRBV7-2	TRBJ2-1
CASSELGRFIIQPQHF	TRBV6-1	TRBJ1-5
CSAIGTSGRAMTDTQYF	TRBV20-1	TRBJ2-3
CASSPPSGSGFNEQFF	TRBV18	TRBJ2-1
CASSFTSGGYEQYF	TRBV9	TRBJ2-7
CASSWGAYGYTF	TRBV19	TRBJ1-2
CASSHDIGNEQFF	TRBV4-1	TRBJ2-1
CASSLYSVYNEQFF	TRBV5-6	TRBJ2-1
CASSVGLAGSNEQFF	TRBV9	TRBJ2-1
CASSGRDRYYEQYF	TRBV2	TRBJ2-7
CASSQGQGGYEQYF	TRBV4-3	TRBJ2-7
CASSLRGTETEAFF	TRBV7-6	TRBJ1-1
CASRQSGGSYNEQFF	TRBV2	TRBJ2-1
CASSQVLAGTDTQYF	TRBV19	TRBJ2-3
CASTLTGATNEKLFF	TRBV12-4	TRBJ1-4
CSVHDLGGVNTEAFF	TRBV29-1	TRBJ1-1
CASSFSTDTQYF	TRBV5-1	TRBJ2-3
CASSQDRLTGVYTF	TRBV4-1	TRBJ1-2
CASSLHGRNYEQYF	TRBV5-4	TRBJ2-7
CASSVGAGLNEQFF	TRBV9	TRBJ2-1
CASSPGTGAHEQYF	TRBV12-3	TRBJ2-7
CASSLSDNQPQHF	TRBV9	TRBJ1-5
CASSGTGRYEKLFF	TRBV5-1	TRBJ1-4
CASSLASSGYTGELFF	TRBV11-2	TRBJ2-2
CASSLDRTGGTGELFF	TRBV7-9	TRBJ2-2
CASSSRSGELFF	TRBV9	TRBJ2-2
CASRLGQGAHTGELFF	TRBV10-1	TRBJ2-2
CATSRVGEHGYTF	TRBV15	TRBJ1-2
CSARSQVGNTIYF	TRBV20-1	TRBJ1-3
CASSLMLQQETQYF	TRBV7-8	TRBJ2-5
CASSLQGGSKYF	TRBV7-6	TRBJ2-5
CAWSHPSPLHF	TRBV30	TRBJ1-6
CASSKQGRGTDTQYF	TRBV7-9	TRBJ2-3
CATSYGTGEEEAFF	TRBV15	TRBJ1-1
CASSDGARGGTDTQYF	TRBV6-1	TRBJ2-3
CASSLTGETQYF	TRBV11-2	TRBJ2-5
CASSSRGRRDPGELFF	TRBV28	TRBJ2-2
CASSLWRNTEAFF	TRBV28	TRBJ1-1
CASSLFGGTYEQYF	TRBV27	TRBJ2-7
CASSKTGSGSYEQYF	TRBV4-1	TRBJ2-7
CASRPGGHEGEKLFF	TRBV27	TRBJ1-4
CASSLGGGPQETQYF	TRBV7-2	TRBJ2-5
CASSYGGYTEAFF	TRBV7-3	TRBJ1-1
CASSGGAVAPSEQFF	TRBV2	TRBJ2-1
CSARAGADTEAFF	TRBV20-1	TRBJ1-1
CASGTGQLTNTEAFF	TRBV9	TRBJ1-1
CASSYSSSSGGSSYNEQFF	TRBV6-5	TRBJ2-1
CSAEPGTSGGLQYF	TRBV20-1	TRBJ2-4
CASSQRSTGELFF	TRBV19	TRBJ2-2
CASSLGLSNQPQHF	TRBV3-1	TRBJ1-5
CASSLTVYQETQYF	TRBV5-1	TRBJ2-5
CASSFPSGDGTQYF	TRBV12-3	TRBJ2-5
CSAWTSGGLSSYNEQFF	TRBV20-1	TRBJ2-1
CSAPSLLNTEAFF	TRBV29-1	TRBJ1-1
CASSLMTGELFF	TRBV7-7	TRBJ2-2
CASSLEGTHEQYF	TRBV28	TRBJ2-7
CASSLGTSYEQYF	TRBV12-4	TRBJ2-7
CASSARGALAGGSYEQYF	TRBV7-2	TRBJ2-7
CASSPPPSGAKEGVRAGNTIYF	TRBV3-1	TRBJ1-3
CASSQGFGGGETQYF	TRBV4-1	TRBJ2-5
CASSPGTGEGYEQYF	TRBV7-2	TRBJ2-7
CASSLDTWTGELFF	TRBV7-8	TRBJ2-2
CSVLDRISGNTIYF	TRBV29-1	TRBJ1-3
CASSLGQGVFYTF	TRBV5-1	TRBJ1-2
CASSFTGGDLYGYTF	TRBV12-3	TRBJ1-2
CASSQAPAGAGHEQYF	TRBV4-1	TRBJ2-7
CASSLGVEGMNTEAFF	TRBV12-4	TRBJ1-1
CASSASQFAEAFF	TRBV9	TRBJ1-1
CAIMIGTEAFF	TRBV10-3	TRBJ1-1
CASSLTPLKNNEQFF	TRBV7-9	TRBJ2-1
CASSLTGGYNEQFF	TRBV5-1	TRBJ2-1
CASSVTGPGDNEQFF	TRBV7-9	TRBJ2-1
CASSQDRAANYGYTF	TRBV4-2	TRBJ1-2
CASSSGLAGVNEQFF	TRBV7-9	TRBJ2-1
CSVEGGDRGYEQYF	TRBV29-1	TRBJ2-7
CASSYSGGYYGYTF	TRBV6-5	TRBJ1-2
CASSLNRGDPEAFF	TRBV11-2	TRBJ1-1
CASGNRVSQYF	TRBV12-5	TRBJ2-7
CASSLEAGGGYLEKLFF	TRBV7-2	TRBJ1-4
CSAFLSTFFTEAFF	TRBV20-1	TRBJ1-1
CASSLDKATEQYF	TRBV27	TRBJ2-7
CASSFVAGVDTQYF	TRBV6-5	TRBJ2-3
CASREKGYDEQFF	TRBV14	TRBJ2-1
CASSQDLEDNQPQHF	TRBV3-1	TRBJ1-5
CSARGPRGAGDYSNQPQHF	TRBV20-1	TRBJ1-5
CSAPRGTNEKLFF	TRBV20-1	TRBJ1-4
CSGREDSTNEKLFF	TRBV29-1	TRBJ1-4
CASSPGQGAGQPQHF	TRBV12-3	TRBJ1-5
CASSYSPGPITDTQYF	TRBV7-8	TRBJ2-3
CSVSASGGDEQYF	TRBV29-1	TRBJ2-7
CSVENPTGDNNEQFF	TRBV29-1	TRBJ2-1
CASSQGDVAPGTQYF	TRBV2	TRBJ2-5
CASSLFPSGMDHEQYF	TRBV27	TRBJ2-7
CASYWGLAVNEQFF	TRBV28	TRBJ2-1
CASNQETQYF	TRBV5-1	TRBJ2-5
CASSGTSGAYNEQFF	TRBV7-8	TRBJ2-1
CAISRTGGSNTEAFF	TRBV10-3	TRBJ1-1
CASSQLTATNYGYTF	TRBV4-1	TRBJ1-2
CASSPFDGSPLHF	TRBV9	TRBJ1-6
CAISDPGTLPNYGYTF	TRBV10-3	TRBJ1-2
CASQRDYTGELFF	TRBV27	TRBJ2-2
CSASSLTSGGAPEQYF	TRBV20-1	TRBJ2-7
CASSSRLGRYNEKLFF	TRBV27	TRBJ1-4
CATEASNTGELFF	TRBV9	TRBJ2-2
CASSQIGGQGGGNEQFF	TRBV7-3	TRBJ2-1
CASRSQGALYSNQPQHF	TRBV28	TRBJ1-5
CASSEPGQGGRGEQYF	TRBV7-9	TRBJ2-7
CASSTGDHSNQPQHF	TRBV6-6	TRBJ1-5
CASTPDWDTEAFF	TRBV19	TRBJ1-1
CASSTTGPQTPLHF	TRBV11-2	TRBJ1-6
CSARGLADPYEQYF	TRBV20-1	TRBJ2-7
CASSYQGGGKGGYTF	TRBV6-5	TRBJ1-2
CSAPVPPYNEQFF	TRBV20-1	TRBJ2-1
CASSQDPGDEQFF	TRBV4-1	TRBJ2-1
CASSPLTDTQYF	TRBV27	TRBJ2-3
CSVVMGYEQYF	TRBV29-1	TRBJ2-7
CASSLQAGDGSYEQYF	TRBV7-8	TRBJ2-7
CASSSNQGDNQPQHF	TRBV11-2	TRBJ1-5
CASSQDLTGPTDTQYF	TRBV14	TRBJ2-3
CASSQGGEVGEKLFF	TRBV4-3	TRBJ1-4
CASTTTGGETQYF	TRBV19	TRBJ2-5
CASSYAYDGSYEQYF	TRBV11-2	TRBJ2-7
CASSVDRNSPLHF	TRBV9	TRBJ1-6
CASSPTYYGYTF	TRBV6-5	TRBJ1-2
CASSGRDRGYAQSSYEQYF	TRBV19	TRBJ2-7
CSVESVAENEQFF	TRBV29-1	TRBJ2-1
CASRQLALGETQYF	TRBV7-9	TRBJ2-5
CATSSFPRLEWDEQFF	TRBV15	TRBJ2-1
CASSYSGSGELFF	TRBV6-3	TRBJ2-2
CASSSTGVGYTF	TRBV5-6	TRBJ1-2
CASSQDRSGEGYTF	TRBV4-1	TRBJ1-2
CSGGQGPDNEQFF	TRBV29-1	TRBJ2-1
CAISEGVWTYEQYF	TRBV10-3	TRBJ2-7
CATRAKYQETQYF	TRBV19	TRBJ2-5
CASSPHSPGRYGYTF	TRBV7-2	TRBJ1-2
CASSFATGELFF	TRBV12-4	TRBJ2-2
CSAGTEGTNEKLFF	TRBV29-1	TRBJ1-4
CASSRPEQFF	TRBV6-1	TRBJ2-1
CASSHETGRNQPQHF	TRBV4-1	TRBJ1-5
CASSFPTEGLGATDTQYF	TRBV12-3	TRBJ2-3
CASSLTSETSYEQYF	TRBV7-2	TRBJ2-7
CATGLAGSTDTQYF	TRBV10-3	TRBJ2-3
CASSLYVNNGYTF	TRBV7-9	TRBJ1-2
CASSADREFYEQYF	TRBV5-1	TRBJ2-7
CASSSSLAGDQPQHF	TRBV7-9	TRBJ1-5
CASSQVPGQGPNYGYTF	TRBV14	TRBJ1-2
CASSLGASTDTQYF	TRBV7-9	TRBJ2-3
CASSENGQGGQYF	TRBV9	TRBJ2-7
CASSLLIGANNEQFF	TRBV7-6	TRBJ2-1
CAWVLGPAGDTQYF	TRBV30	TRBJ2-3
CASSTPGDNEQFF	TRBV11-3	TRBJ2-1
CSAGLLGEQFF	TRBV29-1	TRBJ2-1
CASRTPGVSTEAFF	TRBV28	TRBJ1-1
CASLKRGGSYNEQFF	TRBV27	TRBJ2-1
CSARDETGNGYTF	TRBV20-1	TRBJ1-2
CASSVEGDANEQFF	TRBV9	TRBJ2-1
CASSRASRQGSTDTQYF	TRBV4-1	TRBJ2-3
CASIPLDHNSNTEAFF	TRBV19	TRBJ1-1
CASGQGSQPQHF	TRBV27	TRBJ1-5
CASSQLTGGVHEQYF	TRBV4-1	TRBJ2-7
CASSLHHEQYF	TRBV7-9	TRBJ2-7
CSARDLDSLTNGYTF	TRBV20-1	TRBJ1-2
CASSLGASGGRYNEQFF	TRBV5-4	TRBJ2-1
CASSSNRDRNTIYF	TRBV5-6	TRBJ1-3
CASSPPGVYNEQFF	TRBV6-3	TRBJ2-1
CSARDRPGTGGFHEQFF	TRBV20-1	TRBJ2-1
CASSPRRYNEQFF	TRBV9	TRBJ2-1
CASSRDRSYNEQFF	TRBV7-8	TRBJ2-1
CASSSLGGHGEAFF	TRBV7-9	TRBJ1-1
CASSFGSGSSYGYTF	TRBV11-1	TRBJ1-2
CSARWGVGNTIYF	TRBV20-1	TRBJ1-3
CASSGGPPAREQYF	TRBV5-5	TRBJ2-7
CASSLFRGGGYGYTF	TRBV28	TRBJ1-2
CASSQDRRLILENTGELFF	TRBV3-1	TRBJ2-2
CASSLEGTAWSDTQYF	TRBV7-9	TRBJ2-3
CASSREWGSNQPQHF	TRBV2	TRBJ1-5
CASGRRYNEQFF	TRBV7-3	TRBJ2-1
CASSFNGQGATDTQYF	TRBV5-4	TRBJ2-3
CASSLYSRAAGQPQHF	TRBV5-6	TRBJ1-5
CASSVEGAGGANVLTF	TRBV9	TRBJ2-6
CASSNTGRREQYF	TRBV6-5	TRBJ2-7
CASSMVGSSTYNEQFF	TRBV19	TRBJ2-1
CASSLIASGGYNEQFF	TRBV7-3	TRBJ2-1
CASSQDASGPYNEQFF	TRBV4-3	TRBJ2-1
CASSQKTGKNTEAFF	TRBV4-1	TRBJ1-1
CASSLAPGGETQYF	TRBV7-7	TRBJ2-5
CASSQHTVPGQGFPYEQYF	TRBV4-1	TRBJ2-7
CASSPPRVYSNGAGLAGVGWRNEQFF	TRBV5-4	TRBJ2-1
CASSLNFGDSYNEQFF	TRBV11-2	TRBJ2-1
CASSWGGGSNYGYTF	TRBV11-2	TRBJ1-2
CAWNLGQVNTEAFF	TRBV30	TRBJ1-1
CASSLLGARGLNEKLFF	TRBV28	TRBJ1-4
CASEEQGGLETQYF	TRBV6-3	TRBJ2-5
CASSQVRGSYEQYF	TRBV4-1	TRBJ2-7
CASSQGERGYTF	TRBV5-1	TRBJ1-2
CASSQGVGENTEAFF	TRBV4-1	TRBJ1-1
CASSAGGALTGELFF	TRBV14	TRBJ2-2
CAISHPGQGGQPQHF	TRBV10-3	TRBJ1-5
CASSPGLAVEQFF	TRBV7-3	TRBJ2-1
CASRSSGGAYNEQFF	TRBV2	TRBJ2-1
CASSMGLAENTGELFF	TRBV19	TRBJ2-2
CASSYTLWETDTQYF	TRBV6-4	TRBJ2-3
CASSSVNSNQPQHF	TRBV7-9	TRBJ1-5
CASSFSVGENEKLFF	TRBV5-4	TRBJ1-4
CATSRGAGFDEQYF	TRBV15	TRBJ2-7
CASSWVLAGTDETQYF	TRBV4-1	TRBJ2-5
CASSLGAGRELFF	TRBV13	TRBJ2-2
CASSWNGQGKDSEAFF	TRBV5-4	TRBJ1-1
CASSPTPSGREHTQYF	TRBV7-9	TRBJ2-3
CSARGGTEIPYEQYF	TRBV20-1	TRBJ2-7
CASSMGDRSMGNIQYF	TRBV19	TRBJ2-4
