CAGSLGTSSYEQYF	TRBV4-3	TRBJ2-7
CASSPGQDGYGYTF	TRBV4-3	TRBJ1-2
CASRPGQGGYEQYF	TRBV27	TRBJ2-7
CAWSVSVGAGVPTIYF	TRBV30	TRBJ1-3
CASSGQLYGYTF	TRBV19	TRBJ1-2
CSARDRPESGYTF	TRBV20-1	TRBJ1-2
CASSLNRGTDTQYF	TRBV12-3	TRBJ2-3
CASMGLVGGTDTQYF	TRBV19	TRBJ2-3
CASSPGWGTYEQYF	TRBV5-6	TRBJ2-7
CASSPTGLVGLIQNTEAFF	TRBV7-2	TRBJ1-1
CASRGLAGGDTQYF	TRBV11-2	TRBJ2-3
CASSENSLGRGLVKTQYF	TRBV2	TRBJ2-5
CASSTPGRRTSNQPQHF	TRBV9	TRBJ1-5
CASRGTSGTIEQFF	TRBV6-5	TRBJ2-1
CASSPGQGFKTQYF	TRBV7-9	TRBJ2-5
CASSQGRDGYGYTF	TRBV4-3	TRBJ1-2
CASSLWGQGSYEQYF	TRBV5-1	TRBJ2-7
CASSRRTGELFF	TRBV27	TRBJ2-2
CASSHSPGTSGSPGVTQYF	TRBV14	TRBJ2-5
CASRNNYGTEAFF	TRBV12-3	TRBJ1-1
CASSSAGTQETQYF	TRBV5-6	TRBJ2-5
CATTGGGHGYTF	TRBV19	TRBJ1-2
CASSLVGPPGELFF	TRBV5-5	TRBJ2-2
CATSREPGSIVNEQFF	TRBV15	TRBJ2-1
CASRPGRGSHEQYF	TRBV6-5	TRBJ2-7
CASSLGIDAIYF	TRBV12-3	TRBJ1-3
CASSFTTLGEQYF	TRBV7-2	TRBJ2-7
CASGGTVTEAFF	TRBV7-9	TRBJ1-1
CASSSGETGNTEAFF	TRBV5-1	TRBJ1-1
CASSLYSGGDQPQHF	TRBV7-2	TRBJ1-5
CASSLLGAGAFYTEAFF	TRBV7-8	TRBJ1-1
CASTVVGTQYF	TRBV7-8	TRBJ2-5
CASRTGGAYNEQFF	TRBV2	TRBJ2-1
CASSLLGQCNEQFF	TRBV6-3	TRBJ2-1
CASSQKDGSSYEQYF	TRBV4-3	TRBJ2-7
CSARENYEQYF	TRBV20-1	TRBJ2-7
CSVRAPPMTSPTDEQYF	TRBV29-1	TRBJ2-7
CASSLYSGLDQPQHF	TRBV7-2	TRBJ1-5
CASSGVGYQPQHF	TRBV19	TRBJ1-5
CAISEAGANVLTF	TRBV10-3	TRBJ2-6
CASSSTITGMGDSGNTIYF	TRBV7-9	TRBJ1-3
CASSVDKGGTDTQYF	TRBV9	TRBJ2-3
CSARDRVLVTEAFF	TRBV20-1	TRBJ1-1
CASRTTSGGTDTQYF	TRBV11-2	TRBJ2-3
CASSGWTLRIYEQYF	TRBV10-1	TRBJ2-7
CASSPQPFPEAFF	TRBV7-9	TRBJ1-1
CATSREEPIQPGEQFF	TRBV15	TRBJ2-1
CAGSLWSGIADTQYF	TRBV7-2	TRBJ2-3
CASSTFGATQEIQYF	TRBV5-1	TRBJ2-4
CASRARRPSNTIYF	TRBV6-1	TRBJ1-3
CSARDSIQFSSNQPQHF	TRBV20-1	TRBJ1-5
CASSLESGSSYNEQFF	TRBV11-2	TRBJ2-1
CSAWSGRNYNEQFF	TRBV20-1	TRBJ2-1
CASSLDSYEQYF	TRBV7-9	TRBJ2-7
CASSSLGPPGEQYF	TRBV5-5	TRBJ2-7
CASSHRTGELFF	TRBV27	TRBJ2-2
CASSPGTFGNEQFF	TRBV4-3	TRBJ2-1
CASSGGEYGYTF	TRBV6-1	TRBJ1-2
CASSDPTGSGAYEQYF	TRBV6-4	TRBJ2-7
CASSVLGTSGGAEQFF	TRBV9	TRBJ2-1
CASSDTVSYEQYF	TRBV5-6	TRBJ2-7
CASSPGQGREQYF	TRBV7-9	TRBJ2-7
CASSRHTGELFF	TRBV27	TRBJ2-2
CASGVLREAFF	TRBV25-1	TRBJ1-1
CSATSRAGDNEQFF	TRBV20-1	TRBJ2-1
CASSQETPRGPPLARNIQYF	TRBV4-3	TRBJ2-4
CASQLYSGGDQPQHF	TRBV7-2	TRBJ1-5
CASSPLGGLGNEQFF	TRBV28	TRBJ2-1
CASSSSGSSYNEQFF	TRBV5-1	TRBJ2-1
CASSPRTGELFF	TRBV27	TRBJ2-2
CATHAGTGELFF	TRBV6-2	TRBJ2-2
CSVEDRANEQYF	TRBV29-1	TRBJ2-7
CAGSFTTLGEQYF	TRBV7-2	TRBJ2-7
CASTYDRGFTGELFF	TRBV5-1	TRBJ2-2
CSALQLGGAGANEQFF	TRBV20-1	TRBJ2-1
CASSYLWGQYEQYF	TRBV6-2	TRBJ2-7
CASRSTPTDIQYF	TRBV12-3	TRBJ2-4
CASRPDRAGSNQPQHF	TRBV12-4	TRBJ1-5
CSARVTSPYEQYF	TRBV20-1	TRBJ2-7
CASSLAGTQETQYF	TRBV5-6	TRBJ2-5
CSARDNYEQYF	TRBV20-1	TRBJ2-7
CASSQVGADTEAFF	TRBV14	TRBJ1-1
CASRRQGALNTEAFF	TRBV27	TRBJ1-1
CASSGANYGYTF	TRBV6-1	TRBJ1-2
CSARAEGKAKNIQYF	TRBV20-1	TRBJ2-4
CASGTKYYGYTF	TRBV27	TRBJ1-2
CASGAAMNTEAFF	TRBV9	TRBJ1-1
CASSPGVFGNEQFF	TRBV5-1	TRBJ2-1
CASSQGSGRAQDTQYF	TRBV4-3	TRBJ2-3
CASSHLDSPISNQPQHF	TRBV14	TRBJ1-5
CASSPPTGQVGTDTQYF	TRBV7-9	TRBJ2-3
CASSPGQFSHEQYF	TRBV6-1	TRBJ2-7
CASSQRTGELFF	TRBV27	TRBJ2-2
CASSLYFPNTEAFF	TRBV5-5	TRBJ1-1
CASSVAGGQVTDTQYF	TRBV9	TRBJ2-3
CASSQDQPNREVITEAFF	TRBV4-1	TRBJ1-1
CASSPGQGGYEQYF	TRBV27	TRBJ2-7
CASSPGTSSYEQYF	TRBV4-3	TRBJ2-7
CASSPGRTSHEQFF	TRBV4-3	TRBJ2-1
CASSQDRVVGADTQYF	TRBV4-2	TRBJ2-3
CASSLWGGGFSQEQFF	TRBV7-2	TRBJ2-1
CASSQDRATQETQYF	TRBV4-1	TRBJ2-5
CASSYSVVEAAAEAFF	TRBV6-6	TRBJ1-1
CASSQGRGDYGYTF	TRBV4-3	TRBJ1-2
CASSVGVETGEQYF	TRBV9	TRBJ2-7
CASSHLTGVPETQYF	TRBV5-5	TRBJ2-5
CASSVVGGGAADTQYF	TRBV9	TRBJ2-3
CASSADGSFYEQYF	TRBV9	TRBJ2-7
CASSGGTGVFYEQYF	TRBV7-9	TRBJ2-7
CASSVGWGSETQYF	TRBV9	TRBJ2-5
CASKNRPTGNTIYF	TRBV10-1	TRBJ1-3
CAQPVVYSYEQYF	TRBV7-9	TRBJ2-7
CASSFDSEAFF	TRBV5-1	TRBJ1-1
CASSVGTGELFF	TRBV25-1	TRBJ2-2
CSASPRGRYNEQFF	TRBV20-1	TRBJ2-1
CASSLAGTHETQYF	TRBV5-6	TRBJ2-5
CASSFTPGTGAPYSNQPQHF	TRBV7-2	TRBJ1-5
CASRQGLGEAFF	TRBV12-3	TRBJ1-1
CASSLRGGNADTQYF	TRBV28	TRBJ2-3
CASSPRGREETQYF	TRBV18	TRBJ2-5
CSGVDSPWSGELFF	TRBV29-1	TRBJ2-2
CASSKEHRGTEDYEQYF	TRBV19	TRBJ2-7
CSVPKTGTSGFNEQFF	TRBV29-1	TRBJ2-1
CASSQGLFGNEQFF	TRBV4-3	TRBJ2-1
CASSLPTENTDTQYF	TRBV5-5	TRBJ2-3
CASSQEGRRDTQYF	TRBV4-3	TRBJ2-3
CASSTLGDSREKLFF	TRBV9	TRBJ1-4
CASSSTWGTGELFF	TRBV11-3	TRBJ2-2
CASSPGTGGALNEQYF	TRBV7-6	TRBJ2-7
CASSPTGNWNTDTQYF	TRBV12-3	TRBJ2-3
CASSQGVHRDANQPQHF	TRBV3-1	TRBJ1-5
CASSPGTSSSYNEQFF	TRBV4-3	TRBJ2-1
CASSLDRAGDTQYF	TRBV5-6	TRBJ2-3
CSAHLYRAYGYTF	TRBV20-1	TRBJ1-2
CASSPRDFSGNTIYF	TRBV11-2	TRBJ1-3
CASSPRGRTGELFF	TRBV9	TRBJ2-2
CASSPGQTNYGYTF	TRBV7-9	TRBJ1-2
CASTGGGYGYTF	TRBV19	TRBJ1-2
CSAMGGGPYEQYF	TRBV20-1	TRBJ2-7
CASSDTLNTEAFF	TRBV10-1	TRBJ1-1
CASSDSTGDSGANVLTF	TRBV28	TRBJ2-6
CATSGQDYGYTF	TRBV24-1	TRBJ1-2
CASSQGVGNTIYF	TRBV7-2	TRBJ1-3
CASSLELGDEQFF	TRBV7-6	TRBJ2-1
CASSRNNIEAFF	TRBV27	TRBJ1-1
CASTRSGGFRDEQYF	TRBV6-6	TRBJ2-7
CASSGTAPAAEAFF	TRBV5-4	TRBJ1-1
CASRPGQGHHEQYF	TRBV6-5	TRBJ2-7
CATSDDGTPNNEQFF	TRBV24-1	TRBJ2-1
CASSEAGGTEAFF	TRBV5-1	TRBJ1-1
CASSTPSIPWSTDDFFEQYF	TRBV7-9	TRBJ2-7
CASSAPGPYEQYF	TRBV28	TRBJ2-7
CASSRADDSYEQYF	TRBV9	TRBJ2-7
CSARGWVSNNQETQYF	TRBV20-1	TRBJ2-5
CASSYSDGNEAFF	TRBV6-6	TRBJ1-1
CASSLGVSLGTGPEAFF	TRBV5-5	TRBJ1-1
CASSQSPTRLAGTPHNEQFF	TRBV16	TRBJ2-1
CASSVGVQGDTQYF	TRBV5-6	TRBJ2-3
CASSWGQGQLSYEQYF	TRBV27	TRBJ2-7
CASSDNGGDRSPGELFF	TRBV27	TRBJ2-2
CATREPNTGELFF	TRBV7-2	TRBJ2-2
CASSLTSIAEAFF	TRBV7-2	TRBJ1-1
CASRETGWGNQPQHF	TRBV27	TRBJ1-5
CASSLVFGTAGGQQFF	TRBV5-5	TRBJ2-1
CASMGGANTEAFF	TRBV27	TRBJ1-1
CASSSYRGGGTEAFF	TRBV7-8	TRBJ1-1
CASSLAGGQETQYF	TRBV5-6	TRBJ2-5
CASSPGWGEDTQYF	TRBV5-6	TRBJ2-3
CASEIGNSGQETQYF	TRBV7-9	TRBJ2-5
CASSLWGGGDREQYF	TRBV7-2	TRBJ2-7
CAISEFKDTMAEDTGELFF	TRBV10-3	TRBJ2-2
CASSPVGRGTEAFF	TRBV4-3	TRBJ1-1
CASSQKTGEAYGYTF	TRBV4-1	TRBJ1-2
CASSQGGGGTDTQYF	TRBV4-3	TRBJ2-3
CASSPGLSGNTIYF	TRBV4-3	TRBJ1-3
CAWGSVRMISYNEQFF	TRBV30	TRBJ2-1
CSARDQAREGTYNEQFF	TRBV20-1	TRBJ2-1
CASSPPGGENSPLHF	TRBV7-9	TRBJ1-6
CASSSGLAGGSEQYF	TRBV4-3	TRBJ2-7
CASSQGRLSAEAFF	TRBV4-3	TRBJ1-1
CSASGREQGANVIHEQYF	TRBV20-1	TRBJ2-7
CASTGGQYGYTF	TRBV19	TRBJ1-2
CASRTSGDYEQYF	TRBV6-2	TRBJ2-7
CASSLWGERLNTEAFF	TRBV27	TRBJ1-1
CAISEPGQQLYGYTF	TRBV10-3	TRBJ1-2
CASSLSRDRNEQFF	TRBV27	TRBJ2-1
CASSPGTFANEQFF	TRBV4-3	TRBJ2-1
CATSETGELFF	TRBV24-1	TRBJ2-2
CASNLGGPQQPQHF	TRBV12-4	TRBJ1-5
CASRGTGESPLHF	TRBV14	TRBJ1-6
CASSLRGGNTDTQYF	TRBV28	TRBJ2-3
CSARLDYEQYF	TRBV20-1	TRBJ2-7
CASSQTGLAYNSPLHF	TRBV4-3	TRBJ1-6
CASSQGRWGTEAFF	TRBV7-2	TRBJ1-1
CASRGSGVYEQYF	TRBV6-2	TRBJ2-7
CASSQYLLAGARGTYEQYF	TRBV3-1	TRBJ2-7
CASSHSKNTEAFF	TRBV12-3	TRBJ1-1
CSARGGAVFYEQYF	TRBV20-1	TRBJ2-7
CASSELGGSTDTQYF	TRBV7-6	TRBJ2-3
CASSLYTGSDQPQHF	TRBV7-2	TRBJ1-5
CAISAPDIAGNTIYF	TRBV10-3	TRBJ1-3
CATSDLRNTEAFF	TRBV24-1	TRBJ1-1
CASSLRDEQYF	TRBV28	TRBJ2-7
CASSQDRETQYF	TRBV14	TRBJ2-5
CSATGRESGIEQYF	TRBV20-1	TRBJ2-7
CASSTTSGRYEQYF	TRBV12-4	TRBJ2-7
CASSAITSGGARDEQFF	TRBV9	TRBJ2-1
CASSLSDVSWNTEAFF	TRBV5-1	TRBJ1-1
CASSSGRGGEQYF	TRBV27	TRBJ2-7
CASTLSGTQYF	TRBV7-8	TRBJ2-5
CASSTKGGADTQYF	TRBV18	TRBJ2-3
CASSGTNYGYTF	TRBV19	TRBJ1-2
CASSVLGGNYGYTF	TRBV9	TRBJ1-2
CASNGQNYGYTF	TRBV19	TRBJ1-2
CASRDFPSGGSYEQYF	TRBV6-1	TRBJ2-7
CASSPGTGIGEQFF	TRBV7-9	TRBJ2-1
CASSQTSASEQYF	TRBV4-1	TRBJ2-7
CASGLGRGWNTEAFF	TRBV12-5	TRBJ1-1
CTSSEDKGGGDTQYF	TRBV7-2	TRBJ2-3
CASADRDREADEQFF	TRBV9	TRBJ2-1
CASSLYSGGGQPQHF	TRBV7-2	TRBJ1-5
CSASSRGRVDEQFF	TRBV20-1	TRBJ2-1
CASSGGNYGYTF	TRBV6-1	TRBJ1-2
CASSYLPGQGDHYSNQPQHF	TRBV13	TRBJ1-5
CANSLYTGSDQPQHF	TRBV7-2	TRBJ1-5
CASNLMSGTDTQYF	TRBV7-6	TRBJ2-3
CASREGRGGTEAFF	TRBV6-5	TRBJ1-1
CASRPGQGSHEQFF	TRBV6-5	TRBJ2-1
CASSLGVGGGQPQHF	TRBV12-3	TRBJ1-5
CASSLYGGPEQPQHF	TRBV7-2	TRBJ1-5
CASSILGTEAFF	TRBV19	TRBJ1-1
CASSSRDREETQYF	TRBV7-8	TRBJ2-5
CASGLAVPVDGYTF	TRBV12-5	TRBJ1-2
CASSQGANYEQYF	TRBV4-3	TRBJ2-7
CASSLEGGSNQPQHF	TRBV28	TRBJ1-5
CASSPLDGFRDEQFF	TRBV6-1	TRBJ2-1
CASSLGTTYEAFF	TRBV12-3	TRBJ1-1
CASSLQGERTEAFF	TRBV7-8	TRBJ1-1
CASRQGPYEQYF	TRBV12-3	TRBJ2-7
CASSVSTGEAYGYTF	TRBV9	TRBJ1-2
CASSALSGRVSTDTQYF	TRBV9	TRBJ2-3
CASSLGASISYEQYF	TRBV7-8	TRBJ2-7
CASSPGQGGYGQYF	TRBV27	TRBJ2-7
CASAPGLMSYEQYF	TRBV4-3	TRBJ2-7
CATQTPDSRRETQYF	TRBV6-6	TRBJ2-5
CASSLGGDEQYF	TRBV28	TRBJ2-7
CASSRTAGTYYNEQFF	TRBV27	TRBJ2-1
CASSFIPGQGTHYSNQPQHF	TRBV6-2	TRBJ1-5
CSVEDQTDPGYTF	TRBV29-1	TRBJ1-2
CASSEGQGTTYEQYF	TRBV9	TRBJ2-7
CASSLDSRGAFF	TRBV12-4	TRBJ1-1
CASSQGTSDYEQYF	TRBV4-3	TRBJ2-7
CASRVSYEQYF	TRBV25-1	TRBJ2-7
CSAREGQGSIEQYF	TRBV20-1	TRBJ2-7
CASSPSGQGARTGELFF	TRBV18	TRBJ2-2
CASSLPGQGRTEAFF	TRBV7-2	TRBJ1-1
CSARTYAGGTDTQYF	TRBV20-1	TRBJ2-3
CSATSRDSALEQYF	TRBV20-1	TRBJ2-7
CASSFGAINEAFF	TRBV12-3	TRBJ1-1
CSARDFDLTGELFF	TRBV20-1	TRBJ2-2
CSVRDGYEQYF	TRBV29-1	TRBJ2-7
CASSDLTGLTGELFF	TRBV7-8	TRBJ2-2
CASSIQTGNSPLHF	TRBV19	TRBJ1-6
CASSESRMGSQANYGYTF	TRBV25-1	TRBJ1-2
CASRPIGGAQETQYF	TRBV5-1	TRBJ2-5
CASSLRGDYNEQFF	TRBV28	TRBJ2-1
CASSRAGADYNEQFF	TRBV7-9	TRBJ2-1
CASSDRQNTEAFF	TRBV28	TRBJ1-1
CASSSFGPSNRPQHF	TRBV7-2	TRBJ1-5
CAISDWTSGGPSAYEQYF	TRBV10-3	TRBJ2-7
CSARPQGQTVALHF	TRBV20-1	TRBJ1-6
CASSYQPGGSGELFF	TRBV28	TRBJ2-2
CASSFGQGAIEQYF	TRBV18	TRBJ2-7
CASSLGVNTIYF	TRBV12-3	TRBJ1-3
CASSPLPRLAGEETQYF	TRBV7-8	TRBJ2-5
CASSQATGNTGELFF	TRBV7-8	TRBJ2-2
CASSGNSFSAFF	TRBV27	TRBJ1-1
CASSIGPLEGNEQFF	TRBV19	TRBJ2-1
CASTIPPRTSVSGELFF	TRBV11-2	TRBJ2-2
CASSLWAGGSNEQFF	TRBV7-2	TRBJ2-1
CASSYLAGQGAPYSNQPQHF	TRBV6-2	TRBJ1-5
CASSWDRNEQFF	TRBV7-9	TRBJ2-1
CASSLWGGSSNEQFF	TRBV7-2	TRBJ2-1
CASSEDYYEQYF	TRBV7-9	TRBJ2-7
CASSLELAGEDYEQYF	TRBV28	TRBJ2-7
CASSLGYGEAFF	TRBV12-3	TRBJ1-1
CASSVVGDSRETQYF	TRBV9	TRBJ2-5
CASSPQTAGELFF	TRBV4-3	TRBJ2-2
CASSTRGNTEAFF	TRBV3-1	TRBJ1-1
CASSVVGDSYNEQFF	TRBV9	TRBJ2-1
CASSEYRGPSSYEQYF	TRBV5-8	TRBJ2-7
CASSAESTRLTDTQYF	TRBV5-1	TRBJ2-3
CASSQGPTEAFF	TRBV12-3	TRBJ1-1
CACSRSYGYTF	TRBV19	TRBJ1-2
CASSGTLEGGYTF	TRBV27	TRBJ1-2
CASSLYGGQHQPQHF	TRBV5-5	TRBJ1-5
CASSVVGGGRTDTQYF	TRBV9	TRBJ2-3
CATTGGNYGYTF	TRBV19	TRBJ1-2
CASSLIAGGGEDTQYF	TRBV12-4	TRBJ2-3
CAWNRGMNTEAFF	TRBV30	TRBJ1-1
CASSLYRSYEQYF	TRBV7-3	TRBJ2-7
CSARQGLNNEQFF	TRBV20-1	TRBJ2-1
CASSQEYRATTDTQYF	TRBV4-3	TRBJ2-3
CASSSRGGATDTQYF	TRBV28	TRBJ2-3
CASRYLRGEGAHPSNTEAFF	TRBV6-2	TRBJ1-1
CASSSGLPTNEKLFF	TRBV19	TRBJ1-4
CASSLLGGNSTQYF	TRBV7-2	TRBJ2-3
CASSPGQFGAEAFF	TRBV4-3	TRBJ1-1
CASSLGTSANEQYF	TRBV4-3	TRBJ2-7
CASSKYNEQFF	TRBV19	TRBJ2-1
CASSFLTRQPQHF	TRBV12-4	TRBJ1-5
CASSLVAGTYNEQFF	TRBV7-2	TRBJ2-1
CASSLYSGADQPQHF	TRBV7-2	TRBJ1-5
CASRPGRGATNEKLFF	TRBV5-5	TRBJ1-4
CASSQSTGELFF	TRBV27	TRBJ2-2
CASSQGSGLAGGEQFF	TRBV4-3	TRBJ2-1
CSATSRDRGLEQYF	TRBV20-1	TRBJ2-7
CASTYTGGAGGELFF	TRBV12-3	TRBJ2-2
CASSLTGGARARLFF	TRBV7-3	TRBJ2-2
CASSSPLTSGRLNEQFF	TRBV11-2	TRBJ2-1
CASSSTNLGEQFF	TRBV7-9	TRBJ2-1
CASSPGGYSNEQFF	TRBV4-3	TRBJ2-1
CASSPRQGQEQYF	TRBV7-9	TRBJ2-7
CATNDPIRASSHEQFF	TRBV24-1	TRBJ2-1
CASSQKIGIYEQYF	TRBV4-1	TRBJ2-7
CASSLWSGVGDGYTF	TRBV7-2	TRBJ1-2
CASGSGLANNEQFF	TRBV4-3	TRBJ2-1
CASSQKGGSSYEQYF	TRBV4-1	TRBJ2-7
CASGPGTGQETQYF	TRBV6-5	TRBJ2-5
CASSYPMGANEKLFF	TRBV6-6	TRBJ1-4
CASSQWTGELFF	TRBV27	TRBJ2-2
CASSLGGGYTF	TRBV7-9	TRBJ1-2
CASSQAREQFF	TRBV3-1	TRBJ2-1
CASSLMGASGANVLTF	TRBV5-1	TRBJ2-6
CASSWGRANVEQYF	TRBV5-6	TRBJ2-7
CATAESYGYTF	TRBV19	TRBJ1-2
CASSLVLAIEQYF	TRBV7-2	TRBJ2-7
CASSVDAGGELFF	TRBV9	TRBJ2-2
CASSFEAGQGFFSNQPQHF	TRBV13	TRBJ1-5
CASSGDSYGYTF	TRBV6-1	TRBJ1-2
CATSDLPGTGSDTQYF	TRBV24-1	TRBJ2-3
CASRDSIQFSSNQPQHF	TRBV10-1	TRBJ1-5
CASYNFGQYGYTF	TRBV5-1	TRBJ1-2
CAGTAGAGTDTQYF	TRBV30	TRBJ2-3
CATSEAANTGELFF	TRBV24-1	TRBJ2-2
CASTGGDYGYTF	TRBV19	TRBJ1-2
CASSASTKDTQYF	TRBV2	TRBJ2-3
CASSISYEQYF	TRBV11-2	TRBJ2-7
CASSLLDGTRDQQYF	TRBV7-8	TRBJ2-7
CTSSLVFGTAGGRQFF	TRBV7-2	TRBJ2-1
CASSEEVEAFF	TRBV6-1	TRBJ1-1
CASSQGLAGREQYF	TRBV4-3	TRBJ2-7
CASKAGPNIQYF	TRBV12-3	TRBJ2-4
CASSLGANAVEQYF	TRBV7-2	TRBJ2-7
CSARGGERFYEQYF	TRBV20-1	TRBJ2-7
CASSPMDLLDEQYF	TRBV7-6	TRBJ2-7
CASSMTYGYTF	TRBV19	TRBJ1-2
CASSQGLLANEQFF	TRBV4-3	TRBJ2-1
CASSLYGGGEQPQHF	TRBV7-2	TRBJ1-5
CASSVDRAEQYF	TRBV7-9	TRBJ2-7
CASSLGPGEAFF	TRBV12-3	TRBJ1-1
CASSLALRGGDQETQYF	TRBV7-2	TRBJ2-5
CASSLKGGEAYEQYF	TRBV4-1	TRBJ2-7
CASSLVGFANTGELFF	TRBV7-9	TRBJ2-2
CASSASTGEAYGYTF	TRBV9	TRBJ1-2
CASRPGQGASEAFF	TRBV6-5	TRBJ1-1
CASNDPTSEQYF	TRBV5-1	TRBJ2-7
CANSSSSQEQFF	TRBV7-8	TRBJ2-1
CASSSTAPDTEAFF	TRBV5-4	TRBJ1-1
CASSPRRGGPLQETQYF	TRBV9	TRBJ2-5
CASSLQQTLGAFF	TRBV13	TRBJ1-1
CASSLFQTEAFF	TRBV28	TRBJ1-1
CASSSRGVRSLDTQYF	TRBV7-2	TRBJ2-3
CASSLDSGFLEQYF	TRBV11-2	TRBJ2-7
CASSGTTSFDEQFF	TRBV9	TRBJ2-1
CATTGTYGYTF	TRBV19	TRBJ1-2
CASSQGRRSNEQFF	TRBV4-3	TRBJ2-1
CATEASGNTIYF	TRBV7-9	TRBJ1-3
CSARDPSRGSGVMDEQFF	TRBV20-1	TRBJ2-1
CASSQGLGYGYTF	TRBV27	TRBJ1-2
CASSLGPTVPGNAIYF	TRBV7-9	TRBJ1-3
CASSPPSGIYNEQFF	TRBV28	TRBJ2-1
CASSQVKIGQGNEKLFF	TRBV3-1	TRBJ1-4
CASSYSMTSGSFSDLGAKNIQYF	TRBV6-2	TRBJ2-4
CASSYSRTDLKNIQYF	TRBV6-2	TRBJ2-4
CASSGMDYGYTF	TRBV19	TRBJ1-2
CATIRTGFSSYEQYF	TRBV10-3	TRBJ2-7
CASSLRGLASTSSYNEQFF	TRBV5-1	TRBJ2-1
CAWSVDQRNSPLHF	TRBV30	TRBJ1-6
CASSWSGGQRGYTF	TRBV7-9	TRBJ1-2
CASSGRDSHNEKLFF	TRBV9	TRBJ1-4
CASSPTNLNEQFF	TRBV6-1	TRBJ2-1
CASSQGLMGAEAFF	TRBV4-3	TRBJ1-1
CASSLGRGPNEQFF	TRBV5-6	TRBJ2-1
CASSPMGGVTEAFF	TRBV9	TRBJ1-1
CASSPGQGPSYEQYF	TRBV18	TRBJ2-7
CASSPGLATDNEQFF	TRBV4-3	TRBJ2-1
CACSFSKNTEAFF	TRBV12-3	TRBJ1-1
CASSLDRTSSPLHF	TRBV27	TRBJ1-6
CASSYGGTEAFF	TRBV6-6	TRBJ1-1
CASSGTSYGYTF	TRBV19	TRBJ1-2
CASSLDLNRERTGELFF	TRBV5-5	TRBJ2-2
CATSSLLLAGGVEQYF	TRBV15	TRBJ2-7
CASSMIGHSNQPQHF	TRBV19	TRBJ1-5
CASSLDVNEQFF	TRBV7-9	TRBJ2-1
CASNLQGLAEGPQFF	TRBV12-3	TRBJ2-1
CASSVEIGQTEAFF	TRBV9	TRBJ1-1
CASSTPGEGGEQFF	TRBV2	TRBJ2-1
CASSQVRTWELFF	TRBV3-1	TRBJ2-2
CSVAGTGMTDTQYF	TRBV29-1	TRBJ2-3
CASSLGLEPQHF	TRBV7-9	TRBJ1-5
CASSKGRYNEQFF	TRBV27	TRBJ2-1
CATTGQDYGYTF	TRBV19	TRBJ1-2
CASSHLIAASTDTQYF	TRBV27	TRBJ2-3
CASSAGQGWKGQYF	TRBV7-9	TRBJ2-7
CASSFSKNTEAFF	TRBV12-3	TRBJ1-1
CASRLPGQGNTEAFF	TRBV6-6	TRBJ1-1
CASCPGWGSYEQYF	TRBV5-6	TRBJ2-7
CASSMGQGATEAFF	TRBV6-5	TRBJ1-1
CASSLFGSPGQPQHF	TRBV7-2	TRBJ1-5
CASYRSDRPTEAFF	TRBV14	TRBJ1-1
CAGSPGFTEAFF	TRBV30	TRBJ1-1
CASSPRGRKETQYF	TRBV18	TRBJ2-5
CASSQGQYGQTQYF	TRBV4-3	TRBJ2-5
CASSFLPGQGSYYSNQPQHF	TRBV6-2	TRBJ1-5
CASSLGGLNTIYF	TRBV12-3	TRBJ1-3
CAISDSPNTGELFF	TRBV10-3	TRBJ2-2
CASSVLRAAFF	TRBV25-1	TRBJ1-1
CASSSGMRGTEAFF	TRBV7-2	TRBJ1-1
CASTTAADTQYF	TRBV7-9	TRBJ2-3
CASSLAGQGNGYTF	TRBV7-8	TRBJ1-2
CSAREGLAGQMYEQYF	TRBV20-1	TRBJ2-7
CAGRASTGSGNTIYF	TRBV6-1	TRBJ1-3
CASSRYQTEAFF	TRBV3-1	TRBJ1-1
CASSLWGGPMETQYF	TRBV27	TRBJ2-5
CASSPPMGRAEGYTF	TRBV2	TRBJ1-2
CASSQGAGGIEQFF	TRBV4-3	TRBJ2-1
CALTRSYGYTF	TRBV30	TRBJ1-2
CASSQGQSSYEQYF	TRBV3-1	TRBJ2-7
CSVVETVGETQYF	TRBV29-1	TRBJ2-5
CASSQEDSWGDTQYF	TRBV14	TRBJ2-3
CASSGQEYGYTF	TRBV19	TRBJ1-2
CASSTVGSSGNTIYF	TRBV6-5	TRBJ1-3
CASRASATQYF	TRBV12-4	TRBJ2-3
CASSLGVSSYEQYF	TRBV4-3	TRBJ2-7
CASSLGRGSGANVLTF	TRBV6-1	TRBJ2-6
CASGGGVTEAFF	TRBV7-9	TRBJ1-1
CASSQGQGIALYGYTF	TRBV27	TRBJ1-2
CAAGGHNDLDTQYF	TRBV24-1	TRBJ2-3
CASSQENRQGRYEQYF	TRBV14	TRBJ2-7
CASSQAGGLMSYSNQPQHF	TRBV4-2	TRBJ1-5
CASSFSSLGEQFF	TRBV12-3	TRBJ2-1
CASSPFGPSNQPQHF	TRBV7-2	TRBJ1-5
CAGSEGRDQETQYF	TRBV16	TRBJ2-5
CTSSEGRDQETQYF	TRBV7-2	TRBJ2-5
CASSELAGLGTEAFF	TRBV2	TRBJ1-1
CSAREGLAGAIYEQYF	TRBV20-1	TRBJ2-7
CASSLEPGTNSYNEQFF	TRBV7-8	TRBJ2-1
CAIQTGMNTEAFF	TRBV12-3	TRBJ1-1
CSARVRAGSYNEQFF	TRBV20-1	TRBJ2-1
CASSQGRLDNGQYF	TRBV7-2	TRBJ2-7
CASYPDRGRVNEQFF	TRBV27	TRBJ2-1
CASSLKESSSYEQYF	TRBV4-1	TRBJ2-7
CASSLYTSNNEQFF	TRBV11-2	TRBJ2-1
CASSPGTSETGELFF	TRBV12-3	TRBJ2-2
CASSQDLVSQPQHF	TRBV4-1	TRBJ1-5
CASRPIRDVTSTDTQYF	TRBV7-9	TRBJ2-3
CASSDQGQVKNIQYF	TRBV2	TRBJ2-4
CAISHTGELFF	TRBV10-3	TRBJ2-2
CASSLLDGTRDEQYF	TRBV7-8	TRBJ2-7
CASSQGLQGSEQFF	TRBV4-3	TRBJ2-1
CASSPEGRKNEAFF	TRBV18	TRBJ1-1
CASSLSYGYTF	TRBV6-1	TRBJ1-2
CASSWGPGELFF	TRBV27	TRBJ2-2
CASSLRTPGQALRNEKLFF	TRBV7-9	TRBJ1-4
CASSLYAGPDQPQHF	TRBV7-2	TRBJ1-5
CASSEASPGRSYGYTF	TRBV2	TRBJ1-2
CASSGTYGYTF	TRBV19	TRBJ1-2
CSTGTYGYTF	TRBV20-1	TRBJ1-2
CSARVGLAGSLYEQYF	TRBV20-1	TRBJ2-7
CASSFGSEAFF	TRBV5-1	TRBJ1-1
CASSPRDSKETQYF	TRBV14	TRBJ2-5
CASSPIEGLAKNIQYF	TRBV7-8	TRBJ2-4
CASSLSKNTEAFF	TRBV12-3	TRBJ1-1
CASSVDKGGTDAQYF	TRBV9	TRBJ2-3
CASSQGVTTGGFLNYGYTF	TRBV3-1	TRBJ1-2
CASSVGPGQEIHTDTQYF	TRBV9	TRBJ2-3
CASSFIAGTEAFF	TRBV12-3	TRBJ1-1
CASSSESQEQYF	TRBV7-8	TRBJ2-7
CSVEGMRDYGYTF	TRBV29-1	TRBJ1-2
CASSYLGGSDTQYF	TRBV7-6	TRBJ2-3
CASRTSGGHEQFF	TRBV6-2	TRBJ2-1
CSASLGGRISGANVLTF	TRBV29-1	TRBJ2-6
CASSRKTGPYEQYF	TRBV12-3	TRBJ2-7
CASSQDPAGWGTDTQYF	TRBV14	TRBJ2-3
CSADPSRGSGVMDEQFF	TRBV20-1	TRBJ2-1
CASSDPGQYGYTF	TRBV25-1	TRBJ1-2
CASSVMAGLDEQYF	TRBV2	TRBJ2-7
CASSLGGTEAFF	TRBV5-1	TRBJ1-1
CASSGQAYGYTF	TRBV25-1	TRBJ1-2
CASSEYGAAVYEQYF	TRBV6-1	TRBJ2-7
CASPYMDARSEAFF	TRBV6-1	TRBJ1-1
CASSLAPGTSGSPYNEQFF	TRBV7-9	TRBJ2-1
CASSSVDRSSYEQYF	TRBV7-9	TRBJ2-7
CASSYGTGELFF	TRBV27	TRBJ2-2
CASSSRGRIVEQYF	TRBV11-2	TRBJ2-7
CASSYQTGTGTYGYTF	TRBV6-5	TRBJ1-2
CASSQGSGILDSPLHF	TRBV7-6	TRBJ1-6
CTSSIKGYNEQFF	TRBV7-2	TRBJ2-1
CASSPKQGDNYEQYF	TRBV4-1	TRBJ2-7
CASSLLGGHPTQYF	TRBV7-2	TRBJ2-3
CSVKGQGDTELFF	TRBV29-1	TRBJ2-2
CSVGAGLTWANYGYTF	TRBV29-1	TRBJ1-2
CASRKGQGDWEAFF	TRBV6-5	TRBJ1-1
CASSTGLAGEGRHNEQFF	TRBV6-2	TRBJ2-1
CSVEDSLVNEQFF	TRBV29-1	TRBJ2-1
CASSPTSGIYEQYF	TRBV4-1	TRBJ2-7
CASSSQGYGRAQHF	TRBV27	TRBJ1-5
CASSLRGDSNQPQHF	TRBV12-4	TRBJ1-5
CASSLGSQFIEQYF	TRBV27	TRBJ2-7
CSVEGGTSGSYEQYF	TRBV29-1	TRBJ2-7
CASPGVRGANVLTF	TRBV30	TRBJ2-6
CASSSRRRGMNTEAFF	TRBV28	TRBJ1-1
CASSLIGHSNQPQHF	TRBV19	TRBJ1-5
CASSPGAGENIQYF	TRBV7-9	TRBJ2-4
CASSPVLYEQYF	TRBV14	TRBJ2-7
CASSSRDPIPSGYTF	TRBV5-6	TRBJ1-2
CASSQKSGSSYEQYF	TRBV4-1	TRBJ2-7
CASTGLLYGYTF	TRBV19	TRBJ1-2
CASSPGAYGNTIYF	TRBV6-5	TRBJ1-3
CSARARSDSYGYTF	TRBV20-1	TRBJ1-2
CASSLGRGQETQYF	TRBV7-9	TRBJ2-5
CASRDYEQYF	TRBV6-2	TRBJ2-7
CASSGQLLEAFF	TRBV6-1	TRBJ1-1
CATGRLAGETQYF	TRBV15	TRBJ2-5
CASTVGNTIYF	TRBV7-9	TRBJ1-3
CASSEGLQEVFF	TRBV6-2	TRBJ2-1
CASSLSPGTSGSRANEQFF	TRBV27	TRBJ2-1
CASSFTGTGARTDTQYF	TRBV27	TRBJ2-3
CASSFGLDEAFF	TRBV12-3	TRBJ1-1
CASSLVGTGTGELFF	TRBV11-2	TRBJ2-2
CASSEALPTIANTGELFF	TRBV2	TRBJ2-2
CSARDAGGDYGYTF	TRBV20-1	TRBJ1-2
CASSQGATSQTQYF	TRBV4-3	TRBJ2-3
CASSLRRDSGPPSNQPQHF	TRBV7-6	TRBJ1-5
CASSYSRGVGNTIYF	TRBV6-6	TRBJ1-3
CASSPTSGGFTWEQFF	TRBV4-3	TRBJ2-1
CASSQEGHSNQPQHF	TRBV4-1	TRBJ1-5
CASSVLAGLGNEQFF	TRBV2	TRBJ2-1
CSARDRADRVLIPDTQYF	TRBV20-1	TRBJ2-3
CASSQDGVYTQYF	TRBV4-1	TRBJ2-3
CSATDRASGIEQYF	TRBV20-1	TRBJ2-7
CASALEQGGYNEQFF	TRBV9	TRBJ2-1
CASTQGRGGSGYTF	TRBV6-6	TRBJ1-2
CASSLERSNTEAFF	TRBV19	TRBJ1-1
CASSSGTMNTEAFF	TRBV7-3	TRBJ1-1
CASSNSGGSSNQPQHF	TRBV7-2	TRBJ1-5
CASSLLGGGGEAFF	TRBV7-2	TRBJ1-1
CASSPRTGGTEAFF	TRBV7-9	TRBJ1-1
CASSLLEHNNRGELFF	TRBV7-9	TRBJ2-2
CASSPGQFGNEQFF	TRBV4-3	TRBJ2-1
CASSREVYGYTF	TRBV19	TRBJ1-2
CASKSEKGAGGSPLHF	TRBV3-1	TRBJ1-6
CASSRSWLAGGLSTDTQYF	TRBV14	TRBJ2-3
CSVPGLAQNEQFF	TRBV20-1	TRBJ2-1
CASSGTASFDEQFF	TRBV9	TRBJ2-1
CASSQKSGDNYEQYF	TRBV4-1	TRBJ2-7
CSATSRDGDNEQFF	TRBV20-1	TRBJ2-1
CASSDGQGRLGYTF	TRBV11-2	TRBJ1-2
CASKLAGGYYEQYF	TRBV28	TRBJ2-7
CATSSRGGETQYF	TRBV15	TRBJ2-5
CASSQEFLAVEQFF	TRBV14	TRBJ2-1
CASSTRDPRQTQYF	TRBV27	TRBJ2-5
CASSSSSQEQFF	TRBV7-8	TRBJ2-1
CSATILAGVPYGEQYF	TRBV20-1	TRBJ2-7
CASSVLGGRTGELFF	TRBV9	TRBJ2-2
CASSPLARVDEQFF	TRBV3-1	TRBJ2-1
CASRSGRTNEKLFF	TRBV6-5	TRBJ1-4
CASTGSYGYTF	TRBV19	TRBJ1-2
CATSDSNGAYEQYF	TRBV24-1	TRBJ2-7
CASSLERETEAFF	TRBV13	TRBJ1-1
CASSISYGYTF	TRBV19	TRBJ1-2
CASSIAIADEKLFF	TRBV19	TRBJ1-4
CASSYERGMNTEAFF	TRBV6-3	TRBJ1-1
CASSSAPDGRNTGELFF	TRBV5-1	TRBJ2-2
CASSFGGTTEAFF	TRBV12-3	TRBJ1-1
CASSLDGNTGELFF	TRBV5-6	TRBJ2-2
CASSLFSGPSQTQYF	TRBV7-2	TRBJ2-5
CASSCRGQSYEQYF	TRBV28	TRBJ2-7
CASRVGQGVVGELFF	TRBV27	TRBJ2-2
CASSLGTSSYEQYF	TRBV4-3	TRBJ2-7
CASSVHSTSGDQETQYF	TRBV2	TRBJ2-5
CASSLGQRSTEAFF	TRBV4-3	TRBJ1-1
CASRAQGPIYEQYF	TRBV2	TRBJ2-7
CATPGEVLSPNYGYTF	TRBV7-9	TRBJ1-2
CASSFTRQSPYNEQFF	TRBV5-5	TRBJ2-1
CASSYPGQGVGGYTF	TRBV7-9	TRBJ1-2
CASSQEGAGITEAFF	TRBV4-3	TRBJ1-1
CASSVVGDFRETQYF	TRBV9	TRBJ2-5
CASSYGLNTEAFF	TRBV12-3	TRBJ1-1
CASSLRGLAFSYSYNEQFF	TRBV5-1	TRBJ2-1
CASRPGQGNNEQFF	TRBV6-5	TRBJ2-1
CASSFGWGGETEAFF	TRBV5-6	TRBJ1-1
CASSRSGLYEQYF	TRBV6-1	TRBJ2-7
CASRDFYNEQFF	TRBV6-6	TRBJ2-1
CASSQYRATQETQYF	TRBV4-3	TRBJ2-5
CASSQGQLNTQYF	TRBV4-3	TRBJ2-3
CASSLGPAAGYTF	TRBV6-2	TRBJ1-2
CSAADRASGIEQYF	TRBV20-1	TRBJ2-7
CASSLWAGGPETQYF	TRBV7-2	TRBJ2-5
CASSPKSLGEGLYGYTF	TRBV4-1	TRBJ1-2
CASSYSRGAGNTIYF	TRBV6-6	TRBJ1-3
CASSGRDTSTDTQYF	TRBV6-1	TRBJ2-3
CASSPALTDRLAYFSYNEQFF	TRBV18	TRBJ2-1
CSARVGLAGELYEQYF	TRBV20-1	TRBJ2-7
CASSARDTLRGTGELFF	TRBV13	TRBJ2-2
CSARDPLPEASGGAGTDTQYF	TRBV20-1	TRBJ2-3
CASSFDAEAFF	TRBV5-1	TRBJ1-1
CASSSDQLDRGSYEQYF	TRBV11-2	TRBJ2-7
CASSARTGELFF	TRBV27	TRBJ2-2
CASSPGQVAYEQYF	TRBV4-3	TRBJ2-7
CASSREGYSNQPQHF	TRBV12-3	TRBJ1-5
CAIGGHDYGYTF	TRBV10-3	TRBJ1-2
CATSDVNGAYEQYF	TRBV24-1	TRBJ2-7
CSARDQRDYQETQYF	TRBV20-1	TRBJ2-5
CATSKTGLEAFF	TRBV15	TRBJ1-1
CASSFGTGGEQYF	TRBV7-2	TRBJ2-7
CASSVAAGLSHEQFF	TRBV9	TRBJ2-1
CSARGGSVFYEQYF	TRBV20-1	TRBJ2-7
CASSLVLLGNSPLHF	TRBV7-2	TRBJ1-6
CASSPRGTRTDTQYF	TRBV5-1	TRBJ2-3
CASSQEGTAIYGYTF	TRBV4-1	TRBJ1-2
CASSPGQYSHEQYF	TRBV4-3	TRBJ2-7
CASSGGRDRSHEQYF	TRBV7-3	TRBJ2-7
CASSQGRSGAEQYF	TRBV4-3	TRBJ2-7
CATSAGRQRDTGELFF	TRBV24-1	TRBJ2-2
CASSLGVNAVEQYF	TRBV7-2	TRBJ2-7
CASSWGIGSQQETQYF	TRBV5-6	TRBJ2-5
CASSPTTTGTTF	TRBV7-9	TRBJ2-6
CASSVDAGFTDTQYF	TRBV9	TRBJ2-3
CASSLLGGNPTQYF	TRBV7-2	TRBJ2-3
CASSLSSGSSYEQYF	TRBV28	TRBJ2-7
CASSAQTGFLFF	TRBV27	TRBJ1-4
CSVVAGGPGDTQYF	TRBV29-1	TRBJ2-3
CASSRGTSDYEQYF	TRBV4-3	TRBJ2-7
CASSYRTGELFF	TRBV27	TRBJ2-2
CASSPDPSGNPMETQYF	TRBV4-2	TRBJ2-5
CASRVSGSLSYNEQFF	TRBV27	TRBJ2-1
CASSLMDRTEAFF	TRBV7-3	TRBJ1-1
CASSQDSSGRVTGELFF	TRBV4-2	TRBJ2-2
CASSLGYGLNQPQHF	TRBV5-6	TRBJ1-5
CASSQEGGGQGQPQHF	TRBV4-1	TRBJ1-5
CASSAHLRGGYNEQFF	TRBV9	TRBJ2-1
CASNFGTGGVGELFF	TRBV7-8	TRBJ2-2
CASSSDRDEQYF	TRBV7-9	TRBJ2-7
CASSLWGGIADTQYF	TRBV7-2	TRBJ2-3
CASRSRDSLTSTDTQYF	TRBV7-9	TRBJ2-3
CASSEPPGVRGEAFF	TRBV2	TRBJ1-1
CASSLTYGYTF	TRBV19	TRBJ1-2
CASSLVGPPGEAFF	TRBV5-5	TRBJ1-1
CASSLLAGLSYNEQFF	TRBV7-9	TRBJ2-1
CASSPGVSQPQHF	TRBV14	TRBJ1-5
CASSPDRARDGYTF	TRBV7-9	TRBJ1-2
CASSPRDRRTWNEQFF	TRBV28	TRBJ2-1
CASSDRQSLVQFF	TRBV7-9	TRBJ2-1
CSARPMAASGLTYEQYF	TRBV20-1	TRBJ2-7
CASSLKQGDNYEQYF	TRBV4-1	TRBJ2-7
CASSQEPAQSSYEQYF	TRBV4-1	TRBJ2-7
CSARRFPEAFF	TRBV20-1	TRBJ1-1
CASSLYGEQYF	TRBV7-2	TRBJ2-7
CSATLAVNEQFF	TRBV20-1	TRBJ2-1
CASRTSGEETQYF	TRBV6-2	TRBJ2-5
CASSYSRGSGNTIYF	TRBV6-6	TRBJ1-3
CSVSQSYGYTF	TRBV29-1	TRBJ1-2
CSGRDSYTEAFF	TRBV29-1	TRBJ1-1
CAWRRSSTEAFF	TRBV30	TRBJ1-1
CSATSRQGGLEQYF	TRBV20-1	TRBJ2-7
CASSLVGDARETQYF	TRBV9	TRBJ2-5
CSVEVGAGETQYF	TRBV29-1	TRBJ2-5
CASSGTGGAWIYGYTF	TRBV19	TRBJ1-2
CASGLALRGGDQETQYF	TRBV12-5	TRBJ2-5
CASSSRQNYGYTF	TRBV19	TRBJ1-2
CASSSTRQSPYNEQFF	TRBV5-5	TRBJ2-1
CASRRGGGLSYEQYF	TRBV5-1	TRBJ2-7
CASSLPSQGRTEAFF	TRBV7-2	TRBJ1-1
CASSYSIQQGANYGYTF	TRBV6-6	TRBJ1-2
CASTDSYGYTF	TRBV19	TRBJ1-2
