CASSEEGAWNTGELFF	TRBV6-1	TRBJ2-2
CASSHTSGGLKDTQYF	TRBV3-1	TRBJ2-3
CASSPRGDWEEKAGELFF	TRBV4-3	TRBJ2-2
CSVEDPDRGYEQYF	TRBV29-1	TRBJ2-7
CASRDFYNEQFF	TRBV6-6	TRBJ2-1
CSAFSSGTGGVTGELFF	TRBV20-1	TRBJ2-2
CASSQDPSPSTDTQYF	TRBV4-3	TRBJ2-3
CASSLWGLAPDNEQFF	TRBV7-8	TRBJ2-1
CASSLWGGPMETQYF	TRBV27	TRBJ2-5
CASSLVPQGEEQYF	TRBV7-2	TRBJ2-7
CSAFSSGTEGVTGELFF	TRBV20-1	TRBJ2-2
CASSYRGQSYEQYF	TRBV28	TRBJ2-7
CSGRDSYTEAFF	TRBV29-1	TRBJ1-1
CASSEYRGPSSYEQYF	TRBV5-8	TRBJ2-7
CASSCRGQSYEQYF	TRBV28	TRBJ2-7
CSARDAGGDYGYTF	TRBV20-1	TRBJ1-2
CASSDTGELFF	TRBV12-4	TRBJ2-2
CASSQVKIGQGNEKLFF	TRBV3-1	TRBJ1-4
CSASRDSYEQYF	TRBV20-1	TRBJ2-7
CASSLTYGYTF	TRBV19	TRBJ1-2
CASSSRTGGYGYTF	TRBV19	TRBJ1-2
CATSDRMDNEQFF	TRBV24-1	TRBJ2-1
CASGGEFYGYTF	TRBV7-9	TRBJ1-2
CASPHPDRPNYGYTF	TRBV7-9	TRBJ1-2
CAIGGHDYGYTF	TRBV10-3	TRBJ1-2
CALTGGDYGYTF	TRBV6-5	TRBJ1-2
CSARGWVSNNRETQYF	TRBV20-1	TRBJ2-5
CAASTSAVLGKKGSQETQYF	TRBV10-1	TRBJ2-5
CSAREKGSQETQYF	TRBV20-1	TRBJ2-5
CASSGPGGEQYF	TRBV28	TRBJ2-7
CATSDLMDNEQFF	TRBV24-1	TRBJ2-1
CASILTSGRNEQFF	TRBV5-6	TRBJ2-1
CASELSGNTIYF	TRBV7-9	TRBJ1-3
CASSYLNTIYF	TRBV7-9	TRBJ1-3
CASEGGNTIYF	TRBV7-9	TRBJ1-3
CATEASGNTIYF	TRBV7-9	TRBJ1-3
CASEITRDRRNTIYF	TRBV7-9	TRBJ1-3
CASSSWTGQDEQFF	TRBV7-6	TRBJ2-1
CASYNFGQYGYTF	TRBV5-1	TRBJ1-2
CASSPMDLLDEQYF	TRBV7-6	TRBJ2-7
CASRKGQGDWEAFF	TRBV6-5	TRBJ1-1
CASSLNSKVSSSYEQYF	TRBV28	TRBJ2-7
CASSLIAGGGEDTQYF	TRBV12-4	TRBJ2-3
CASSLGLDETQYF	TRBV13	TRBJ2-5
CASGGANYGYTF	TRBV7-9	TRBJ1-2
CASSDGTGVGLGYTF	TRBV11-2	TRBJ1-2
CASSDGQGRLGYTF	TRBV11-2	TRBJ1-2
CASSPRDSQETQYF	TRBV14	TRBJ2-5
CASEDFKNIQYF	TRBV7-8	TRBJ2-4
CASSLGGGYTF	TRBV7-9	TRBJ1-2
CATPGEVLSPNYGYTF	TRBV7-9	TRBJ1-2
CASSLGGGQNGYTF	TRBV7-9	TRBJ1-2
CASSPGQTNYGYTF	TRBV7-9	TRBJ1-2
CASSSMGGGTDTQYF	TRBV7-6	TRBJ2-3
CASSLAGGYTF	TRBV7-9	TRBJ1-2
CASSFWGQGTDTQYF	TRBV7-6	TRBJ2-3
CASSQGVTTGGFLNYGYTF	TRBV3-1	TRBJ1-2
CASTDTGYYGYTF	TRBV7-9	TRBJ1-2
CASTDTGDYGYTF	TRBV7-9	TRBJ1-2
CASRGGSGELFF	TRBV2	TRBJ2-2
CASSGFRDRVNEQYF	TRBV7-9	TRBJ2-7
CASSFTSGTDTQYF	TRBV4-2	TRBJ2-3
CASSYVGGDGYTF	TRBV6-2	TRBJ1-2
CASSLAAGGDEQYF	TRBV5-1	TRBJ2-7
CASSIAIADEKLFF	TRBV19	TRBJ1-4
CASHGSGTGELFF	TRBV4-1	TRBJ2-2
CASSLSGGGDTQYF	TRBV27	TRBJ2-3
CASSEGSQEVFF	TRBV7-9	TRBJ2-1
CASSEGLQEVFF	TRBV6-2	TRBJ2-1
CASSLERETEAFF	TRBV13	TRBJ1-1
CASSLDWGTFGEQYF	TRBV5-6	TRBJ2-7
CASSEDESYEQYF	TRBV6-6	TRBJ2-7
CASSEWNTEAFF	TRBV10-2	TRBJ1-1
CASSLDRAGDTQYF	TRBV5-6	TRBJ2-3
CATSDDGASDGNEQFF	TRBV24-1	TRBJ2-1
CASSQGWGADTQYF	TRBV7-6	TRBJ2-3
CASSPGWGEDTQYF	TRBV5-6	TRBJ2-3
CASSQDPAGVGTDTQYF	TRBV14	TRBJ2-3
CASSLGVDSLTDTQYF	TRBV5-6	TRBJ2-3
CASSDPGGSGEQYF	TRBV12-4	TRBJ2-7
CASSVGVQGDTQYF	TRBV5-6	TRBJ2-3
CASSPGVGGETQYF	TRBV5-6	TRBJ2-5
CASSAGNGSYEQYF	TRBV5-6	TRBJ2-7
CSAREFSDRDYEQYF	TRBV20-1	TRBJ2-7
CASSQDPAGWGTDTQYF	TRBV14	TRBJ2-3
CASSNGVGIAEAFF	TRBV5-6	TRBJ1-1
CSAEPRELRGAEAFF	TRBV20-1	TRBJ1-1
CASSVLRAAFF	TRBV25-1	TRBJ1-1
CSARDTMTTGGVFYEAFF	TRBV20-1	TRBJ1-1
CASRTGGAYNEQFF	TRBV2	TRBJ2-1
CASSESPGTSGSPLENQFF	TRBV2	TRBJ2-1
CASSPQSVGDTQYF	TRBV18	TRBJ2-3
CASRSTPTDIQYF	TRBV12-3	TRBJ2-4
CSVAVNYGYTF	TRBV29-1	TRBJ1-2
CASSPLARVDEQFF	TRBV3-1	TRBJ2-1
CSASPRGRYNEQFF	TRBV20-1	TRBJ2-1
CASSQVGRRDTQYF	TRBV4-3	TRBJ2-3
CATSSPGTSGRHNEQFF	TRBV15	TRBJ2-1
CASSPRGGYNEQFF	TRBV5-1	TRBJ2-1
CASSPEGRKNEAFF	TRBV18	TRBJ1-1
CSASSRGRVDEQFF	TRBV20-1	TRBJ2-1
CSVSPRGRYNEQFF	TRBV20-1	TRBJ2-1
CASSGTSGRARHNEQFF	TRBV6-2	TRBJ2-1
CSASPRGRHNEQFF	TRBV20-1	TRBJ2-1
CASSSRVAGGRYNEQFF	TRBV25-1	TRBJ2-1
CASSSRGRIVEQYF	TRBV11-2	TRBJ2-7
CASSTGLAGEGRHNEQFF	TRBV6-2	TRBJ2-1
CASTGSTSGPSRYNEQFF	TRBV27	TRBJ2-1
CASSSPLTSGRLNEQFF	TRBV11-2	TRBJ2-1
CATSDEVAGGRHHEQFF	TRBV24-1	TRBJ2-1
CATRDRQGRYNEQFF	TRBV24-1	TRBJ2-1
CASSPLGRVDEQFF	TRBV9	TRBJ2-1
CASSPRGRTGELFF	TRBV9	TRBJ2-2
CASSTPGLAGRHNEQFF	TRBV11-3	TRBJ2-1
CASSQEGRRDEQFF	TRBV4-3	TRBJ2-1
CASSQSGRQNEQFF	TRBV4-3	TRBJ2-1
CASSERGRYNEQFF	TRBV2	TRBJ2-1
CASSPRGRDETQYF	TRBV18	TRBJ2-5
CASSPRGREETQYF	TRBV18	TRBJ2-5
CASSNRGREEKLYF	TRBV18	TRBJ2-5
CASSPRGRKETQYF	TRBV18	TRBJ2-5
CASSYGDKYEQYF	TRBV6-5	TRBJ2-7
CASSPQGRDETQYF	TRBV18	TRBJ2-5
CASSHLTGGTTEAFF	TRBV4-3	TRBJ1-1
CASSANPNEQFF	TRBV5-5	TRBJ2-1
CATSNDRDLDEQFF	TRBV15	TRBJ2-1
CASSWGRANVEQYF	TRBV5-6	TRBJ2-7
CASSPGLDGEQYF	TRBV13	TRBJ2-7
CASSFFLSRERDEQFF	TRBV28	TRBJ2-1
CASSLSGEAGGRYNEQFF	TRBV7-2	TRBJ2-1
CASSLDRNTGELFF	TRBV5-6	TRBJ2-2
CASRDSSYEQYF	TRBV28	TRBJ2-7
CASSPGWGLDEQFF	TRBV7-6	TRBJ2-1
CATSDDGTPNNEQFF	TRBV24-1	TRBJ2-1
CASSVGWGSETQYF	TRBV9	TRBJ2-5
CASSLDGNTGELFF	TRBV5-6	TRBJ2-2
CASSDTLNTEAFF	TRBV10-1	TRBJ1-1
CASTNREVLHEQFF	TRBV2	TRBJ2-1
CASSLGYGLNQPQHF	TRBV5-6	TRBJ1-5
CASSLERGESDTQYF	TRBV13	TRBJ2-3
CASSPLGGLGNEQFF	TRBV28	TRBJ2-1
CASSPGWGLDQPQHF	TRBV5-6	TRBJ1-5
CASSLGWGLDQPQHF	TRBV5-6	TRBJ1-5
CASSHTTGGRTEAFF	TRBV4-1	TRBJ1-1
CASSTKAGGLADTQYF	TRBV9	TRBJ2-3
CASSIVQGSNQPQHF	TRBV19	TRBJ1-5
CATSTGDSNQPQHF	TRBV15	TRBJ1-5
CASSQRRTGPSSTDTQYF	TRBV4-1	TRBJ2-3
CASSFPPQLGAYEQYF	TRBV7-2	TRBJ2-7
CASSLDRTSSPLHF	TRBV27	TRBJ1-6
CASSLEGGSNQPQHF	TRBV28	TRBJ1-5
CASSSPSGLAGQETQYF	TRBV27	TRBJ2-5
CASGLGTVASTDTQYF	TRBV12-5	TRBJ2-3
CASSDQGQVKNIQYF	TRBV2	TRBJ2-4
CASSQEWLAVSTDTQYF	TRBV4-3	TRBJ2-3
CASSFEGEQYF	TRBV27	TRBJ2-7
CASSQEQWSGETSNYGYTF	TRBV4-2	TRBJ1-2
CASSQDRGGLGEKLFF	TRBV4-3	TRBJ1-4
CASSLSGATYNEQFF	TRBV27	TRBJ2-1
CASRDLSSYEQYF	TRBV19	TRBJ2-7
CASRLPGQGNTEAFF	TRBV6-6	TRBJ1-1
CASSLAGAGTEAFF	TRBV7-3	TRBJ1-1
CSARHLSGIEQFF	TRBV20-1	TRBJ2-1
CASEPGQGPGGWSYEQYF	TRBV28	TRBJ2-7
CASSQGGGGTDTQYF	TRBV4-3	TRBJ2-3
CASSLETANTEAFF	TRBV5-6	TRBJ1-1
CASSRGEVPGTDTQYF	TRBV7-3	TRBJ2-3
CASSLGRGSKKLFF	TRBV5-6	TRBJ1-4
CSARGLAGYNEQFF	TRBV20-1	TRBJ2-1
CASGMTGLTSEQYF	TRBV6-3	TRBJ2-7
CASKSERGTYEQYF	TRBV6-1	TRBJ2-7
CASRTSGSSYNEQFF	TRBV5-4	TRBJ2-1
CASSLMRGGTYNSPLHF	TRBV13	TRBJ1-6
CSARDFDLTGELFF	TRBV20-1	TRBJ2-2
CASSSYTGELFF	TRBV19	TRBJ2-2
CASSQEDSWGDTQYF	TRBV14	TRBJ2-3
CASSEASGGAETQYF	TRBV6-1	TRBJ2-5
CASSPTGYMNTEAFF	TRBV18	TRBJ1-1
CASRPSGGAETQYF	TRBV12-4	TRBJ2-5
CASSTDRAAQPQHF	TRBV28	TRBJ1-5
CASSSTGGGEKDQPQHF	TRBV5-4	TRBJ1-5
CASKSEKGAGGSPLHF	TRBV3-1	TRBJ1-6
CASSPSSGAVDEQFF	TRBV5-1	TRBJ2-1
CASSSDQLDRGSYEQYF	TRBV11-2	TRBJ2-7
CAISDSPNTGELFF	TRBV10-3	TRBJ2-2
CASSLSMGGAGELFF	TRBV27	TRBJ2-2
CASSLGGGPQETQYF	TRBV7-2	TRBJ2-5
CASSVGTGELFF	TRBV25-1	TRBJ2-2
CATQQGLGTGELFF	TRBV6-4	TRBJ2-2
CATQTPDSRRETQYF	TRBV6-6	TRBJ2-5
CASSLEWGGETQYF	TRBV5-1	TRBJ2-5
CASRASATQYF	TRBV12-4	TRBJ2-3
CASSPGTSETGELFF	TRBV12-3	TRBJ2-2
CASSHLGGDRYMNEQFF	TRBV3-1	TRBJ2-1
CASSPGQGHTDTQYF	TRBV19	TRBJ2-3
CASSLGVAGTNTGELFF	TRBV11-2	TRBJ2-2
CASSEVVSTTYEQYF	TRBV6-1	TRBJ2-7
CASSYSSYGGHNEQFF	TRBV6-5	TRBJ2-1
CSVSQSYGYTF	TRBV29-1	TRBJ1-2
CASSVHSTSGDQETQYF	TRBV2	TRBJ2-5
CSARDLEVLSYEQYF	TRBV20-1	TRBJ2-7
CAWGSVRMISYNEQFF	TRBV30	TRBJ2-1
CSVDLEANYGYTF	TRBV29-1	TRBJ1-2
CASSWGPGELFF	TRBV27	TRBJ2-2
CATSDFRQGDVLFWQFF	TRBV24-1	TRBJ2-1
CASGAGGLNEQFF	TRBV19	TRBJ2-1
CASSILGTEAFF	TRBV19	TRBJ1-1
CASTHLRSGGVYEQYF	TRBV6-3	TRBJ2-7
CASSQDLVSQPQHF	TRBV4-1	TRBJ1-5
CASSARTGVGYGYTF	TRBV19	TRBJ1-2
CASSQTGLAYNSPLHF	TRBV4-3	TRBJ1-6
CASTGTSGGPTLRDEQFF	TRBV7-9	TRBJ2-1
CASSLGQDGYTF	TRBV7-8	TRBJ1-2
CASSHGKTQYF	TRBV3-1	TRBJ2-5
CASSLDGLGAFF	TRBV5-5	TRBJ1-1
CAGTAGAGTDTQYF	TRBV30	TRBJ2-3
CASSTVGSSGNTIYF	TRBV6-5	TRBJ1-3
CASSPTGNWNTDTQYF	TRBV12-3	TRBJ2-3
CASSDSLGDRGSYEQYF	TRBV7-9	TRBJ2-7
CASSLTSVYNEQFF	TRBV19	TRBJ2-1
CASRVSGSLSYNEQFF	TRBV27	TRBJ2-1
CASSSRGADGELFF	TRBV7-9	TRBJ2-2
CATSPGGGRDLYEQYF	TRBV15	TRBJ2-7
CASRGSGTSSVYEQYF	TRBV6-5	TRBJ2-7
CASSLIDAQGVGETQYF	TRBV7-7	TRBJ2-5
CASSPLGQDTQYF	TRBV7-3	TRBJ2-3
CASGPGTGQETQYF	TRBV6-5	TRBJ2-5
CASRTGLASTDTQYF	TRBV6-6	TRBJ2-3
CASSPLPRLAGEETQYF	TRBV7-8	TRBJ2-5
CASSAPDPNEQFF	TRBV7-9	TRBJ2-1
CASNTGGGYTF	TRBV19	TRBJ1-2
CASRAGGNTGELFF	TRBV12-5	TRBJ2-2
CASSLSAGTLETQYF	TRBV5-6	TRBJ2-5
CASSGQGYGYTF	TRBV19	TRBJ1-2
CASTGGGYGYTF	TRBV19	TRBJ1-2
CASSGQGGYTF	TRBV19	TRBJ1-2
CASSGQDYGYTF	TRBV19	TRBJ1-2
CASTGSGYGYTF	TRBV19	TRBJ1-2
CASSGQEYGYTF	TRBV19	TRBJ1-2
CASTDSYGYTF	TRBV19	TRBJ1-2
CATTDTYGYTF	TRBV19	TRBJ1-2
CATTGTYGYTF	TRBV19	TRBJ1-2
CASSSRQNYGYTF	TRBV19	TRBJ1-2
CASSGQLYGYTF	TRBV19	TRBJ1-2
CASSATYGYTF	TRBV19	TRBJ1-2
CASTGTAYGYTF	TRBV19	TRBJ1-2
CASTGTDYGYTF	TRBV19	TRBJ1-2
CASSGQNYGYTF	TRBV19	TRBJ1-2
CASSGQSYGYTF	TRBV19	TRBJ1-2
CASSGRNYGYTF	TRBV19	TRBJ1-2
CAGTGTAYGYTF	TRBV19	TRBJ1-2
CAWTGTNYGYTF	TRBV30	TRBJ1-2
CASSREVYGYTF	TRBV19	TRBJ1-2
CASSTSYGYTF	TRBV19	TRBJ1-2
CASNSREVYGYTF	TRBV19	TRBJ1-2
CAAGGQFYGYTF	TRBV7-9	TRBJ1-2
CASSLTAPDTDAFF	TRBV5-4	TRBJ1-1
CASSGGSYGYTF	TRBV19	TRBJ1-2
CATTGSYGYTF	TRBV19	TRBJ1-2
CASTGGQYGYTF	TRBV19	TRBJ1-2
CASTGGSYGYTF	TRBV19	TRBJ1-2
CASSGTSYGYTF	TRBV19	TRBJ1-2
CSARLRDRGYEQYF	TRBV20-1	TRBJ2-7
CSARPQGQTVALHF	TRBV20-1	TRBJ1-6
CSARPGQGTVALHF	TRBV20-1	TRBJ1-6
CSARAGTKTYEQYF	TRBV20-1	TRBJ2-7
CASSPDRARDGYTF	TRBV7-9	TRBJ1-2
CASSSDRARDGYTF	TRBV7-9	TRBJ1-2
CASSFLLDGYTF	TRBV5-4	TRBJ1-2
CASSSWEGLDTQYF	TRBV7-6	TRBJ2-3
CASSLVSNYGYTF	TRBV5-8	TRBJ1-2
CSVEDPDRPSYGYTF	TRBV29-1	TRBJ1-2
CASSGLGGYTF	TRBV7-9	TRBJ1-2
CSVKGQGDTELFF	TRBV29-1	TRBJ2-2
CASEDSSDGANYGYTF	TRBV7-9	TRBJ1-2
CASEAGNTIYF	TRBV7-9	TRBJ1-3
CASSWSGGQRGYTF	TRBV7-9	TRBJ1-2
CASSPRDSKETQYF	TRBV14	TRBJ2-5
CASSLAGGQETQYF	TRBV5-6	TRBJ2-5
CASSYSDGNEAFF	TRBV6-6	TRBJ1-1
CASSLAGTQETQYF	TRBV5-6	TRBJ2-5
CASSSAGTQETQYF	TRBV5-6	TRBJ2-5
CASSLAGTHETQYF	TRBV5-6	TRBJ2-5
CASSQRQDSSYNEQFF	TRBV7-9	TRBJ2-1
CASTASYGYTF	TRBV28	TRBJ1-2
CASSPYAGSEQFF	TRBV27	TRBJ2-1
CASSLGASISYEQYF	TRBV7-8	TRBJ2-7
CATSGEGQGGPYGYTF	TRBV15	TRBJ1-2
CAGSLSNGYTF	TRBV7-9	TRBJ1-2
CASSGTASFDEQFF	TRBV9	TRBJ2-1
CASSGTTSFDEQFF	TRBV9	TRBJ2-1
CASSVGEGFDIQYF	TRBV9	TRBJ2-4
CASSSLIRGLGNQPQHF	TRBV28	TRBJ1-5
CASSESRMGSQANYGYTF	TRBV25-1	TRBJ1-2
CASSLAETSADGYTF	TRBV5-1	TRBJ1-2
CASSSFLSSGETQYF	TRBV28	TRBJ2-5
CANSSFLSSGETQYF	TRBV28	TRBJ2-5
CASSQGAGQGLAKNIQYF	TRBV5-1	TRBJ2-4
CSARAEGKAKNIQYF	TRBV20-1	TRBJ2-4
CASSLGGTEAFF	TRBV5-1	TRBJ1-1
CASSPLGYSNQPQHF	TRBV2	TRBJ1-5
CASSYGGASEQFF	TRBV6-3	TRBJ2-1
CASSPLAGAGGELFF	TRBV5-1	TRBJ2-2
CASSLTGQGAWGTEAFF	TRBV6-5	TRBJ1-1
CSVATHSGMNTEAFF	TRBV29-1	TRBJ1-1
CSVHGLAGGSRDEQFF	TRBV29-1	TRBJ2-1
CAISDWTSGGPSAYEQYF	TRBV10-3	TRBJ2-7
CAGGDGHALPRYGYTF	TRBV6-1	TRBJ1-2
CASSQEGQGNQPQHF	TRBV4-2	TRBJ1-5
CASSSLLTSAPEFF	TRBV12-3	TRBJ2-1
CASSALNGWSGANVLTF	TRBV9	TRBJ2-6
CASSETGQLQETQYF	TRBV7-3	TRBJ2-5
CSAGDYSGKSSYEQYF	TRBV20-1	TRBJ2-7
CASSLGQGTGANVLTF	TRBV5-1	TRBJ2-6
CASSPGKATEAFF	TRBV27	TRBJ1-1
CATSSGTGALLDQYF	TRBV15	TRBJ2-5
CASSQKDGGSYEQYF	TRBV4-3	TRBJ2-7
CASSLKESSSYEQYF	TRBV4-1	TRBJ2-7
CASSTKGGADTQYF	TRBV18	TRBJ2-3
CASSLTSGRAQDTQYF	TRBV5-1	TRBJ2-3
CASSQKDGSSYEQYF	TRBV4-3	TRBJ2-7
CASSVVTDSNEQFF	TRBV9	TRBJ2-1
CASSHKGGDSYEQYF	TRBV4-1	TRBJ2-7
CSGVDSPWSGELFF	TRBV29-1	TRBJ2-2
CASSPKEGIYEQYF	TRBV4-1	TRBJ2-7
CSATHVTRKQWGYTF	TRBV20-1	TRBJ1-2
CASSLVFSGGPGELFF	TRBV7-8	TRBJ2-2
CASSQGSGRAQDTQYF	TRBV4-3	TRBJ2-3
CASSQKDGVSYGYTF	TRBV4-3	TRBJ1-2
CASSVDTSGSNTGELFF	TRBV9	TRBJ2-2
CASSQKIGIYEQYF	TRBV4-1	TRBJ2-7
CASSLKDSGSYEQYF	TRBV4-3	TRBJ2-7
CASSRKDGPSYEQYF	TRBV4-3	TRBJ2-7
CASSQKSGPAYEQYF	TRBV4-1	TRBJ2-7
CASSQKGGSSYEQYF	TRBV4-1	TRBJ2-7
CASGGGISEAFF	TRBV7-9	TRBJ1-1
CASSQEVSGYNEQFF	TRBV4-1	TRBJ2-1
CASGGGVTEAFF	TRBV7-9	TRBJ1-1
CASRNPYTVNTEAFF	TRBV28	TRBJ1-1
CASSQDPTANQPQHF	TRBV4-1	TRBJ1-5
CASSLARSTEAFF	TRBV7-3	TRBJ1-1
CASSQDPTSNQPQHF	TRBV4-1	TRBJ1-5
CASRNRSSGANVLTF	TRBV19	TRBJ2-6
CASSKPGQASYEQYF	TRBV11-2	TRBJ2-7
CASSPTTTGTTF	TRBV7-9	TRBJ2-6
CASSPTTTEAFF	TRBV7-9	TRBJ1-1
CAISESNSNQPQHF	TRBV10-3	TRBJ1-5
CASSVEGLAKNEQFF	TRBV9	TRBJ2-1
CASGGAVTEAFF	TRBV7-9	TRBJ1-1
CASSVEGLAKNEQYF	TRBV9	TRBJ2-7
CASSQSPVANYEQYF	TRBV4-1	TRBJ2-7
CASSGRDSHNEKLFF	TRBV9	TRBJ1-4
CASSLYRSYEQYF	TRBV7-3	TRBJ2-7
CASSTGNSLSSYNSPLHF	TRBV10-2	TRBJ1-6
CASGGTVTEAFF	TRBV7-9	TRBJ1-1
CASSQEGTAIYGYTF	TRBV4-1	TRBJ1-2
CASSVEGLAAHEQFF	TRBV9	TRBJ2-1
CASSLSYEQYF	TRBV11-2	TRBJ2-7
CASGGTDYGYTF	TRBV7-9	TRBJ1-2
CALGGADYGYTF	TRBV7-9	TRBJ1-2
CASTGAAYGYTF	TRBV19	TRBJ1-2
CAWTGGSYGYTF	TRBV30	TRBJ1-2
CASSFWGQSTDTQYF	TRBV7-6	TRBJ2-3
CASSGTDYGYTF	TRBV7-9	TRBJ1-2
CASTGLSYGYTF	TRBV19	TRBJ1-2
CASSDSAGTGSNYGYTF	TRBV25-1	TRBJ1-2
CASSSRTAYGYTF	TRBV19	TRBJ1-2
CASTGSSYGYTF	TRBV19	TRBJ1-2
CATSGQNYGYTF	TRBV24-1	TRBJ1-2
CATSGANYGYTF	TRBV24-1	TRBJ1-2
CASSGQAYGYTF	TRBV25-1	TRBJ1-2
CASSGFGQAPDTQYF	TRBV7-6	TRBJ2-3
CASSQSYGYTF	TRBV19	TRBJ1-2
CSAPGSYEQYF	TRBV20-1	TRBJ2-7
CASSLSYGYTF	TRBV6-1	TRBJ1-2
CASTGSYGYTF	TRBV19	TRBJ1-2
CATSGLNYGYTF	TRBV24-1	TRBJ1-2
CASSGLGYGYTF	TRBV19	TRBJ1-2
CASSMSYGYTF	TRBV19	TRBJ1-2
CATSGQDYGYTF	TRBV24-1	TRBJ1-2
CASSQWGQGTDTQYF	TRBV11-3	TRBJ2-3
CASSELGGSTDTQYF	TRBV7-6	TRBJ2-3
CASSGSGTGYGYTF	TRBV25-1	TRBJ1-2
CASSGGNYGYTF	TRBV6-1	TRBJ1-2
CATTGGGYGYTF	TRBV19	TRBJ1-2
CASSGTGYGYTF	TRBV7-9	TRBJ1-2
CASSISYGYTF	TRBV19	TRBJ1-2
CASYGQNYGYTF	TRBV19	TRBJ1-2
CASSGTTYGYTF	TRBV19	TRBJ1-2
CASTGRTYGYTF	TRBV19	TRBJ1-2
CASTVGNTIYF	TRBV7-9	TRBJ1-3
CASSLKDGFSYEQYF	TRBV4-3	TRBJ2-7
CASSQDRGGGYTF	TRBV3-1	TRBJ1-2
CASSSRLSYGYTF	TRBV7-2	TRBJ1-2
CATTGGGHGYTF	TRBV19	TRBJ1-2
CASSYLGGSDTQYF	TRBV7-6	TRBJ2-3
CASTGQLYGYTF	TRBV19	TRBJ1-2
CASSHLGDGTDTQYF	TRBV7-6	TRBJ2-3
CASSGASYGYTF	TRBV19	TRBJ1-2
CAISEAGANVLTF	TRBV10-3	TRBJ2-6
CASSQKDGGAYEQYF	TRBV4-1	TRBJ2-7
CASRSRDSLTSTDTQYF	TRBV7-9	TRBJ2-3
CASRPIRDVTSTDTQYF	TRBV7-9	TRBJ2-3
CASSLSGADTQYF	TRBV27	TRBJ2-3
CASSFGGTEAFF	TRBV7-9	TRBJ1-1
CASSVDTSGTNTGELFF	TRBV9	TRBJ2-2
CATSDLPGTGSDTQYF	TRBV24-1	TRBJ2-3
CASSQKDGASYEQYF	TRBV4-1	TRBJ2-7
CASRRGGGLSYEQYF	TRBV5-1	TRBJ2-7
CSARGVLSEQYF	TRBV20-1	TRBJ2-7
CASSSGQGTYF	TRBV7-6	TRBJ2-7
CASSPLGEGTDTQYF	TRBV7-6	TRBJ2-3
CASSLLGQGTDTQYF	TRBV7-6	TRBJ2-3
CASSLVQAEEQFF	TRBV7-9	TRBJ2-1
CSATLAVNEQFF	TRBV20-1	TRBJ2-1
CASSGMDYGYTF	TRBV19	TRBJ1-2
CASTGLLYGYTF	TRBV19	TRBJ1-2
CAGSPGFTEAFF	TRBV30	TRBJ1-1
CATTGLLYGYTF	TRBV19	TRBJ1-2
CASSHTYGYTF	TRBV19	TRBJ1-2
CASSLTTGTFYNEQFF	TRBV5-1	TRBJ2-1
CASSLGLAGTDTQYF	TRBV11-3	TRBJ2-3
CASSLKDGNYGYTF	TRBV4-1	TRBJ1-2
CASSLKAGGSYEQYF	TRBV4-1	TRBJ2-7
CASSLKDGSSYEQYF	TRBV4-3	TRBJ2-7
CASSQKDGSGYEQYF	TRBV4-3	TRBJ2-7
CASSMKDGSSYEQYF	TRBV19	TRBJ2-7
CASSQKLAGAYEQYF	TRBV4-1	TRBJ2-7
CASSLKQGDNYEQYF	TRBV4-1	TRBJ2-7
CASSHKAGASYEQYF	TRBV4-1	TRBJ2-7
CASSPKQGDNYEQYF	TRBV4-1	TRBJ2-7
CASSPRTGGSFMNTEAFF	TRBV7-9	TRBJ1-1
CASSPKDGDSYEQYF	TRBV4-3	TRBJ2-7
CASSQKSGDYEQYF	TRBV4-1	TRBJ2-7
CASSQKEGDSYEQYF	TRBV4-1	TRBJ2-7
CASSQKGGDAYEQYF	TRBV4-1	TRBJ2-7
CASSYSIQQGANYGYTF	TRBV6-6	TRBJ1-2
CASSPKGGEGYEQYF	TRBV4-1	TRBJ2-7
CASSQKTGFSYEQYF	TRBV4-1	TRBJ2-7
CASRPRGALSSTDTQYF	TRBV7-9	TRBJ2-3
CASSQKSGDNYEQYF	TRBV4-1	TRBJ2-7
CASSLGENIQYF	TRBV7-9	TRBJ2-4
CASPFQKGGGNQPQHF	TRBV27	TRBJ1-5
CASSAKDGSSYEQYF	TRBV6-1	TRBJ2-7
CASSVDTSGANTGELFF	TRBV9	TRBJ2-2
CASRPSGSRTSTDTQYF	TRBV7-9	TRBJ2-3
CASSQKDSSSYEQYF	TRBV4-1	TRBJ2-7
CASSVVTDSYEQYF	TRBV9	TRBJ2-7
CASSVVTSADTQYF	TRBV9	TRBJ2-3
CASSLKGGEAYEQYF	TRBV4-1	TRBJ2-7
CASSQKSGSSYEQYF	TRBV4-1	TRBJ2-7
CASSLLIQGEAEAFF	TRBV5-1	TRBJ1-1
CASSQKTGEAYGYTF	TRBV4-1	TRBJ1-2
CAWSVDQRNSPLHF	TRBV30	TRBJ1-6
CAMGGGDYGYTF	TRBV7-9	TRBJ1-2
CASSTGLAGGKEQYF	TRBV4-3	TRBJ2-7
CASSRRTGELFF	TRBV27	TRBJ2-2
CASSQGATSQTQYF	TRBV4-3	TRBJ2-3
CASSQGTSDYEQYF	TRBV4-3	TRBJ2-7
CASGFGGTEAFF	TRBV12-5	TRBJ1-1
CASAITGGSSAEQYF	TRBV5-1	TRBJ2-7
CSAREGQGSIEQYF	TRBV20-1	TRBJ2-7
CASSPDVGGAFFYGYTF	TRBV5-1	TRBJ1-2
CASSLFQTEAFF	TRBV28	TRBJ1-1
CASSSRTGELFF	TRBV27	TRBJ2-2
CATAERTGELFF	TRBV27	TRBJ2-2
CASSVVSDNEQFF	TRBV9	TRBJ2-1
CASSVGRDGNNEQFF	TRBV9	TRBJ2-1
CASSQVRTWELFF	TRBV3-1	TRBJ2-2
CASSLYFPNTEAFF	TRBV5-5	TRBJ1-1
CASRPGQGALEQYF	TRBV6-5	TRBJ2-7
CASSQGLWGDIQYF	TRBV4-3	TRBJ2-4
CASSPPGGENSPLHF	TRBV7-9	TRBJ1-6
CASSQGQLGNTIYF	TRBV4-3	TRBJ1-3
CASATGIFNNEQFF	TRBV4-3	TRBJ2-1
CASSPGQGILNTEAFF	TRBV9	TRBJ1-1
CASSLKAGWNNEQFF	TRBV5-6	TRBJ2-1
CASSQGVSSYEQYF	TRBV4-3	TRBJ2-7
CASRTGTGETGELFF	TRBV4-3	TRBJ2-2
CASSSGLAGGREQYF	TRBV4-3	TRBJ2-7
CASSQGQFSIEQYF	TRBV4-3	TRBJ2-7
CASSWTSGSYNEQFF	TRBV5-1	TRBJ2-1
CASSEGQVSGNTIYF	TRBV9	TRBJ1-3
CATSPGRTSYEQYF	TRBV15	TRBJ2-7
CASRVSYEQYF	TRBV25-1	TRBJ2-7
CASSPPGAGGLEQYF	TRBV7-8	TRBJ2-7
CASSLLGGHNEQFF	TRBV7-3	TRBJ2-1
CASRAGQDSYEQYF	TRBV13	TRBJ2-7
CASSYAGTGNEQYF	TRBV7-6	TRBJ2-7
CASSLGATYEQYF	TRBV5-1	TRBJ2-7
CASSGQGADTIYF	TRBV7-9	TRBJ1-3
CATAPGGPYEQYF	TRBV27	TRBJ2-7
CATSKTGLEAFF	TRBV15	TRBJ1-1
CASSQGVHRDANQPQHF	TRBV3-1	TRBJ1-5
CSARDRVLVTEAFF	TRBV20-1	TRBJ1-1
CAAGGHNDLDTQYF	TRBV24-1	TRBJ2-3
CASSALESYEQYF	TRBV7-9	TRBJ2-7
CASSQGVPGGDTQYF	TRBV3-1	TRBJ2-3
CASRPGRGATNEKLFF	TRBV5-5	TRBJ1-4
CSASGREQGANVIHEQYF	TRBV20-1	TRBJ2-7
CASSLSPNTEAFF	TRBV7-7	TRBJ1-1
CASSQDLSGGTGELFF	TRBV4-3	TRBJ2-2
CASSNSGGSSNQPQHF	TRBV7-2	TRBJ1-5
CASSPGPNQPQHF	TRBV7-8	TRBJ1-5
CASSLAGGVDIQYF	TRBV5-1	TRBJ2-4
CAINSDRGEQYF	TRBV10-3	TRBJ2-7
CSARAPGTKQFF	TRBV20-1	TRBJ2-1
CSAREPDRGFYEQYF	TRBV20-1	TRBJ2-7
CASGKMNTEAFF	TRBV7-9	TRBJ1-1
CSVFSGTSSYEQYF	TRBV29-1	TRBJ2-7
CASSHLIAASTDTQYF	TRBV27	TRBJ2-3
CASSVAGAGGDEQFF	TRBV7-8	TRBJ2-1
CASSVAWGDEQYF	TRBV25-1	TRBJ2-7
CASSPGQFAYEQYF	TRBV6-5	TRBJ2-7
CASGTGDNEQFF	TRBV25-1	TRBJ2-1
CASSLGLAGTHNEQFF	TRBV28	TRBJ2-1
CASSRSTGELFF	TRBV27	TRBJ2-2
CASSAQTGFLFF	TRBV27	TRBJ1-4
CASNDPTSEQYF	TRBV5-1	TRBJ2-7
CSAAFRGLTGHYEQYF	TRBV20-1	TRBJ2-7
CASSPGTLSTEAFF	TRBV4-3	TRBJ1-1
CASSPGQLGNTIYF	TRBV4-3	TRBJ1-3
CASSQGLFGAEAFF	TRBV4-3	TRBJ1-1
CASSQRTGELFF	TRBV27	TRBJ2-2
CASSLDRDEQFF	TRBV7-9	TRBJ2-1
CASSYDRDEQFF	TRBV7-9	TRBJ2-1
CASSPGLNPHEQYF	TRBV4-3	TRBJ2-7
CASSQGRLAGGAPGEQYF	TRBV4-3	TRBJ2-7
CASSPGRLSHEQFF	TRBV4-3	TRBJ2-1
CSARVEGGLAYEQYF	TRBV20-1	TRBJ2-7
CASSSDRDEQYF	TRBV7-9	TRBJ2-7
CASSEYTNTGELFF	TRBV6-4	TRBJ2-2
CASSRDSYEQYF	TRBV7-9	TRBJ2-7
CASSGTGGAWIYGYTF	TRBV19	TRBJ1-2
CASSQGRDGYGYTF	TRBV4-3	TRBJ1-2
CSARDLDRDREGIEEDGYTF	TRBV20-1	TRBJ1-2
CASRPGQGASEAFF	TRBV6-5	TRBJ1-1
CASSQGQASAEAFF	TRBV4-3	TRBJ1-1
CASSMTSGVMHEQFF	TRBV5-1	TRBJ2-1
CASSSGLAGGSEQYF	TRBV4-3	TRBJ2-7
CASSQGQASTEAFF	TRBV4-3	TRBJ1-1
CASTLSGTQYF	TRBV7-8	TRBJ2-5
CASSLMGYEQYF	TRBV7-2	TRBJ2-7
CASSLRGDYNEQFF	TRBV28	TRBJ2-1
CASSSESQEQYF	TRBV7-8	TRBJ2-7
CASSLVLGIEQYF	TRBV7-2	TRBJ2-7
CASTPGVFDTEAFF	TRBV7-8	TRBJ1-1
CASSSRQNTEAFF	TRBV28	TRBJ1-1
CASSPMGGVTEAFF	TRBV9	TRBJ1-1
CASSQGYSGAQQYF	TRBV4-3	TRBJ2-3
CASSAGISAYEQYF	TRBV4-3	TRBJ2-7
CASSPGQVAYEQYF	TRBV4-3	TRBJ2-7
CSARARSDSYGYTF	TRBV20-1	TRBJ1-2
CSAREGVAGALYEQYF	TRBV20-1	TRBJ2-7
CASSLDSYEQYF	TRBV7-9	TRBJ2-7
CASSPGQLANEQFF	TRBV4-3	TRBJ2-1
CASKNRPTGNTIYF	TRBV10-1	TRBJ1-3
CASSQGVLAYEQYF	TRBV4-3	TRBJ2-7
CASSQGQFGNEQFF	TRBV4-3	TRBJ2-1
CASSLYGGQHQPQHF	TRBV5-5	TRBJ1-5
CASSLDRGEQFF	TRBV7-9	TRBJ2-1
CASSQDPGAAYEQYF	TRBV4-3	TRBJ2-7
CSARDQAGEGEQFF	TRBV20-1	TRBJ2-1
CASSPGQDGYGYTF	TRBV4-3	TRBJ1-2
CASSLAPGTTNEKLFF	TRBV7-6	TRBJ1-4
CASSVEGSTGTEQYF	TRBV9	TRBJ2-7
CASSPGLSGNTIYF	TRBV4-3	TRBJ1-3
CASSEGDHEQYF	TRBV25-1	TRBJ2-7
CASGPFDGGLHYNEQFF	TRBV12-5	TRBJ2-1
CASSPGRRAIEQYF	TRBV4-3	TRBJ2-7
CATSDSNGAYEQYF	TRBV24-1	TRBJ2-7
CASSPGQFGAEAFF	TRBV4-3	TRBJ1-1
CASSLAGSGSLYNEQFF	TRBV11-1	TRBJ2-1
CASSPGSFSYEQYF	TRBV7-6	TRBJ2-7
CASSDGTSSYEQYF	TRBV4-3	TRBJ2-7
CSARTNTEAFF	TRBV20-1	TRBJ1-1
CASSPGLLANEQFF	TRBV4-3	TRBJ2-1
CASSVDRAEQYF	TRBV7-9	TRBJ2-7
CASSLEAGTYNEQFF	TRBV7-2	TRBJ2-1
CASSQGQSGNTIYF	TRBV4-3	TRBJ1-3
CASSGSTGELFF	TRBV27	TRBJ2-2
CASSLGTGSTEAFF	TRBV4-3	TRBJ1-1
CASSPPRGTEAFF	TRBV7-2	TRBJ1-1
CASSLGLAHNEQFF	TRBV4-3	TRBJ2-1
CASSQGLMGAEAFF	TRBV4-3	TRBJ1-1
CASSPGGVTNYGYTF	TRBV4-2	TRBJ1-2
CASSLTRGSIEQYF	TRBV7-3	TRBJ2-7
CSARVGLAGELYEQYF	TRBV20-1	TRBJ2-7
CSAREGLAGAIYEQYF	TRBV20-1	TRBJ2-7
CSARESLAGELYEQYF	TRBV20-1	TRBJ2-7
CSARLGLAGGLYEQYF	TRBV20-1	TRBJ2-7
CASSPGTSSRLDEQFF	TRBV4-3	TRBJ2-1
CATASSSGNTIYF	TRBV15	TRBJ1-3
CASSPLGERAYEQYF	TRBV7-9	TRBJ2-7
CASSTGEFGNTIYF	TRBV4-3	TRBJ1-3
CASAVGRLGTQYF	TRBV6-3	TRBJ2-5
CASSPGIFGNTIYF	TRBV4-3	TRBJ1-3
CASSADQNEQFF	TRBV9	TRBJ2-1
CASSPGTFGNEQFF	TRBV4-3	TRBJ2-1
CASSHLTGVPETQYF	TRBV5-5	TRBJ2-5
CASSLGQGSTEAFF	TRBV4-3	TRBJ1-1
CASSQGRSGAEQYF	TRBV4-3	TRBJ2-7
CASSQGQLANEQFF	TRBV4-3	TRBJ2-1
CASSQGLFGNEAFF	TRBV4-3	TRBJ1-1
CASSPETFANEQFF	TRBV4-3	TRBJ2-1
CASSQGLFGNEQFF	TRBV4-3	TRBJ2-1
CASSPGTFANEQFF	TRBV4-3	TRBJ2-1
CASSLTSGANVLTF	TRBV5-4	TRBJ2-6
CASSEGVFGNTIYF	TRBV6-5	TRBJ1-3
CAPNTPLSNQPQHF	TRBV24-1	TRBJ1-5
CASSPGQFGNEQFF	TRBV4-3	TRBJ2-1
CASSQLRTGGGEQYF	TRBV3-1	TRBJ2-7
CASSPGGYSNEQFF	TRBV4-3	TRBJ2-1
CASTVVGTQYF	TRBV7-8	TRBJ2-5
CASSQGSGLAGGEQFF	TRBV4-3	TRBJ2-1
CASSQGQGDYGYTF	TRBV4-3	TRBJ1-2
CASSARTGELFF	TRBV27	TRBJ2-2
CSAREGLAGQMYEQYF	TRBV20-1	TRBJ2-7
CSARGASIFYEQYF	TRBV20-1	TRBJ2-7
CASSPRTDTQYF	TRBV11-2	TRBJ2-3
CASSLGVSSYEQYF	TRBV4-3	TRBJ2-7
CSARDRTDPEQFF	TRBV20-1	TRBJ2-1
CSARVGLAGSLYEQYF	TRBV20-1	TRBJ2-7
CASSVMAGLDEQYF	TRBV2	TRBJ2-7
CASSFQGFGVGDTQYF	TRBV7-9	TRBJ2-3
CSAWSGRNYNEQFF	TRBV20-1	TRBJ2-1
CASSQGQYGQTQYF	TRBV4-3	TRBJ2-5
CASSLSLGSSYEQYF	TRBV28	TRBJ2-7
CASSPQPFPEAFF	TRBV7-9	TRBJ1-1
CASSLVGTGTGELFF	TRBV11-2	TRBJ2-2
CASSLASSGTIDRETQYF	TRBV7-9	TRBJ2-5
CASSLWGQGSYEQYF	TRBV5-1	TRBJ2-7
CATSRGTGFKNIQYF	TRBV15	TRBJ2-4
CASSQGLASLAGGFEQFF	TRBV4-1	TRBJ2-1
CASSPRGGTSYEQYF	TRBV7-9	TRBJ2-7
CASSLAAWANEKLFF	TRBV7-9	TRBJ1-4
CASRPLALGAGTEAFF	TRBV19	TRBJ1-1
CASSSGTMNTEAFF	TRBV7-3	TRBJ1-1
CASSPVVLGAGYGYTF	TRBV4-1	TRBJ1-2
CASTSSAIGLGYEQYF	TRBV3-1	TRBJ2-7
CASSTLLMGTEAFF	TRBV7-2	TRBJ1-1
CSARETSGGFLSYEQYF	TRBV20-1	TRBJ2-7
CASSEALPTIANTGELFF	TRBV2	TRBJ2-2
CASSPTSGGFTWEQFF	TRBV4-3	TRBJ2-1
CASSPKSLGEGLYGYTF	TRBV4-1	TRBJ1-2
CASSAWPNTEAFF	TRBV7-9	TRBJ1-1
CASSFLAGGRTGELFF	TRBV7-2	TRBJ2-2
CASSPLPRLAKEADTQYF	TRBV6-3	TRBJ2-3
CASSLGVSLGTGPEAFF	TRBV5-5	TRBJ1-1
CAISSGTGFLDTGELFF	TRBV10-3	TRBJ2-2
CAISEFKDTMAEDTGELFF	TRBV10-3	TRBJ2-2
CASSGGLQDEKLFF	TRBV7-6	TRBJ1-4
CASSQDLTLSGNTIYF	TRBV4-1	TRBJ1-3
CASMRVSNQPQHF	TRBV12-4	TRBJ1-5
CASSQAGGLMSYSNQPQHF	TRBV4-2	TRBJ1-5
CASSFPRQGAGTEAFF	TRBV28	TRBJ1-1
CASSSYPLGGELFF	TRBV7-9	TRBJ2-2
CATSDLRNTEAFF	TRBV24-1	TRBJ1-1
CASSAPGPYEQYF	TRBV28	TRBJ2-7
CASSLAFNEKLFF	TRBV7-9	TRBJ1-4
CASSYNEGAYNEQFF	TRBV6-6	TRBJ2-1
CATSSLLLAGGVEQYF	TRBV15	TRBJ2-7
CASSAGTLGGGYGYTF	TRBV9	TRBJ1-2
CASSQDGTLSSYEQYF	TRBV4-1	TRBJ2-7
CASSPPTGQVGTDTQYF	TRBV7-9	TRBJ2-3
CASSLLGAGAFYTEAFF	TRBV7-8	TRBJ1-1
CASSLGSQFIEQYF	TRBV27	TRBJ2-7
CASSPGTGGALNEQYF	TRBV7-6	TRBJ2-7
CASSQGLGYGYTF	TRBV27	TRBJ1-2
CASSDQGIEAFF	TRBV5-4	TRBJ1-1
CASSAHLRGGYNEQFF	TRBV9	TRBJ2-1
CASSELESFQTATSYEQYF	TRBV6-1	TRBJ2-7
CASSSFGPSNQPQHF	TRBV7-2	TRBJ1-5
CASSRQSGEREQFF	TRBV7-9	TRBJ2-1
CASSEDRNEQFF	TRBV7-9	TRBJ2-1
CASRPGQGNNEQFF	TRBV6-5	TRBJ2-1
CASGEGTLSYEQYF	TRBV7-2	TRBJ2-7
CASNRQSGEREQFF	TRBV7-9	TRBJ2-1
CASRPGQGHHEQYF	TRBV6-5	TRBJ2-7
CASSPLGLSGANVLTF	TRBV9	TRBJ2-6
CASSFDRNEQFF	TRBV7-9	TRBJ2-1
CASSLTSIAEAFF	TRBV7-2	TRBJ1-1
CASSFGTGGEQYF	TRBV7-2	TRBJ2-7
CASSGGRDRSHEQYF	TRBV7-3	TRBJ2-7
CASSYPGQGVGGYTF	TRBV7-9	TRBJ1-2
CASSPRDFSGNTIYF	TRBV11-2	TRBJ1-3
CASSPTNLNEQFF	TRBV6-1	TRBJ2-1
CASRAGQGATEAFF	TRBV6-5	TRBJ1-1
CASSLSAGQGMTDTQYF	TRBV11-2	TRBJ2-3
CSVEGEEDANYEQYF	TRBV29-1	TRBJ2-7
CASSQAREQFF	TRBV3-1	TRBJ2-1
CASSFGGAGDTEAFF	TRBV27	TRBJ1-1
CAISHTGELFF	TRBV10-3	TRBJ2-2
CASSRDTVYNQPQHF	TRBV7-9	TRBJ1-5
CASSPGTSIDEQFF	TRBV7-9	TRBJ2-1
CASSPGAGENIQYF	TRBV7-9	TRBJ2-4
CASSQDGSGAGYTF	TRBV4-3	TRBJ1-2
CASSPGTGIGEQFF	TRBV7-9	TRBJ2-1
CASSPQTAGELFF	TRBV4-3	TRBJ2-2
CAISHTRELFF	TRBV10-3	TRBJ2-2
CASSLRGGNTDTQYF	TRBV28	TRBJ2-3
CASSQSTGELFF	TRBV27	TRBJ2-2
CASSQGIFAYEQYF	TRBV4-3	TRBJ2-7
CASSGNSFSAFF	TRBV27	TRBJ1-1
CATSETGELFF	TRBV24-1	TRBJ2-2
CAWSLTGMNQPQHF	TRBV30	TRBJ1-5
CASSSQADTQYF	TRBV18	TRBJ2-3
CASSSSPGTSGNQPQHF	TRBV6-6	TRBJ1-5
CASSSRGGATDTQYF	TRBV28	TRBJ2-3
CASSPGQFGNTIYF	TRBV4-3	TRBJ1-3
CASSLRGGNADTQYF	TRBV28	TRBJ2-3
CSARAGLNNEQFF	TRBV20-1	TRBJ2-1
CSVRAGLNNEQFF	TRBV20-1	TRBJ2-1
CASSLLGGNPTQYF	TRBV7-2	TRBJ2-3
CASSLLGGNSTQYF	TRBV7-2	TRBJ2-3
CASRPGQGSHEQYF	TRBV6-5	TRBJ2-7
CASRPGRGSHEQYF	TRBV6-5	TRBJ2-7
CASGPGQGSHEQYF	TRBV6-5	TRBJ2-7
CAGRPGQGSHEQYF	TRBV6-5	TRBJ2-7
CASSTPGGGQDTQYF	TRBV28	TRBJ2-3
CASSLLGGHPTQYF	TRBV7-2	TRBJ2-3
CSARDPPGSSNYGYTF	TRBV20-1	TRBJ1-2
CASSLLGGDPAQYF	TRBV7-2	TRBJ2-3
CASAGRTDTQYF	TRBV27	TRBJ2-3
CSARPGLAGALYEQYF	TRBV20-1	TRBJ2-7
CASSLGTSSYEQYF	TRBV4-3	TRBJ2-7
CASAPGLMSYEQYF	TRBV4-3	TRBJ2-7
CANSLGTSSYEQYF	TRBV4-3	TRBJ2-7
CAGSLGTSSYEQYF	TRBV4-3	TRBJ2-7
CASSPGTSSYEQYF	TRBV4-3	TRBJ2-7
CTSSLGTSSYEQYF	TRBV7-2	TRBJ2-7
CASTEYSGSIEQFF	TRBV9	TRBJ2-1
CASSRKTGPYEQYF	TRBV12-3	TRBJ2-7
CASSLGTNSYEQYF	TRBV4-3	TRBJ2-7
CASSQGANYEQYF	TRBV4-3	TRBJ2-7
CASSFTTLGEQYF	TRBV7-2	TRBJ2-7
CASSLYGEQYF	TRBV7-2	TRBJ2-7
CASSLGRNSNEQFF	TRBV4-3	TRBJ2-1
CASSLETSSYEQYF	TRBV4-3	TRBJ2-7
CASALGLMSYEQYF	TRBV4-3	TRBJ2-7
CASSLGASSYEQYF	TRBV4-3	TRBJ2-7
CASALGTRSYEQYF	TRBV4-3	TRBJ2-7
CAGSFTTLGEQYF	TRBV7-2	TRBJ2-7
CASMGGANTEAFF	TRBV27	TRBJ1-1
CASSPTTYGYTF	TRBV27	TRBJ1-2
CAISEYGNAASPLHF	TRBV10-3	TRBJ1-6
CASSVLGTSGGAEQFF	TRBV9	TRBJ2-1
CSARDWASGLSSYEQYF	TRBV20-1	TRBJ2-7
CASSLVGRGLDEQYF	TRBV7-6	TRBJ2-7
CASRESYEQYF	TRBV25-1	TRBJ2-7
CASSLLGGGGEAFF	TRBV7-2	TRBJ1-1
CASSFSSLGEQFF	TRBV12-3	TRBJ2-1
CASSLYYSRPNTEAFF	TRBV5-1	TRBJ1-1
CAGSLVGRGLDEQYF	TRBV7-6	TRBJ2-7
CSAPLAGAPQDTQYF	TRBV20-1	TRBJ2-3
CASRPGQGSHEQFF	TRBV6-5	TRBJ2-1
CASSSFGPGNQPQHF	TRBV7-2	TRBJ1-5
CASNSFGPSNQPQHF	TRBV7-2	TRBJ1-5
CASSPDNQPQHF	TRBV7-9	TRBJ1-5
CASSPFGPSNQPQHF	TRBV7-2	TRBJ1-5
CASSSFGPSNLPQHF	TRBV7-2	TRBJ1-5
CASSFGPSNQPQHF	TRBV7-2	TRBJ1-5
CASSLLEHNNGELFF	TRBV7-9	TRBJ2-2
CASSLLEHNNRGELFF	TRBV7-9	TRBJ2-2
CARSSFGPSNQPQHF	TRBV7-2	TRBJ1-5
CASSSFGPSNRPQHF	TRBV7-2	TRBJ1-5
CASSPGQFSHEAFF	TRBV4-3	TRBJ1-1
CASRTGQGAYEQYF	TRBV6-5	TRBJ2-7
CASSRGTSDYEQYF	TRBV4-3	TRBJ2-7
CASSSTNLGEQFF	TRBV7-9	TRBJ2-1
CASSRGTRDYEQYF	TRBV4-3	TRBJ2-7
CASSLRGGGASYNEQFF	TRBV7-8	TRBJ2-1
CASSPWTYGTGTLNEKLFF	TRBV7-8	TRBJ1-4
CASSLKLADEQFF	TRBV11-2	TRBJ2-1
CASSQDGLLNSYEQYF	TRBV4-1	TRBJ2-7
CASGLGRGWNTEAFF	TRBV12-5	TRBJ1-1
CASSRQLGTGELFF	TRBV2	TRBJ2-2
CASSQDPTANSEAFF	TRBV4-1	TRBJ1-1
CASSQDSTSYGYTF	TRBV4-1	TRBJ1-2
CASSQEGHSNQPQHF	TRBV4-1	TRBJ1-5
CASSLVLLGNSPLHF	TRBV7-2	TRBJ1-6
CASSLLQGAASPLHF	TRBV7-9	TRBJ1-6
CASSIWLSGPNYGYTF	TRBV19	TRBJ1-2
CASGTKYYGYTF	TRBV27	TRBJ1-2
CASSSQGYGRAQHF	TRBV27	TRBJ1-5
CASSQYLLAGARGTYEQYF	TRBV3-1	TRBJ2-7
CASSQGGVQPQHF	TRBV12-4	TRBJ1-5
CASSTPSIPWSTDDFFEQYF	TRBV7-9	TRBJ2-7
CASSWRVMNTEAFF	TRBV12-3	TRBJ1-1
CASRPDRAGSNQPQHF	TRBV12-4	TRBJ1-5
CASGSQGYGRAQHF	TRBV27	TRBJ1-5
CASSSQGHGRAQHF	TRBV27	TRBJ1-5
CASSSQGYGGAQHF	TRBV27	TRBJ1-5
CASSHGQGMKTQYF	TRBV7-9	TRBJ2-5
CSALQLGGAGANEQFF	TRBV20-1	TRBJ2-1
CANSHGQGMKTQYF	TRBV7-9	TRBJ2-5
CASSLGRGMKTQYF	TRBV7-9	TRBJ2-5
CASSYGQGMKTQYF	TRBV7-9	TRBJ2-5
CATSPGQGMKTQYF	TRBV15	TRBJ2-5
CASTYDRGFTGELFF	TRBV5-1	TRBJ2-2
CASTYDRGFTGGLFF	TRBV5-1	TRBJ2-2
CASSMTYGYTF	TRBV19	TRBJ1-2
CASSGSYGYTF	TRBV19	TRBJ1-2
CASRMTYGYTF	TRBV19	TRBJ1-2
CASSTTYGYTF	TRBV19	TRBJ1-2
CASSLMSGTDTQYF	TRBV7-6	TRBJ2-3
CASSDRSQYGYTF	TRBV18	TRBJ1-2
CASNLMSGTDTQYF	TRBV7-6	TRBJ2-3
CASSLMPGTDTQYF	TRBV7-6	TRBJ2-3
CASTLMSGTDTQYF	TRBV7-6	TRBJ2-3
CATGPGAREQYF	TRBV15	TRBJ2-7
CSVEDQTDPGYTF	TRBV29-1	TRBJ1-2
CASRPGQGGYEQYF	TRBV27	TRBJ2-7
CASSQDPSGNPMETQYF	TRBV4-2	TRBJ2-5
CASSSGTASTDTQYF	TRBV2	TRBJ2-3
CASSPDPSGNPMETQYF	TRBV4-2	TRBJ2-5
CASRYPLDLRNTGELFF	TRBV5-1	TRBJ2-2
CAISGASHEQFF	TRBV10-3	TRBJ2-1
CASTQGRGGSGYTF	TRBV6-6	TRBJ1-2
CASSQAGGDAEAFF	TRBV3-1	TRBJ1-1
CASSPGTANSGNTIYF	TRBV5-1	TRBJ1-3
CASSVDAGFTDTQYF	TRBV9	TRBJ2-3
CASSLRGDSNQPQHF	TRBV12-4	TRBJ1-5
CASSPPSGIYNEQFF	TRBV28	TRBJ2-1
CASSLRRDSGPPSNQPQHF	TRBV7-6	TRBJ1-5
CATTGQDYGYTF	TRBV19	TRBJ1-2
CASSLLGTVGNQPQHF	TRBV27	TRBJ1-5
CASSGTAYGYTF	TRBV6-1	TRBJ1-2
CSASSGQGSGNTIYF	TRBV20-1	TRBJ1-3
CASSGANYGYTF	TRBV6-1	TRBJ1-2
CASSGDSYGYTF	TRBV6-1	TRBJ1-2
CAWSGQVYGYTF	TRBV30	TRBJ1-2
CAQGGSNYGYTF	TRBV7-9	TRBJ1-2
CASSSERPSNEQYF	TRBV7-9	TRBJ2-7
CASRAQGPIYEQYF	TRBV2	TRBJ2-7
CASSGTNYGYTF	TRBV19	TRBJ1-2
CASTGGDYGYTF	TRBV19	TRBJ1-2
CASTGPYGYTF	TRBV19	TRBJ1-2
CASSQFDRALHQTQYF	TRBV16	TRBJ2-5
CALTRSYGYTF	TRBV30	TRBJ1-2
CASSPGQGFKTQYF	TRBV7-9	TRBJ2-5
CASSPGQGGYEQYF	TRBV27	TRBJ2-7
CASSYGQAGEQYF	TRBV7-6	TRBJ2-7
CASSLGRGQETQYF	TRBV7-9	TRBJ2-5
CASSPGQGGYGQYF	TRBV27	TRBJ2-7
CASTGQGYGYTF	TRBV6-1	TRBJ1-2
CAEGGRDYGYTF	TRBV7-9	TRBJ1-2
CASSGRNEQFF	TRBV5-1	TRBJ2-1
CASSLGDRAFRNIQYF	TRBV7-9	TRBJ2-4
CASSQETPRGPPLAKNIQYF	TRBV4-3	TRBJ2-4
CASSISYEQYF	TRBV11-2	TRBJ2-7
CASSQETPRGPPLARNIQYF	TRBV4-3	TRBJ2-4
CASSGGEYGYTF	TRBV6-1	TRBJ1-2
CASSPRTGPNYGYTF	TRBV7-9	TRBJ1-2
CASNGQNYGYTF	TRBV19	TRBJ1-2
CASNGRNYGYTF	TRBV19	TRBJ1-2
CATTGGNYGYTF	TRBV19	TRBJ1-2
CASKLAGGYYEQYF	TRBV28	TRBJ2-7
CASSPWGDGTDTQYF	TRBV7-7	TRBJ2-3
CASSAPDSQETQYF	TRBV7-9	TRBJ2-5
CASPREFNTEAFF	TRBV2	TRBJ1-1
CASTTLGQDQETQYF	TRBV5-4	TRBJ2-5
CASSDSTGVRQPQHF	TRBV2	TRBJ1-5
CASSFGTGGVGELFF	TRBV7-8	TRBJ2-2
CASSSATGITGELFF	TRBV7-8	TRBJ2-2
CASSARQGSRTDTQYF	TRBV7-8	TRBJ2-3
CASSQATGNTGELFF	TRBV7-8	TRBJ2-2
CASRMGANTEAFF	TRBV3-1	TRBJ1-1
CASSNPDGTGDNEQFF	TRBV7-7	TRBJ2-1
CASSPLTGATYNEQFF	TRBV7-8	TRBJ2-1
CASSDLTGLTGELFF	TRBV7-8	TRBJ2-2
CASNFGTGGVGELFF	TRBV7-8	TRBJ2-2
CASSLSQGTILYEQYF	TRBV27	TRBJ2-7
CASSAGQGWKEQYF	TRBV7-9	TRBJ2-7
CASSGTQVQPQHF	TRBV7-8	TRBJ1-5
CASNAGQGWKEQYF	TRBV7-9	TRBJ2-7
CASSAGQGWKGQYF	TRBV7-9	TRBJ2-7
CASSLIWDRGNYGYTF	TRBV7-3	TRBJ1-2
CASSLMQGTDTQYF	TRBV7-6	TRBJ2-3
CSTGTYGYTF	TRBV20-1	TRBJ1-2
CATSDPNRDTDTQYF	TRBV24-1	TRBJ2-3
CATAESYGYTF	TRBV19	TRBJ1-2
CASSRYEQYF	TRBV28	TRBJ2-7
CASFLNTEAFF	TRBV7-9	TRBJ1-1
CASSLYEQYF	TRBV28	TRBJ2-7
CASSPADSQETQYF	TRBV5-5	TRBJ2-5
CASFPNTEAFF	TRBV7-9	TRBJ1-1
CASSGTYGYTF	TRBV19	TRBJ1-2
CASSDPGQYGYTF	TRBV25-1	TRBJ1-2
CATDTGSYGYTF	TRBV19	TRBJ1-2
CASSNTYGYTF	TRBV19	TRBJ1-2
CASSGGWYGYTF	TRBV6-1	TRBJ1-2
CACSRSYGYTF	TRBV19	TRBJ1-2
CASSLLVSGNEQFF	TRBV27	TRBJ2-1
CASSTRQNTEAFF	TRBV3-1	TRBJ1-1
CASSQGVGNTIYF	TRBV7-2	TRBJ1-3
CASSRYQTEAFF	TRBV3-1	TRBJ1-1
CASSGMRGTEAFF	TRBV7-2	TRBJ1-1
CSARDLAEGTYEQYF	TRBV20-1	TRBJ2-7
CASSLDVGEQYF	TRBV6-4	TRBJ2-7
CASSLKAAAYNEQFF	TRBV5-1	TRBJ2-1
CASSPALTDRLAYFSYNEQFF	TRBV18	TRBJ2-1
CSAISGTSGIFSYNEQFF	TRBV20-1	TRBJ2-1
CAIGGNTEAFF	TRBV12-3	TRBJ1-1
CASSSGMRGTEAFF	TRBV7-2	TRBJ1-1
CASSLGVNAVEQYF	TRBV7-2	TRBJ2-7
CASGQSGTAYNEQFF	TRBV10-1	TRBJ2-1
CSARVGLNNEQFF	TRBV20-1	TRBJ2-1
CSARAPAGMYPGNQPQHF	TRBV20-1	TRBJ1-5
CASSQGQYGNTIYF	TRBV7-2	TRBJ1-3
CASSQGRLDNGQYF	TRBV7-2	TRBJ2-7
CASSTRGNTEAFF	TRBV3-1	TRBJ1-1
CASSQGRWGTEAFF	TRBV7-2	TRBJ1-1
CASSLGANAVEQYF	TRBV7-2	TRBJ2-7
CASSSGLAGGREQFF	TRBV7-2	TRBJ2-1
CASSPGTFHNEQFF	TRBV7-2	TRBJ2-1
CASSDPTGSGAYEQYF	TRBV6-4	TRBJ2-7
CASGQSGTACNEQFF	TRBV10-1	TRBJ2-1
CSARDPSRGSGVMDEQFF	TRBV20-1	TRBJ2-1
CSARDPPRGSGVMDEQFF	TRBV20-1	TRBJ2-1
CSADPSRGSGVMDEQFF	TRBV20-1	TRBJ2-1
CASSDRTVRAYEQYF	TRBV6-4	TRBJ2-7
CASSRSWLAGGLSTDTQYF	TRBV14	TRBJ2-3
CASSHDRDTQYF	TRBV6-4	TRBJ2-3
CASSPLGTRAYEQYF	TRBV6-4	TRBJ2-7
CASSPLGPSAYEQYF	TRBV6-4	TRBJ2-7
CASSPGVFGNEQFF	TRBV5-1	TRBJ2-1
CSVWGTGKTYEQYF	TRBV29-1	TRBJ2-7
CSVWGEGRSYEQYF	TRBV29-1	TRBJ2-7
CSATILAGVPYGEQYF	TRBV20-1	TRBJ2-7
CSASEGTSSYEQYF	TRBV20-1	TRBJ2-7
CASSFDREVTGELFF	TRBV7-3	TRBJ2-2
CASSVGAGTEAFF	TRBV19	TRBJ1-1
CAISESGYGGPPGANVLTF	TRBV10-3	TRBJ2-6
CTISESGYRGPPGANVLTF	TRBV7-2	TRBJ2-6
CAISEPGYRGPPGANVLTF	TRBV10-3	TRBJ2-6
CAISESGYRGPPGANVLTF	TRBV10-3	TRBJ2-6
CASRPTDRNTGELFF	TRBV28	TRBJ2-2
CASSLAAGGPYEQYF	TRBV28	TRBJ2-7
CASSPPSGSYEQYF	TRBV7-9	TRBJ2-7
CASSLESGQRPYEQYF	TRBV7-9	TRBJ2-7
CASSIGPLEGNEQFF	TRBV19	TRBJ2-1
CASSWGQGQLSYEQYF	TRBV27	TRBJ2-7
CASSYRGQGNYGYTF	TRBV5-4	TRBJ1-2
CASSYERGMNTEAFF	TRBV6-3	TRBJ1-1
CASSMGQGATEAFF	TRBV6-5	TRBJ1-1
CASSYPMGANEKLFF	TRBV6-6	TRBJ1-4
CASRIGQGTVGELFF	TRBV27	TRBJ2-2
CSVDNSYEQYF	TRBV29-1	TRBJ2-7
CSVVGLESSYEQYF	TRBV29-1	TRBJ2-7
CSVGENTEAFF	TRBV29-1	TRBJ1-1
CASSIFGSPFNQPQHF	TRBV7-2	TRBJ1-5
CATLREGPTTGELFF	TRBV19	TRBJ2-2
CASSLGQGLANYGYTF	TRBV27	TRBJ1-2
CSARPMAASGLTYEQYF	TRBV20-1	TRBJ2-7
CASSEYGAAVYEQYF	TRBV6-1	TRBJ2-7
CASSLNLRGSSGNTIYF	TRBV7-3	TRBJ1-3
CASSSNPGTSGGYSYEQYF	TRBV28	TRBJ2-7
CASSLLGQYNEQFF	TRBV6-3	TRBJ2-1
CASSLLGQCNEQFF	TRBV6-3	TRBJ2-1
CASSFHPGQGASYSNQPQHF	TRBV6-3	TRBJ1-5
CASSYERGGLPKNIQYF	TRBV6-6	TRBJ2-4
CASSLGQGRSLGHEQYF	TRBV27	TRBJ2-7
CSARQYRTDMNTEAFF	TRBV20-1	TRBJ1-1
CSVEVGAGETQYF	TRBV29-1	TRBJ2-5
CSAETSDSYEQYF	TRBV29-1	TRBJ2-7
CASSYEWGGLPKNIQYF	TRBV6-6	TRBJ2-4
CASRLVGIGNSPLHF	TRBV27	TRBJ1-6
CAISEDGGETQYF	TRBV10-3	TRBJ2-5
CAISGDGGETQYF	TRBV10-3	TRBJ2-5
CTISEWGGETQYF	TRBV7-2	TRBJ2-5
CASSFGGDEQHF	TRBV28	TRBJ1-5
CASSLGGDEQYF	TRBV28	TRBJ2-7
CASSLRDEQYF	TRBV28	TRBJ2-7
CSVEDSGNEQFF	TRBV29-1	TRBJ2-1
CSVEDRANEQYF	TRBV29-1	TRBJ2-7
CSVRAPPMTSPTDEQYF	TRBV29-1	TRBJ2-7
CASSLDGGETQYF	TRBV6-2	TRBJ2-5
CASSQDGGETQYF	TRBV6-2	TRBJ2-5
CASSEPALAEQYYEQYF	TRBV7-2	TRBJ2-7
CASSFTPGTGAPYSNQPQHF	TRBV7-2	TRBJ1-5
CSVEGGSAYEQYF	TRBV29-1	TRBJ2-7
CASSLDREVTGELFF	TRBV7-3	TRBJ2-2
CSAHLYRAYGYTF	TRBV20-1	TRBJ1-2
CASSMGQHSNQPQHF	TRBV19	TRBJ1-5
CASSLAWGRAESSYNEQFF	TRBV7-2	TRBJ2-1
CASKWDPGQGSHYSNQPQHF	TRBV6-1	TRBJ1-5
CSVEPSGRARTYNEQFF	TRBV29-1	TRBJ2-1
CAWDVKDRRIGNEQFF	TRBV30	TRBJ2-1
CSARDSGRGIENYEQYF	TRBV20-1	TRBJ2-7
CSASSQRGGIYEQYF	TRBV20-1	TRBJ2-7
CASSLVGVGTSDEQFF	TRBV7-9	TRBJ2-1
CASSLSPGTSGSRANEQFF	TRBV27	TRBJ2-1
CASSLELAGEDYEQYF	TRBV28	TRBJ2-7
CASSLSSNEQFF	TRBV28	TRBJ2-1
CSVRDGYEQYF	TRBV29-1	TRBJ2-7
CASSPVRGRTEAFF	TRBV7-2	TRBJ1-1
CASSLVGPGGREKLFF	TRBV7-2	TRBJ1-4
CASSVLTGGRETQYF	TRBV9	TRBJ2-5
CASSIIKGNQPQHF	TRBV19	TRBJ1-5
CASSSGLPTNEKLFF	TRBV19	TRBJ1-4
CASPYMDARSEAFF	TRBV6-1	TRBJ1-1
CASSVVGDFRETQYF	TRBV9	TRBJ2-5
CASSYGGTEAFF	TRBV6-6	TRBJ1-1
CASSLPGQGRTPLHF	TRBV7-2	TRBJ1-6
CASSLETRNSPLHF	TRBV7-2	TRBJ1-6
CASSFLPKNEQFF	TRBV7-2	TRBJ2-1
CASSLVRDDRIEQYF	TRBV7-2	TRBJ2-7
CASSFPGQGRTEAFF	TRBV7-2	TRBJ1-1
CSARLSYEQYF	TRBV20-1	TRBJ2-7
CSARDNYEQYF	TRBV20-1	TRBJ2-7
CSARDSYEQYF	TRBV20-1	TRBJ2-7
CSARLDYEQYF	TRBV20-1	TRBJ2-7
CSARYDYEQYF	TRBV20-1	TRBJ2-7
CASSLIPSGGRNEQFF	TRBV7-3	TRBJ2-1
CASSAITSGGARDEQFF	TRBV9	TRBJ2-1
CASSAGDIQYF	TRBV9	TRBJ2-4
CASSAGGIQYF	TRBV9	TRBJ2-4
CATIRTGFSSYEQYF	TRBV10-3	TRBJ2-7
CASSYSRGSGNTIYF	TRBV6-6	TRBJ1-3
CASSPYRGPNTEAFF	TRBV6-6	TRBJ1-1
CASRQQGFVFEAKNIQYF	TRBV6-1	TRBJ2-4
CASSEEVEAFF	TRBV6-1	TRBJ1-1
CSAPTSGSAAFF	TRBV20-1	TRBJ1-1
CSARDSIQFSSNQPQHF	TRBV20-1	TRBJ1-5
CASSYSMTSGSFSDLGAKNIQYF	TRBV6-2	TRBJ2-4
CASRPGPVKNTGELFF	TRBV6-2	TRBJ2-2
CASSLYHNTGELFF	TRBV9	TRBJ2-2
CASSGGAHFSKIPLAGYNEQFF	TRBV9	TRBJ2-1
CASSRTDFTAGELFF	TRBV5-4	TRBJ2-2
CASSLTGHPYEQYF	TRBV27	TRBJ2-7
CSVEDRHYEQYF	TRBV29-1	TRBJ2-7
CASSYSRGAGNTIYF	TRBV6-6	TRBJ1-3
CASTRSGGFRDEQYF	TRBV6-6	TRBJ2-7
CASSRRDHQETQYF	TRBV7-9	TRBJ2-5
CASSLTAPDTEAFF	TRBV5-4	TRBJ1-1
CASSGTAPAAEAFF	TRBV5-4	TRBJ1-1
CASSSTAPDTEAFF	TRBV5-4	TRBJ1-1
CASSTAPGTEAFF	TRBV5-4	TRBJ1-1
CSARDQRDYQETQYF	TRBV20-1	TRBJ2-5
CASSVRTGELFF	TRBV27	TRBJ2-2
CASSPRTGELFF	TRBV27	TRBJ2-2
CASSLTGGGELFF	TRBV7-3	TRBJ2-2
CASSSTGGNTIYF	TRBV7-3	TRBJ1-3
CASSLTGNTEAFF	TRBV7-3	TRBJ1-1
CASSTRDPRQTQYF	TRBV27	TRBJ2-5
CASSLWLPKETQYF	TRBV5-1	TRBJ2-5
CASRKWNGELFF	TRBV12-4	TRBJ2-2
CSVEGPLAGEADTQYF	TRBV29-1	TRBJ2-3
CASSPPGGRADTQYF	TRBV11-3	TRBJ2-3
CASAQGRGTEAFF	TRBV27	TRBJ1-1
CATSDLQGVRGVNEQFF	TRBV24-1	TRBJ2-1
CASSLTGGGKLFF	TRBV7-3	TRBJ1-4
CASSSGRGGEQYF	TRBV27	TRBJ2-7
CASSLTGGNTIYF	TRBV7-3	TRBJ1-3
CASSSNPIVPQETQYF	TRBV28	TRBJ2-5
CASSRGAESYNSPLHF	TRBV4-1	TRBJ1-6
CASSLTGGARARLFF	TRBV7-3	TRBJ2-2
CASSRRGEGHNEQFF	TRBV11-3	TRBJ2-1
CASSSSSQEQFF	TRBV7-8	TRBJ2-1
CASSLEPGTSSYNEQFF	TRBV7-8	TRBJ2-1
CSARDINPGLAYEQFF	TRBV20-1	TRBJ2-1
CASSPDSNNEQFF	TRBV6-2	TRBJ2-1
CASSQGLQGSEQFF	TRBV4-3	TRBJ2-1
CASSFVDSLSNQPQHF	TRBV5-1	TRBJ1-5
CASSLHRDTEAFF	TRBV9	TRBJ1-1
CASSLEPGTNSYNEQFF	TRBV7-8	TRBJ2-1
CASGDRQNSPLHF	TRBV28	TRBJ1-6
CASRGTSGTIEQFF	TRBV6-5	TRBJ2-1
CASSLDRNEQFF	TRBV7-9	TRBJ2-1
CASSQGMFDYGYTF	TRBV4-3	TRBJ1-2
CASSPTSGIEETQYF	TRBV12-3	TRBJ2-5
CASNLDRNEQFF	TRBV7-9	TRBJ2-1
CANSSSSQEQFF	TRBV7-8	TRBJ2-1
CASSLRGLAFTSSYNEQFF	TRBV5-1	TRBJ2-1
CASSHGDYEQYF	TRBV7-9	TRBJ2-7
CASKKSTGGNTDTQYF	TRBV12-3	TRBJ2-3
CASSVDRDTEAFF	TRBV9	TRBJ1-1
CASSLRGLASTSSYNEQFF	TRBV5-1	TRBJ2-1
CASSLRGLAFSYSYNEQFF	TRBV5-1	TRBJ2-1
CASSDRQNTEAFF	TRBV28	TRBJ1-1
CASSHRTGELFF	TRBV27	TRBJ2-2
CASSQGLLASLEQYF	TRBV4-3	TRBJ2-7
CASRRGGLEIEQYF	TRBV10-2	TRBJ2-7
CAGSSRQNTEAFF	TRBV28	TRBJ1-1
CASSPGQYSHEQYF	TRBV4-3	TRBJ2-7
CASSRNNIEAFF	TRBV27	TRBJ1-1
CSVPEQFF	TRBV29-1	TRBJ2-1
CASSLRLLLYEQYF	TRBV5-5	TRBJ2-7
CATSGITGELFF	TRBV24-1	TRBJ2-2
CASSLRGIQTDSYNEQFF	TRBV5-1	TRBJ2-1
CASSLRGIQTDSHNEQFF	TRBV5-1	TRBJ2-1
CASSPGTGGDYGYTF	TRBV28	TRBJ1-2
CATSGITRELFF	TRBV24-1	TRBJ2-2
CASREGQGGTEAFF	TRBV6-5	TRBJ1-1
CASSLGTSSSYEQYF	TRBV4-3	TRBJ2-7
CASREGRGGTEAFF	TRBV6-5	TRBJ1-1
CASSSQENTEAFF	TRBV6-1	TRBJ1-1
CASSDRQNSPLHF	TRBV28	TRBJ1-6
CASSLDPPAGVSPLHF	TRBV5-1	TRBJ1-6
CASSQGQLNTQYF	TRBV4-3	TRBJ2-3
CASSLGEQPQHF	TRBV7-9	TRBJ1-5
CASSQGRRSIEQFF	TRBV4-3	TRBJ2-1
CASSPGVLGNTIYF	TRBV4-3	TRBJ1-3
CASSTRQNAEAFF	TRBV28	TRBJ1-1
CASRGGQGSTEAFF	TRBV6-5	TRBJ1-1
CASSPYSGSYEQYF	TRBV7-9	TRBJ2-7
CASGLGPSGTEAFF	TRBV12-5	TRBJ1-1
CSARTLEGILTTGETQYF	TRBV20-1	TRBJ2-5
CASSLGTSAYEQYF	TRBV4-3	TRBJ2-7
CTRAYNQPQHF	TRBV7-2	TRBJ1-5
CASTIPPGTSVSGELFF	TRBV11-2	TRBJ2-2
CASSKCRDKSYEQYF	TRBV19	TRBJ2-7
CASGSGLANNEQFF	TRBV4-3	TRBJ2-1
CASSEGNTGELFF	TRBV25-1	TRBJ2-2
CASSRHTGELFF	TRBV27	TRBJ2-2
CASRPSNTEAFF	TRBV27	TRBJ1-1
CASSLDRNEQYF	TRBV7-9	TRBJ2-7
CSARTEGILTTGEAQYF	TRBV20-1	TRBJ2-5
CASTIPPRTSVSGELFF	TRBV11-2	TRBJ2-2
CASSPGLATDNEQFF	TRBV4-3	TRBJ2-1
CASSRADLSYEQYF	TRBV9	TRBJ2-7
CASSPGAYGNTIYF	TRBV6-5	TRBJ1-3
CASSLGTSANEQYF	TRBV4-3	TRBJ2-7
CASSQGRRSNEQFF	TRBV4-3	TRBJ2-1
CASSFDSYEQYF	TRBV7-9	TRBJ2-7
CASSPRSLSYEQYF	TRBV7-9	TRBJ2-7
CASSGNTGELFF	TRBV27	TRBJ2-2
CASSKCRGKSYEQYF	TRBV19	TRBJ2-7
CASSYRTGELFF	TRBV27	TRBJ2-2
CASSYDRNEQFF	TRBV7-9	TRBJ2-1
CASSHLDSPISNQPQHF	TRBV14	TRBJ1-5
CASSQDVLAGGREQYF	TRBV4-1	TRBJ2-7
CSVEGGTSGSYEQYF	TRBV29-1	TRBJ2-7
CASSLLGGDLYEQYF	TRBV28	TRBJ2-7
CASSQGTSDLYEQYF	TRBV4-3	TRBJ2-7
CASSLGTSDLYEQYF	TRBV4-3	TRBJ2-7
CASSVADLSYEQYF	TRBV9	TRBJ2-7
CASSQGVAGAEQYF	TRBV4-3	TRBJ2-7
CASSPGTSAYEQYF	TRBV4-3	TRBJ2-7
CASSSLDTGELFF	TRBV28	TRBJ2-2
CASSPGDGQPQHF	TRBV28	TRBJ1-5
CASSGTLEGGYTF	TRBV27	TRBJ1-2
CASSFGQGYEQFF	TRBV7-7	TRBJ2-1
CASSGTTGELFF	TRBV27	TRBJ2-2
CSARTSDFEQFF	TRBV20-1	TRBJ2-1
CASTYDRDEQYF	TRBV7-9	TRBJ2-7
CASSQGLAGREQYF	TRBV4-3	TRBJ2-7
CATSDVNGAYEQYF	TRBV24-1	TRBJ2-7
CASSAESTRLTDTQYF	TRBV5-1	TRBJ2-3
CASSLGQRSTEAFF	TRBV4-3	TRBJ1-1
CASSSYRGGGTEAFF	TRBV7-8	TRBJ1-1
CASSRADDSYEQYF	TRBV9	TRBJ2-7
CASSQGTSDYGQYF	TRBV4-3	TRBJ2-7
CASSYGTGELFF	TRBV27	TRBJ2-2
CSARGGSVFYEQYF	TRBV20-1	TRBJ2-7
CSARGGERFYEQYF	TRBV20-1	TRBJ2-7
CASSASTSDYSYEQYF	TRBV9	TRBJ2-7
CASSDLTGTAYNEQFF	TRBV25-1	TRBJ2-1
CSDRGGSVFYEQYF	TRBV20-1	TRBJ2-7
CSARGGEGFYEQYF	TRBV20-1	TRBJ2-7
CSARGGAVFYEQYF	TRBV20-1	TRBJ2-7
CASSDLTGTVYNEQFF	TRBV25-1	TRBJ2-1
CSAWGGSVFYEQYF	TRBV20-1	TRBJ2-7
CSARGRERFYEQYF	TRBV20-1	TRBJ2-7
CASSPGVADTQYF	TRBV4-3	TRBJ2-3
CATSEAANTGELFF	TRBV24-1	TRBJ2-2
CASSSGDETQYF	TRBV6-5	TRBJ2-5
CASSMIQGADTQYF	TRBV19	TRBJ2-3
CASSLGLREQFF	TRBV11-2	TRBJ2-1
CASSFGQGAIEQYF	TRBV18	TRBJ2-7
CASSQDRMDRAGEQYF	TRBV4-1	TRBJ2-7
CASSQDQTLYFMNTEAFF	TRBV4-1	TRBJ1-1
CATSRDGAGSNEKLFF	TRBV15	TRBJ1-4
CASSLVLAIEQYF	TRBV7-2	TRBJ2-7
CASSLEGGAALWDTQYF	TRBV5-1	TRBJ2-3
CASSGLAGLGQFF	TRBV12-3	TRBJ2-1
CASSQDQALYFMNTEAFF	TRBV4-1	TRBJ1-1
CASSLSSGSSYEQYF	TRBV28	TRBJ2-7
CASSSGETGNTEAFF	TRBV5-1	TRBJ1-1
CAWSVFSGAYEQYF	TRBV30	TRBJ2-7
CASSLLTLARENTEAFF	TRBV5-6	TRBJ1-1
CASSPVSGEDEQYF	TRBV18	TRBJ2-7
CASSSPGTGSGELFF	TRBV3-1	TRBJ2-2
CAISAPDIAGNTIYF	TRBV10-3	TRBJ1-3
CASSVGPGQTEAFF	TRBV9	TRBJ1-1
CASSVEIGQTEAFF	TRBV9	TRBJ1-1
CASSYGGTGPEGSSYEQYF	TRBV6-6	TRBJ2-7
CASTDTQYF	TRBV2	TRBJ2-3
CASSSRDREETQYF	TRBV7-8	TRBJ2-5
CASSLGGTNHGYTF	TRBV7-6	TRBJ1-2
CASSPGTGKNIQYF	TRBV9	TRBJ2-4
CASSQEGVNTEAFF	TRBV4-1	TRBJ1-1
CASSQAQGLSNSPLHF	TRBV4-3	TRBJ1-6
CASSRTQGPNTDTQYF	TRBV5-1	TRBJ2-3
CASSLDHLAGVNNEQFF	TRBV7-6	TRBJ2-1
CASSGQLLEAFF	TRBV6-1	TRBJ1-1
CASSLEGSRNTEAFF	TRBV7-8	TRBJ1-1
CASSQPPDRGYGYTF	TRBV11-2	TRBJ1-2
CASSLVGSYEQFF	TRBV12-4	TRBJ2-1
CASSTTSGRYEQYF	TRBV12-4	TRBJ2-7
CASSLSSDEHGYTF	TRBV27	TRBJ1-2
CASGLDRGADTQYF	TRBV12-5	TRBJ2-3
CASSVSTGEAYGYTF	TRBV9	TRBJ1-2
CASSVSTGEAYGCTF	TRBV9	TRBJ1-2
CASSFGGATGPGELFF	TRBV9	TRBJ2-2
CASSDLAGGATDTQYF	TRBV9	TRBJ2-3
CASSASTGEAYGYTF	TRBV9	TRBJ1-2
CASSYSPDGELFF	TRBV9	TRBJ2-2
CASSVAAGLSHEQFF	TRBV9	TRBJ2-1
CSVVETVGETQYF	TRBV29-1	TRBJ2-5
CSVDLGVAGGPNTGELFF	TRBV29-1	TRBJ2-2
CSVGQNSANTGELFF	TRBV29-1	TRBJ2-2
CSVEDLGLAGATEQFF	TRBV29-1	TRBJ2-1
CASGYRDRGVAFF	TRBV5-1	TRBJ1-1
CASSPSGYNNEQFF	TRBV5-1	TRBJ2-1
CASSSTGYVNEQYF	TRBV5-1	TRBJ2-7
CASSSSGSSYNEQFF	TRBV5-1	TRBJ2-1
CASSLAGDGANVLTF	TRBV5-1	TRBJ2-6
CASSLRGETQYF	TRBV5-1	TRBJ2-5
CASSLNTGVKNIQYF	TRBV5-1	TRBJ2-4
CASFRTGTSETQYF	TRBV5-5	TRBJ2-5
CASSFRGQQNNEQFF	TRBV5-5	TRBJ2-1
CASSLETGTEAFF	TRBV7-9	TRBJ1-1
CASSLGLEPQHF	TRBV7-9	TRBJ1-5
CAQPVVYSYEQYF	TRBV7-9	TRBJ2-7
CASSLAPVGTHTEAFF	TRBV7-9	TRBJ1-1
CASSLSIPGGQYEQYF	TRBV7-9	TRBJ2-7
CASSLGDSWNSPLHF	TRBV7-9	TRBJ1-6
CASSGQDSTQYF	TRBV7-9	TRBJ2-3
CASSEQRESTDTQYF	TRBV7-9	TRBJ2-3
CASSQDEPSEQYF	TRBV4-1	TRBJ2-7
CASSQVLAPIQYF	TRBV4-1	TRBJ2-4
CASSQAAASGPYEQYF	TRBV4-1	TRBJ2-7
CASSQDGVYTQYF	TRBV4-1	TRBJ2-3
CASSPTGGPGELFF	TRBV4-1	TRBJ2-2
CASSQAERKETQYF	TRBV4-1	TRBJ2-5
CASSQAATGSYEQYF	TRBV4-1	TRBJ2-7
CASSQDQPNREVITEAFF	TRBV4-1	TRBJ1-1
CASSQRTGRPLHF	TRBV4-1	TRBJ1-6
CASSHLDQPQHF	TRBV4-1	TRBJ1-5
CASRDYEQYF	TRBV6-2	TRBJ2-7
CATRDYEQYF	TRBV6-2	TRBJ2-7
CASSIAEREAFF	TRBV19	TRBJ1-1
CASSILAGLNEQYF	TRBV19	TRBJ2-7
CASTTGQINYGYTF	TRBV19	TRBJ1-2
CASSIPPSGEQFF	TRBV19	TRBJ2-1
CASSAFAGTGELFF	TRBV19	TRBJ2-2
CASSIETSPGDTQYF	TRBV19	TRBJ2-3
CACLLPYEQYF	TRBV30	TRBJ2-7
CAWNRGMNTEAFF	TRBV30	TRBJ1-1
CALAVPYEQYF	TRBV30	TRBJ2-7
CASSLEAGATYNEQFF	TRBV11-2	TRBJ2-1
CASSLESGSSYNEQFF	TRBV11-2	TRBJ2-1
CASSSRTGASGNTIYF	TRBV11-2	TRBJ1-3
CASSLGTSGSYEQYF	TRBV11-2	TRBJ2-7
CASSLIYRGGDGYTF	TRBV11-2	TRBJ1-2
CASSPSGTPYEQYF	TRBV2	TRBJ2-7
CASSEALRASGGIGELFF	TRBV2	TRBJ2-2
CASSPSGTPYERYF	TRBV2	TRBJ2-7
CATSRLDITPNSPLHF	TRBV15	TRBJ1-6
CATSREEPIQPGEQFF	TRBV15	TRBJ2-1
CATRSTDTQYF	TRBV15	TRBJ2-3
CATSRVGQWNTEAFF	TRBV15	TRBJ1-1
CATSSRGGETQYF	TRBV15	TRBJ2-5
CATGRLAGETQYF	TRBV15	TRBJ2-5
CATSRLGITPNSPLHF	TRBV15	TRBJ1-6
CATSREPGSIVNEQFF	TRBV15	TRBJ2-1
CASSFDVEQFF	TRBV5-1	TRBJ2-1
CASSPRTEKYTQYF	TRBV5-1	TRBJ2-3
CASLSGGAFYHTGELFF	TRBV5-1	TRBJ2-2
CASSYSTHYSLESDTQYF	TRBV6-1	TRBJ2-3
CASSEARWVAGVWTGELFF	TRBV6-1	TRBJ2-2
CASRPYSGRAGAYTGELFF	TRBV6-1	TRBJ2-2
CASSYRGLKEQYF	TRBV6-1	TRBJ2-7
CASSYSTSGSTDTQYF	TRBV6-1	TRBJ2-3
CASSYVTPDYGYTF	TRBV6-1	TRBJ1-2
CASSLGRGSGANVLTF	TRBV6-1	TRBJ2-6
CASSGVGYQPQHF	TRBV19	TRBJ1-5
CASSIFPGGGYGYTF	TRBV19	TRBJ1-2
CASSMIGHSNQPQHF	TRBV19	TRBJ1-5
CASSIDGAGNQPQHF	TRBV19	TRBJ1-5
CATSGTDRGGGETQYF	TRBV15	TRBJ2-5
CASRLLGGGQETQYF	TRBV7-6	TRBJ2-5
CASSPGVFGVTQYF	TRBV4-3	TRBJ2-3
CASSQGVSSTEAFF	TRBV4-3	TRBJ1-1
CASSQGLLANEQFF	TRBV4-3	TRBJ2-1
CASSQGVPSTEAFF	TRBV4-3	TRBJ1-1
CAGRLLGGGQETQYF	TRBV7-6	TRBJ2-5
CSARDLGLAGDTDTQYF	TRBV20-1	TRBJ2-3
CASSLGIPGTAQWVYGYTF	TRBV28	TRBJ1-2
CASSPLGGHHSGANVLTF	TRBV7-2	TRBJ2-6
CASSEDYYEQYF	TRBV7-9	TRBJ2-7
CSAREVYYNSPLHF	TRBV20-1	TRBJ1-6
CASSPLGGHHTGANVLTF	TRBV7-2	TRBJ2-6
CASSLDVNEQFF	TRBV7-9	TRBJ2-1
CASSTGTVYNEQFF	TRBV12-3	TRBJ2-1
CASSYDLNEQYF	TRBV7-9	TRBJ2-7
CASSGLAPTSYNEQFF	TRBV5-1	TRBJ2-1
CSARVTSSDEQYF	TRBV20-1	TRBJ2-7
CASSYDNYEQYF	TRBV7-9	TRBJ2-7
CASSSDREEQYF	TRBV7-9	TRBJ2-7
CASGLVLPVRGREETQYF	TRBV12-5	TRBJ2-5
CASSLDRAEQYF	TRBV7-9	TRBJ2-7
CSARQGLNNEQFF	TRBV20-1	TRBJ2-1
CASSPLGDRETQYF	TRBV13	TRBJ2-5
CASSFIAGTEAFF	TRBV12-3	TRBJ1-1
CASSLVAGTYNEQFF	TRBV7-2	TRBJ2-1
CASRGIQADGYTF	TRBV19	TRBJ1-2
CSASDNELPGSSYNEQFF	TRBV20-1	TRBJ2-1
CASSMADLSYEQYF	TRBV9	TRBJ2-7
CASSGGLPEGYTF	TRBV27	TRBJ1-2
CSASNPLLGQGAGYGYTF	TRBV20-1	TRBJ1-2
CSGRGVAYNSPLHF	TRBV20-1	TRBJ1-6
CASSQDITFPKQFF	TRBV4-3	TRBJ2-1
CSASNPLLGQGADYGYTF	TRBV20-1	TRBJ1-2
CRTRSVETDTQYF	TRBV20-1	TRBJ2-3
CASSGEREGQVGELFF	TRBV5-4	TRBJ2-2
CSVPGLAQNEQFF	TRBV20-1	TRBJ2-1
CASSPGTGELFF	TRBV18	TRBJ2-2
CASSPTGLVGLIQNTEAFF	TRBV7-2	TRBJ1-1
CASSQGQYSHEQYF	TRBV4-3	TRBJ2-7
CASSQGRLSAEAFF	TRBV4-3	TRBJ1-1
CASSPGRLGNEQYF	TRBV4-3	TRBJ2-7
CSAMGGGPYEQYF	TRBV20-1	TRBJ2-7
CASSQGALSNEQFF	TRBV4-3	TRBJ2-1
CASSPGWGSYEQYF	TRBV5-6	TRBJ2-7
CASSPQRGFYEQYF	TRBV5-6	TRBJ2-7
CASCPGWGSYEQYF	TRBV5-6	TRBJ2-7
CASSPQKGFYEQYF	TRBV5-6	TRBJ2-7
CASSPGWGSHEQYF	TRBV5-6	TRBJ2-7
CASSSDRSFYGYTF	TRBV13	TRBJ1-2
CASSLDRGVGGYTF	TRBV13	TRBJ1-2
CASSPGWGNTEAFF	TRBV5-6	TRBJ1-1
CASSHGLAGVGETQYF	TRBV4-1	TRBJ2-5
CASSLWGERLNTEAFF	TRBV27	TRBJ1-1
CASSLGWGPNEQFF	TRBV5-6	TRBJ2-1
CASATIMGGRASNEQFF	TRBV28	TRBJ2-1
CASSFGWGADSPLHF	TRBV5-6	TRBJ1-6
CASSPIGRSEAFF	TRBV28	TRBJ1-1
CASSPGWGTYEQYF	TRBV5-6	TRBJ2-7
CASSLGWGNTEAFF	TRBV5-6	TRBJ1-1
CASSLGRGPNEQFF	TRBV5-6	TRBJ2-1
CASSFGWGGETEAFF	TRBV5-6	TRBJ1-1
CASSQETGDEQYF	TRBV14	TRBJ2-7
CASSLELGDEQFF	TRBV7-6	TRBJ2-1
CASSLELGDEQYF	TRBV7-6	TRBJ2-7
CASSQETGDTQYF	TRBV14	TRBJ2-3
CASSPGQGPSYEQYF	TRBV18	TRBJ2-7
CASSLETGDEQYF	TRBV7-6	TRBJ2-7
CASTNRGKSSYNEQFF	TRBV13	TRBJ2-1
CASSQQASGNTIYF	TRBV11-2	TRBJ1-3
CACSLETGDEQYF	TRBV7-6	TRBJ2-7
CASSFDAEQFF	TRBV5-1	TRBJ2-1
CASSLIGHSNQPQHF	TRBV19	TRBJ1-5
CASSPTDFYGYTF	TRBV7-9	TRBJ1-2
CASSWDSVNTEAFF	TRBV12-3	TRBJ1-1
CASADRDREADEQFF	TRBV9	TRBJ2-1
CSAPVLPQETQYF	TRBV20-1	TRBJ2-5
CASEGFLAGQFF	TRBV2	TRBJ2-1
CASSFDSEQFF	TRBV5-1	TRBJ2-1
CASSFDSEAFF	TRBV5-1	TRBJ1-1
CASSIIGHSNQPQHF	TRBV19	TRBJ1-5
CASSFDREAFF	TRBV5-1	TRBJ1-1
CARSFDSEAFF	TRBV5-1	TRBJ1-1
CATSFDSEAFF	TRBV15	TRBJ1-1
CSVGGRGTGELFF	TRBV29-1	TRBJ2-2
CASSFGSEAFF	TRBV5-1	TRBJ1-1
CASSFDAEAFF	TRBV5-1	TRBJ1-1
CASTPVGHSNQPQHF	TRBV19	TRBJ1-5
CASNLGGPQQPQHF	TRBV12-4	TRBJ1-5
CASSPRQAAYEQYF	TRBV12-3	TRBJ2-7
CANSFDAEAFF	TRBV5-1	TRBJ1-1
CASSAYRGQANEQFF	TRBV6-6	TRBJ2-1
CASSVYRGQANEQFF	TRBV6-6	TRBJ2-1
CASSYSRGVGNTIYF	TRBV6-6	TRBJ1-3
CAISDFDRAGTQYF	TRBV10-3	TRBJ2-5
CASYPDRGRVNEQFF	TRBV27	TRBJ2-1
CASYPDRGRANEQFF	TRBV27	TRBJ2-1
CSARVRAGSYNEQFF	TRBV20-1	TRBJ2-1
CASSLYTSNNEQFF	TRBV11-2	TRBJ2-1
CASPGVRGANVLTF	TRBV30	TRBJ2-6
CSARDVVDGNTGELFF	TRBV20-1	TRBJ2-2
CASSFLPGQGSYYSNQPQHF	TRBV6-2	TRBJ1-5
CASNPSWAYSNQPQHF	TRBV12-3	TRBJ1-5
CASSLTRGTEAFF	TRBV12-3	TRBJ1-1
CASTIGGDWNTEAFF	TRBV12-3	TRBJ1-1
CASSLGGWDNGAFF	TRBV12-3	TRBJ1-1
CASSLGPEAFF	TRBV12-3	TRBJ1-1
CANNPSWAYSNQPQHF	TRBV12-3	TRBJ1-5
CASSLPGELFF	TRBV12-3	TRBJ2-2
CASKAGGSYNEQFF	TRBV12-3	TRBJ2-1
CASSLGYTEAFF	TRBV12-3	TRBJ1-1
CASSVASGTSGGGQFF	TRBV5-1	TRBJ2-1
CASSLGPGEAFF	TRBV12-3	TRBJ1-1
CASRNNYGTEAFF	TRBV12-3	TRBJ1-1
CASSLGTTYEAFF	TRBV12-3	TRBJ1-1
CAIQTGMNTEAFF	TRBV12-3	TRBJ1-1
CASSLGVGGGQPQHF	TRBV12-3	TRBJ1-5
CASSLGYGEAFF	TRBV12-3	TRBJ1-1
CASSLAFGTGAGELFF	TRBV5-5	TRBJ2-2
CASSVLGGYTF	TRBV12-3	TRBJ1-2
CASSGQETQYF	TRBV9	TRBJ2-5
CASRDPAKNIQYF	TRBV12-3	TRBJ2-4
CASKAGPNIQYF	TRBV12-3	TRBJ2-4
CASSLDPRGRAKNIQYF	TRBV12-3	TRBJ2-4
CASRQGLGEAFF	TRBV12-3	TRBJ1-1
CASSFQGGSRHAFF	TRBV12-3	TRBJ1-1
CASSLEIGTGNSPLHF	TRBV12-3	TRBJ1-6
CASSLGQLNEQFF	TRBV12-3	TRBJ2-1
CASNLQGLAEGPQFF	TRBV12-3	TRBJ2-1
CASSLNRGTDTQYF	TRBV12-3	TRBJ2-3
CASRISGGRETQYF	TRBV12-3	TRBJ2-5
CASNLQGLAGGPQFF	TRBV12-3	TRBJ2-1
CASRQGPYEQYF	TRBV12-3	TRBJ2-7
CASSVNSGFEAFF	TRBV12-3	TRBJ1-1
CASSLSSLGEAFF	TRBV12-3	TRBJ1-1
CASSLRTPGQALRNEKLFF	TRBV7-9	TRBJ1-4
CASSLGQLREAFF	TRBV12-3	TRBJ1-1
CASSFGAINEAFF	TRBV12-3	TRBJ1-1
CASSQGSLSEAFF	TRBV12-3	TRBJ1-1
CSARDQAREGTYNEQFF	TRBV20-1	TRBJ2-1
CASSLGGLNTIYF	TRBV12-3	TRBJ1-3
CASSLGGERRWAFF	TRBV12-3	TRBJ1-1
CASSSRRRGMNTEAFF	TRBV28	TRBJ1-1
CASPTHFLKNTGELFF	TRBV10-1	TRBJ2-2
CASSFTGTSGPQETQYF	TRBV5-5	TRBJ2-5
CASRGETYMNTEAFF	TRBV12-5	TRBJ1-1
CASALGGDEQFF	TRBV12-3	TRBJ2-1
CASSLGLNTIYF	TRBV12-3	TRBJ1-3
CASSLGASYEQYF	TRBV12-3	TRBJ2-7
CASSFSKNTEAFF	TRBV12-3	TRBJ1-1
CACSFSKNTEAFF	TRBV12-3	TRBJ1-1
CASSFSKNAEAFF	TRBV12-3	TRBJ1-1
CASSQEGGGGGQPQHF	TRBV4-1	TRBJ1-5
CASSLGLSGRWAFF	TRBV12-3	TRBJ1-1
CASSHSKNTEAFF	TRBV12-3	TRBJ1-1
CASSSRDPIPSGYTF	TRBV5-6	TRBJ1-2
CATREPNTGELFF	TRBV7-2	TRBJ2-2
CASSPVGGSAYEQYF	TRBV7-2	TRBJ2-7
CSARVTSPYEQYF	TRBV20-1	TRBJ2-7
CAISERAIRGTSGLTDTQYF	TRBV10-3	TRBJ2-3
CAISECAIRGTSGLTDTQYF	TRBV10-3	TRBJ2-3
CASSQAAGGRAFF	TRBV4-2	TRBJ1-1
CASSLAPGGIAFF	TRBV4-2	TRBJ1-1
CASSLDSGFLEQYF	TRBV11-2	TRBJ2-7
CAISESGGRVDEQYF	TRBV10-3	TRBJ2-7
CASSLQGAPEQFF	TRBV4-3	TRBJ2-1
CTSRLDPGFLEQYF	TRBV7-2	TRBJ2-7
CASSLYGEYEQYF	TRBV7-2	TRBJ2-7
CASSQGTTDTQYF	TRBV6-6	TRBJ2-3
CASSSSTGQQPQHF	TRBV27	TRBJ1-5
CASRTQRWETQYF	TRBV27	TRBJ2-5
CASSLAQGWKTQYF	TRBV7-9	TRBJ2-5
CASSIQGLRATNEKLFF	TRBV7-9	TRBJ1-4
CASRSPLGYEQYF	TRBV7-8	TRBJ2-7
CASSSGTSGSAGYNEQFF	TRBV12-4	TRBJ2-1
CASSTNNEQFF	TRBV5-1	TRBJ2-1
CASSQGPGERAGFNYEQYF	TRBV3-1	TRBJ2-7
CASSLGYGYTF	TRBV28	TRBJ1-2
CASSKGRYNEQFF	TRBV27	TRBJ2-1
CASSIAGGGEDTQYF	TRBV12-4	TRBJ2-3
CSARGWVSNNQETQYF	TRBV20-1	TRBJ2-5
CSARDPLPEASGGAGTDTQYF	TRBV20-1	TRBJ2-3
CASSQWTGELFF	TRBV27	TRBJ2-2
CASSFIPGQGTHYSNQPQHF	TRBV6-2	TRBJ1-5
CAIRPFLGQDDNYGYTF	TRBV10-3	TRBJ1-2
CASSLRGTGELFF	TRBV28	TRBJ2-2
CASSSLVNTGELFF	TRBV6-5	TRBJ2-2
CASSELGARVYEQYF	TRBV2	TRBJ2-7
CASSESSREVSYNSPLHF	TRBV10-1	TRBJ1-6
CASKEELSNTGELFF	TRBV4-2	TRBJ2-2
CSVGDQGGSEQYF	TRBV29-1	TRBJ2-7
CASTGGRGSPLHF	TRBV13	TRBJ1-6
CASSQDRIHTEAFF	TRBV7-8	TRBJ1-1
CASSELGATIYEQYF	TRBV2	TRBJ2-7
CASSQEMNRVVGNEQFF	TRBV4-1	TRBJ2-1
CASSVVGDSRETQYF	TRBV9	TRBJ2-5
CASSTLRDSREKLFF	TRBV9	TRBJ1-4
CASSTLGDSREKLFF	TRBV9	TRBJ1-4
CASSADGSFYEQYF	TRBV9	TRBJ2-7
CASSLVGQGARQPQHF	TRBV27	TRBJ1-5
CASSLGSAKNIQYF	TRBV27	TRBJ2-4
CASSEPPGVRGEAFF	TRBV2	TRBJ1-1
CAGSQEFLNRRYF	TRBV4-1	TRBJ2-5
CASSLSGSGWQETQYF	TRBV5-1	TRBJ2-5
CASSLLPDPRSSGGYTF	TRBV7-2	TRBJ1-2
CASSLLDGTRDQQYF	TRBV7-8	TRBJ2-7
CASSEAGGTEAFF	TRBV5-1	TRBJ1-1
CASSVEGTILTDTQYF	TRBV9	TRBJ2-3
CASSVEGTIHTDTQYF	TRBV9	TRBJ2-3
CASSLQQTLGAFF	TRBV13	TRBJ1-1
CASSPQQTLGAFF	TRBV13	TRBJ1-1
CSALVEGDEQFF	TRBV20-1	TRBJ2-1
CSAIVGSAYEQYF	TRBV20-1	TRBJ2-7
CSVDGPTGGYTF	TRBV29-1	TRBJ1-2
CSASLGGRISGANVLTF	TRBV29-1	TRBJ2-6
CASSQDLRGARGYTF	TRBV14	TRBJ1-2
CASSQGTGSTDTQYF	TRBV14	TRBJ2-3
CASSQDSSGRVTGELFF	TRBV4-2	TRBJ2-2
CASSDNGGDRSPGELFF	TRBV27	TRBJ2-2
CASSPSFPPDTQYF	TRBV27	TRBJ2-3
CASSPGGGELFF	TRBV27	TRBJ2-2
CASSSPGGVTEAFF	TRBV6-6	TRBJ1-1
CASSYSVVEAAAEAFF	TRBV6-6	TRBJ1-1
CSARDRADRVLIPDTQYF	TRBV20-1	TRBJ2-3
CSASPVGGAYEQYF	TRBV20-1	TRBJ2-7
CASRLGRLAYEQYF	TRBV6-5	TRBJ2-7
CASSTLTGEDSGPQHF	TRBV6-5	TRBJ1-5
CASSQGLAGDEQFF	TRBV3-1	TRBJ2-1
CASSQEGGGQGQPQHF	TRBV4-1	TRBJ1-5
CASSLATDGYTF	TRBV5-6	TRBJ1-2
CASSQEGGGDGQPQHF	TRBV4-1	TRBJ1-5
CASSFGLDEAFF	TRBV12-3	TRBJ1-1
CASSQEGGGEGQPQHF	TRBV4-1	TRBJ1-5
CASSLEGTSGPQETQYF	TRBV5-5	TRBJ2-5
CASSVGPNEQFF	TRBV12-3	TRBJ2-1
CASRQEGGGDGQPQHF	TRBV4-1	TRBJ1-5
CAPTPEGGGQGQPQHF	TRBV4-1	TRBJ1-5
CASSLGPTEAFF	TRBV12-3	TRBJ1-1
CASSLDPEKGAFF	TRBV12-3	TRBJ1-1
CASSLGVNTIYF	TRBV12-3	TRBJ1-3
CASSQGPTEAFF	TRBV12-3	TRBJ1-1
CATHAGTGELFF	TRBV6-2	TRBJ2-2
CASSLSFTEAFF	TRBV12-3	TRBJ1-1
CASSLNGADGYTF	TRBV12-3	TRBJ1-2
CASSSQTSGLFANTGELFF	TRBV7-9	TRBJ2-2
CASSLVFGTAGGQQFF	TRBV5-5	TRBJ2-1
CASSWTETGELFF	TRBV6-5	TRBJ2-2
CTSSLVFGTAGGRQFF	TRBV7-2	TRBJ2-1
CASSLGANTIYF	TRBV12-3	TRBJ1-3
CASSLAFGTSGGEQYF	TRBV5-1	TRBJ2-7
CASSLSDVSWNTEAFF	TRBV5-1	TRBJ1-1
CASSREGYSNQPQHF	TRBV12-3	TRBJ1-5
CASSLSKNTEAFF	TRBV12-3	TRBJ1-1
CASSPGNTEAFF	TRBV12-3	TRBJ1-1
CASRDPYEQYF	TRBV12-3	TRBJ2-7
CASDKGTGNYGYTF	TRBV12-3	TRBJ1-2
CASSFGGTTEAFF	TRBV12-3	TRBJ1-1
CASGLGANTIYF	TRBV12-5	TRBJ1-3
CASSSTITGMGDSGNTIYF	TRBV7-9	TRBJ1-3
CTSSSTITGMGDSGNTIYF	TRBV7-2	TRBJ1-3
CASSSTITGMGVSGNTIYF	TRBV7-9	TRBJ1-3
CASSSAITGMGDSGNTIYF	TRBV7-9	TRBJ1-3
CASRASTGSGNTIYF	TRBV6-1	TRBJ1-3
CAGRASTGSGNTIYF	TRBV6-1	TRBJ1-3
CASRARRPSNTIYF	TRBV6-1	TRBJ1-3
CASSLMGASGANVLTF	TRBV5-1	TRBJ2-6
CSVRTHQGPTNEKLFF	TRBV29-1	TRBJ1-4
CASSDNPLVGGFTDTQYF	TRBV9	TRBJ2-3
CSDDGGQEGYGYTF	TRBV29-1	TRBJ1-2
CSVEEETNYGYTF	TRBV29-1	TRBJ1-2
CASCDNPLVGGFTDTQYF	TRBV9	TRBJ2-3
CASSLALRGGDQETQYF	TRBV7-2	TRBJ2-5
CASSSLRGTAADTQYF	TRBV7-3	TRBJ2-3
CAGSLALRLADQETQYF	TRBV7-2	TRBJ2-5
CASLEGGSYTF	TRBV2	TRBJ1-2
CASGLALRGGDQETQYF	TRBV12-5	TRBJ2-5
CAIRTSGDYEQYF	TRBV6-2	TRBJ2-7
CSVEGMRDYGYTF	TRBV29-1	TRBJ1-2
CSVEGMREYGYTF	TRBV29-1	TRBJ1-2
CASRGSGVYEQYF	TRBV6-2	TRBJ2-7
CASSLVDPTGFGLETQYF	TRBV5-1	TRBJ2-5
CASSVDKGGADEQFF	TRBV9	TRBJ2-1
CASSPRDFSPTDTQYF	TRBV14	TRBJ2-3
CASSVDKGGTDTQYF	TRBV9	TRBJ2-3
CSAREDEGWGGYTF	TRBV20-1	TRBJ1-2
CATSDSYEQYF	TRBV24-1	TRBJ2-7
CASRGTGVHEQYF	TRBV6-2	TRBJ2-7
CASSVDKGGADTQYF	TRBV9	TRBJ2-3
CASRTSGGHEQFF	TRBV6-2	TRBJ2-1
CASSLDPRMNTEAFF	TRBV11-2	TRBJ1-1
CASRTSGEETQYF	TRBV6-2	TRBJ2-5
CASSEDKGGGDTQYF	TRBV9	TRBJ2-3
CASSVDKGGVDEQFF	TRBV9	TRBJ2-1
CASGDSGDEQFF	TRBV5-1	TRBJ2-1
CASRTSGDYEQYF	TRBV6-2	TRBJ2-7
CASSFLTGARSKNIQYF	TRBV5-4	TRBJ2-4
CASSVDKGGPDTQYF	TRBV9	TRBJ2-3
CASSEDKGGADTQYF	TRBV9	TRBJ2-3
CASRTGGEETQYF	TRBV6-2	TRBJ2-5
CASALEQGGYNEQFF	TRBV9	TRBJ2-1
CASSVDKGGTDAQYF	TRBV9	TRBJ2-3
CTSSEDKGGGDTQYF	TRBV7-2	TRBJ2-3
CASSVDKGGTDEQFF	TRBV9	TRBJ2-1
CASSHLDSGLAVDTEAFF	TRBV5-1	TRBJ1-1
CASSFRQGLGHTGELFF	TRBV28	TRBJ2-2
CASSLWSGASNEQFF	TRBV7-2	TRBJ2-1
CASSLYSGADQPQHF	TRBV7-2	TRBJ1-5
CASSLWPGASNEQFF	TRBV7-2	TRBJ2-1
CASSLWGGDFSQEQFF	TRBV7-2	TRBJ2-1
CASSLWSGVGDGYTF	TRBV7-2	TRBJ1-2
CASSLYGGPEQPQHF	TRBV7-2	TRBJ1-5
CASSPISDRSGNTIYF	TRBV7-9	TRBJ1-3
CASSLWAGVSDTQYF	TRBV7-2	TRBJ2-3
CASSQDMKGGSFTGELFF	TRBV4-1	TRBJ2-2
CASSLWGGGFSQEQFF	TRBV7-2	TRBJ2-1
CASSLYSGGDQPQHF	TRBV7-2	TRBJ1-5
CASSLYSGLDQPQHF	TRBV7-2	TRBJ1-5
CASSLYGGGEQPQHF	TRBV7-2	TRBJ1-5
CSVAGTGMTDTQYF	TRBV29-1	TRBJ2-3
CASRSGRTNEKLFF	TRBV6-5	TRBJ1-4
CASSLFSGPSQTQYF	TRBV7-2	TRBJ2-5
CASSLYSGGGQPQHF	TRBV7-2	TRBJ1-5
CASSLYSGGDKEQYF	TRBV7-2	TRBJ2-7
CASSLYGSPDQPQHF	TRBV7-2	TRBJ1-5
CASSLYGGGDQPQHF	TRBV7-2	TRBJ1-5
CSGGGYGSGTYEQYF	TRBV29-1	TRBJ2-7
CASSLWAGETEAFF	TRBV7-2	TRBJ1-1
CASSLYHSPTDQPQHF	TRBV7-2	TRBJ1-5
CASRLYSGGDKEQYF	TRBV7-2	TRBJ2-7
CASSLFSGASQTQYF	TRBV7-2	TRBJ2-5
CASSLYGRGDQPQHF	TRBV7-2	TRBJ1-5
CASSLYLAPNEKLFF	TRBV7-2	TRBJ1-4
CASSQDHGGGTEAFF	TRBV4-1	TRBJ1-1
CSARGGQLQETQYF	TRBV20-1	TRBJ2-5
CASSIKGYNEQFF	TRBV19	TRBJ2-1
CASSIQTGNSPLHF	TRBV19	TRBJ1-6
CTSSIKGYNEQFF	TRBV7-2	TRBJ2-1
CASSFYPTDEQFF	TRBV5-4	TRBJ2-1
CASSIQTVNSPLHF	TRBV19	TRBJ1-6
CASSQEGGPAEQFF	TRBV4-1	TRBJ2-1
CSAGDWANNEQFF	TRBV29-1	TRBJ2-1
CANSIKGYNEQFF	TRBV19	TRBJ2-1
CASSQDRREQYF	TRBV14	TRBJ2-7
CASSLWSGIADTQYF	TRBV7-2	TRBJ2-3
CASSLWAGGSNEQFF	TRBV7-2	TRBJ2-1
CATSRDRETGGDYGYTF	TRBV15	TRBJ1-2
CATRDRDRENQPQHF	TRBV24-1	TRBJ1-5
CASSLWGGGDREQYF	TRBV7-2	TRBJ2-7
CASSLFSGGEETQYF	TRBV7-2	TRBJ2-5
CASSLWSGRADTQYF	TRBV7-2	TRBJ2-3
CASSLWSGGADTQYF	TRBV7-2	TRBJ2-3
CAGSLWSGIADTQYF	TRBV7-2	TRBJ2-3
CASSLWGGIADTQYF	TRBV7-2	TRBJ2-3
CASSLYSGYDQPQHF	TRBV7-2	TRBJ1-5
CASSLFGSPEQPQHF	TRBV7-2	TRBJ1-5
CASSLYTGSDQPQHF	TRBV7-2	TRBJ1-5
CASQLYSGGDQPQHF	TRBV7-2	TRBJ1-5
CASSLYSGPDQPQHF	TRBV7-2	TRBJ1-5
CASSLWDQETQYF	TRBV7-2	TRBJ2-5
CASSLYTGGDQPQHF	TRBV7-2	TRBJ1-5
CASSLYSGAEQPQHF	TRBV7-2	TRBJ1-5
CASKLYTGGDQPQHF	TRBV7-2	TRBJ1-5
CASSVFGGPDQPQHF	TRBV7-2	TRBJ1-5
CASSLYAGPDQPQHF	TRBV7-2	TRBJ1-5
CASSLFGSPGQPQHF	TRBV7-2	TRBJ1-5
CANSLYTGSDQPQHF	TRBV7-2	TRBJ1-5
CASSLWGGPTNEQYF	TRBV7-2	TRBJ2-7
CASSSVDRSSYEQYF	TRBV7-9	TRBJ2-7
CASSLWGGSSNEQFF	TRBV7-2	TRBJ2-1
CASSLFSGGDQPQHF	TRBV7-2	TRBJ1-5
CASSSVDRNSYEQYF	TRBV7-9	TRBJ2-7
CASSLWGGASNEQYF	TRBV7-2	TRBJ2-7
CASSLWAGGPETQYF	TRBV7-2	TRBJ2-5
CASSLWSGVANKQYF	TRBV7-9	TRBJ2-3
CASSLWAGPSNEQFF	TRBV7-2	TRBJ2-1
CASSQGQSSYEQYF	TRBV3-1	TRBJ2-7
CASSLERSSEQYF	TRBV7-6	TRBJ2-7
CASSQDRGPDTQYF	TRBV4-1	TRBJ2-3
CASSEGRDQETQYF	TRBV16	TRBJ2-5
CSARTYAGGTDTQYF	TRBV20-1	TRBJ2-3
CTSSEGRDQETQYF	TRBV7-2	TRBJ2-5
CAGSEGRDQETQYF	TRBV16	TRBJ2-5
CASSPARGTDTQYF	TRBV7-7	TRBJ2-3
CASSKDRGTDTQYF	TRBV7-3	TRBJ2-3
CSVEDSLVNEQFF	TRBV29-1	TRBJ2-1
CASRGTGESPLHF	TRBV14	TRBJ1-6
CASSLVGPPGELFF	TRBV5-5	TRBJ2-2
CASSRSGLYEQYF	TRBV6-1	TRBJ2-7
CASSSLGPPGEQYF	TRBV5-5	TRBJ2-7
CASSSRDGQEQYF	TRBV7-9	TRBJ2-7
CASSPRDRDFNYGYTF	TRBV7-9	TRBJ1-2
CASSSRGGQEQYF	TRBV7-9	TRBJ2-7
CASSGMNTEAFF	TRBV5-1	TRBJ1-1
CASSHGMGASTSGYTF	TRBV4-1	TRBJ1-2
CASSFPQNTEAFF	TRBV7-9	TRBJ1-1
CASRDGQGHEQYF	TRBV7-9	TRBJ2-7
CASGHGMGASTSGYTF	TRBV4-1	TRBJ1-2
CASSDRQSLVQFF	TRBV7-9	TRBJ2-1
CASSKPLYEQYF	TRBV7-8	TRBJ2-7
CTSSDRQSLVQFF	TRBV7-2	TRBJ2-1
CASEIGNSGQETQYF	TRBV7-9	TRBJ2-5
CASSPIQGSEQYF	TRBV7-9	TRBJ2-7
CASSSKDGQSQYF	TRBV7-9	TRBJ2-3
CASSWTGPPGEQFF	TRBV5-5	TRBJ2-1
CASSPRQGKEQFF	TRBV7-9	TRBJ2-1
CASSLAQSREQYF	TRBV7-9	TRBJ2-7
CASSSRQGKEAFF	TRBV7-9	TRBJ1-1
CASSPRQGHEQYF	TRBV7-9	TRBJ2-7
CASSPRTGGTEAFF	TRBV7-9	TRBJ1-1
CASSSRQSKEAFF	TRBV7-9	TRBJ1-1
CASSSVGPPGELFF	TRBV5-5	TRBJ2-2
CATSRSGLAGKDTQYF	TRBV15	TRBJ2-3
CASSSRQGKEQYF	TRBV7-9	TRBJ2-7
CASSPRQGQEQYF	TRBV7-9	TRBJ2-7
CASSPGQGREQYF	TRBV7-9	TRBJ2-7
CASSPGQGQEQYF	TRBV7-9	TRBJ2-7
CASSLVQSREQYF	TRBV7-9	TRBJ2-7
CASSLVGPPGEAFF	TRBV5-5	TRBJ1-1
CASRDRQSHEQYF	TRBV6-1	TRBJ2-7
CASSFTSGVITGELFF	TRBV7-9	TRBJ2-2
CASSASVIAGKLFF	TRBV6-1	TRBJ1-4
CSARGLGVNTEAFF	TRBV20-1	TRBJ1-1
CASIPNLGNEQFF	TRBV5-5	TRBJ2-1
CASSLWGAKMNTEAFF	TRBV7-8	TRBJ1-1
CASSPRQGKEAFF	TRBV7-9	TRBJ1-1
CASSPRQGLEGANVLTF	TRBV7-9	TRBJ2-6
CASSVSAIYNEQFF	TRBV6-1	TRBJ2-1
CSATDRASGIEQYF	TRBV20-1	TRBJ2-7
CSATSRDSALEQYF	TRBV20-1	TRBJ2-7
CASSQEGWDGRYEQYF	TRBV14	TRBJ2-7
CSATSRQGGLEQYF	TRBV20-1	TRBJ2-7
CASNPVFAAGGETQYF	TRBV6-2	TRBJ2-5
CSATSRDRALEQYF	TRBV20-1	TRBJ2-7
CSATSRASAIEQYF	TRBV20-1	TRBJ2-7
CSATGRESGIEQYF	TRBV20-1	TRBJ2-7
CSATARQGGMEQYF	TRBV20-1	TRBJ2-7
CSAADRASGIEQYF	TRBV20-1	TRBJ2-7
CSARGGTSIFYTF	TRBV20-1	TRBJ1-2
CSATDRDGGLEQYF	TRBV20-1	TRBJ2-7
CASSLGPVEAFF	TRBV7-9	TRBJ1-1
CSATSRDRGLEQYF	TRBV20-1	TRBJ2-7
CASSQENRQGRYEQYF	TRBV14	TRBJ2-7
CASRRDRDMNTEAFF	TRBV7-2	TRBJ1-1
CSATHRDRGLEQYF	TRBV20-1	TRBJ2-7
CSATDRDGGPEQYF	TRBV20-1	TRBJ2-7
CSARRFPEAFF	TRBV20-1	TRBJ1-1
CASSLSRTGFYEQYF	TRBV5-5	TRBJ2-7
CASSLGADQPQHF	TRBV27	TRBJ1-5
CASGAAMNTEAFF	TRBV9	TRBJ1-1
CASSLGPAAGYTF	TRBV6-2	TRBJ1-2
CASRRGSTYNEQFF	TRBV6-2	TRBJ2-1
CASSLGPTVQGNYGYTF	TRBV7-9	TRBJ1-2
CASRPPDTGELFF	TRBV7-3	TRBJ2-2
CSATSRDGDNEQFF	TRBV20-1	TRBJ2-1
CASSLGPLTGLGPEAFF	TRBV7-9	TRBJ1-1
CASGLGPLTGLGPEAFF	TRBV12-5	TRBJ1-1
CASSLAGQGNGYTF	TRBV7-8	TRBJ1-2
CASRSPDTGELFF	TRBV7-3	TRBJ2-2
CASSLGPRYEQYF	TRBV7-9	TRBJ2-7
CASSFTRQSPYNEQFF	TRBV5-5	TRBJ2-1
CASSSTRQSPYNEQFF	TRBV5-5	TRBJ2-1
CASSQDRTSGNTIYF	TRBV3-1	TRBJ1-3
CSATRRDRGLEQYF	TRBV20-1	TRBJ2-7
CASSTTTGNTEAFF	TRBV7-9	TRBJ1-1
CASSRGNTIYF	TRBV2	TRBJ1-3
CASSLGPTVPGNTIYF	TRBV7-9	TRBJ1-3
CSATSRQGGREQYF	TRBV20-1	TRBJ2-7
CASSSFRDGGTDTQYF	TRBV5-1	TRBJ2-3
CASRGGPLTEAFF	TRBV7-9	TRBJ1-1
CASSLGPTVPGNAIYF	TRBV7-9	TRBJ1-3
CSATSRRGGREQYF	TRBV20-1	TRBJ2-7
CSATNRDRGLEQYF	TRBV20-1	TRBJ2-7
CASSFDKGYEQYF	TRBV7-2	TRBJ2-7
CATRGRGSEETQYF	TRBV24-1	TRBJ2-5
CASSSTWGTGELFF	TRBV11-3	TRBJ2-2
CASSLGPAIPGNTIYF	TRBV7-9	TRBJ1-3
CASRGADTGELFF	TRBV7-3	TRBJ2-2
CSATSRAGDNEQFF	TRBV20-1	TRBJ2-1
CASGLAVPVDGYTF	TRBV12-5	TRBJ1-2
CASTLDRLAFF	TRBV6-1	TRBJ1-1
CASSPRGGGETQYF	TRBV5-4	TRBJ2-5
CASSQRGADTEAFF	TRBV14	TRBJ1-1
CASRLLGPSTFFYGYTF	TRBV7-9	TRBJ1-2
CASSVVGGGAADTQYF	TRBV9	TRBJ2-3
CATSERGGMETQYF	TRBV15	TRBJ2-5
CASSVSGGQVTDTQYF	TRBV9	TRBJ2-3
CASSQDRATQETQYF	TRBV4-1	TRBJ2-5
CASSQYRATQETQYF	TRBV4-3	TRBJ2-5
CASYRSDRPTEAFF	TRBV14	TRBJ1-1
CASRKGIQETQYF	TRBV27	TRBJ2-5
CASSQEGRRDTQYF	TRBV4-3	TRBJ2-3
CASSPPIPGTADTIYF	TRBV7-9	TRBJ1-3
CASSESGRGDTQYF	TRBV10-2	TRBJ2-3
CASTTAADTQYF	TRBV7-9	TRBJ2-3
CASSVAGGQVTDTQYF	TRBV9	TRBJ2-3
CASSQAASGNTIYF	TRBV14	TRBJ1-3
CASSTFGATQETQYF	TRBV5-1	TRBJ2-5
CASSTFGATQEIQYF	TRBV5-1	TRBJ2-4
CASSLSRQGTGELFF	TRBV27	TRBJ2-2
CASSYYSGGSSYNEQFF	TRBV6-2	TRBJ2-1
CASSYSRTDLKNIQYF	TRBV6-2	TRBJ2-4
CSVKLTEFGYTF	TRBV29-1	TRBJ1-2
CASMGLVGGTDTQYF	TRBV19	TRBJ2-3
CASSYSRAPKLENIQYF	TRBV6-2	TRBJ2-4
CASSQFTGTQETQYF	TRBV4-3	TRBJ2-5
CASSYYSGGTTYNEQFF	TRBV6-2	TRBJ2-1
CASSPVGRGTEAFF	TRBV4-3	TRBJ1-1
CASSPRGTRTDTQYF	TRBV5-1	TRBJ2-3
CASRRGFHQPQHF	TRBV27	TRBJ1-5
CSAPEPTSGRWSGELFF	TRBV20-1	TRBJ2-2
CASSLSPTEAFF	TRBV14	TRBJ1-1
CASSGRDTSTDTQYF	TRBV6-1	TRBJ2-3
CASSPRETRTDTQYF	TRBV5-1	TRBJ2-3
CATSPRGGAVEQFF	TRBV15	TRBJ2-1
CASSLASDTQYF	TRBV7-9	TRBJ2-3
CASSRQGGQTTDTQYF	TRBV9	TRBJ2-3
CASSLPPGGGVYGYTF	TRBV7-9	TRBJ1-2
CASSVGPGQEIHTDTQYF	TRBV9	TRBJ2-3
CSARITTGGDGYTF	TRBV20-1	TRBJ1-2
CASSQVGADTEAFF	TRBV14	TRBJ1-1
CASSVWGDPSYEQYF	TRBV9	TRBJ2-7
CASSPNTIANEQFF	TRBV5-1	TRBJ2-1
CASRPIGGAQETQYF	TRBV5-1	TRBJ2-5
CASSQEGGGDGQPPHF	TRBV4-1	TRBJ1-5
CASSQDRLVNADTQYF	TRBV4-2	TRBJ2-3
CASSLAGDRGNYGYTF	TRBV27	TRBJ1-2
CASRRQGALNTEAFF	TRBV27	TRBJ1-1
CASSQDRVVGADTQYF	TRBV4-2	TRBJ2-3
CASSQDPFSVGELFF	TRBV4-2	TRBJ2-2
CASSTPGEGGEQFF	TRBV2	TRBJ2-1
CASSDRTGGGETQYF	TRBV28	TRBJ2-5
CASSLEHEQYF	TRBV11-2	TRBJ2-7
CASSLFGGSGNTIYF	TRBV27	TRBJ1-3
CASSYGMGVGDRDTQYF	TRBV6-5	TRBJ2-3
CASSRTAGTYYNEQFF	TRBV27	TRBJ2-1
CASSLPTENTDTQYF	TRBV5-5	TRBJ2-3
CASSASTGGGYTF	TRBV12-4	TRBJ1-2
CASSFLAGGITDTQYF	TRBV5-1	TRBJ2-3
CASSLGAGRTEAFF	TRBV11-2	TRBJ1-1
CSAVPVSGVDEQFF	TRBV20-1	TRBJ2-1
CASSLERSNTEAFF	TRBV19	TRBJ1-1
CASSQEGAGITEAFF	TRBV4-3	TRBJ1-1
CASSEYRGKNTEAFF	TRBV25-1	TRBJ1-1
CASSGWTLRIYEQYF	TRBV10-1	TRBJ2-7
CAISEPGQQLYGYTF	TRBV10-3	TRBJ1-2
CASSVGVETGEQYF	TRBV9	TRBJ2-7
CASSQDRETQYF	TRBV14	TRBJ2-5
CATSDPIRASSHEQFF	TRBV24-1	TRBJ2-1
CATNDPIRASSHEQFF	TRBV24-1	TRBJ2-1
CATSDPIRASSHGQFF	TRBV24-1	TRBJ2-1
CASSPNGDRVFDQPQHF	TRBV27	TRBJ1-5
CASSENSLGRGLVKTQYF	TRBV2	TRBJ2-5
CASSPPMGRAEGYTF	TRBV2	TRBJ1-2
CASSFLRLAGGRDEQFF	TRBV7-9	TRBJ2-1
CASSLLDGTRETQYF	TRBV7-8	TRBJ2-5
CASSVAGDDRETQYF	TRBV9	TRBJ2-5
CASSVVGDGRETQYF	TRBV9	TRBJ2-5
CASSEGQGTTYEQYF	TRBV9	TRBJ2-7
CASSEAATGRGNQPQHF	TRBV2	TRBJ1-5
CASSVLHGRQETQYF	TRBV9	TRBJ2-5
CASSPLAVGKETQYF	TRBV2	TRBJ2-5
CASSLSGRGATEAFF	TRBV27	TRBJ1-1
CASSLMDRTEAFF	TRBV7-3	TRBJ1-1
CAITDGNGPRIGYTF	TRBV10-3	TRBJ1-2
CSVGAGLTWANYGYTF	TRBV29-1	TRBJ1-2
CASSVVGGGRTDTQYF	TRBV9	TRBJ2-3
CASSWDTSRTEAFF	TRBV6-2	TRBJ1-1
CASRTTSGGTDTQYF	TRBV11-2	TRBJ2-3
CSARDSRLEWDTQYF	TRBV20-1	TRBJ2-3
CASSVVGDTRETQYF	TRBV9	TRBJ2-5
CASSVVGDSYNEQFF	TRBV9	TRBJ2-1
CASSVVGDLRETQYF	TRBV9	TRBJ2-5
CASSVASYNSPLHF	TRBV9	TRBJ1-6
CASSLDSRGAFF	TRBV12-4	TRBJ1-1
CASSLPSQGRTEAFF	TRBV7-2	TRBJ1-1
CASSARDTLRGTGELFF	TRBV13	TRBJ2-2
CASSPSGQGARTGELFF	TRBV18	TRBJ2-2
CASSPAGSYTEAFF	TRBV4-1	TRBJ1-1
CASSLTAGARVWQFF	TRBV7-2	TRBJ2-1
CSVRQGYEQYF	TRBV29-1	TRBJ2-7
CASSVLGGNYGYTF	TRBV9	TRBJ1-2
CASSYLWGQYEQYF	TRBV6-2	TRBJ2-7
CASSFLEDGYTF	TRBV12-3	TRBJ1-2
CASRGLAGGDTQYF	TRBV11-2	TRBJ2-3
CASSPRRGGPLQETQYF	TRBV9	TRBJ2-5
CASSFLPSYEQYF	TRBV5-1	TRBJ2-7
CAISADRVGYEQYF	TRBV10-3	TRBJ2-7
CASSSGTGVPYTF	TRBV2	TRBJ1-2
CASSELGNPNYGYTF	TRBV2	TRBJ1-2
CASSQEYRATTDTQYF	TRBV4-3	TRBJ2-3
CASSRLAGGTDTQYF	TRBV7-3	TRBJ2-3
CASSVLGGRTGELFF	TRBV9	TRBJ2-2
CASSEVGSKSRQGAYEQYF	TRBV2	TRBJ2-7
CASSTPGRRTSNQPQHF	TRBV9	TRBJ1-5
CASSLNGFRGDTEAFF	TRBV5-1	TRBJ1-1
CASSQDRRDTYTYEQYF	TRBV4-1	TRBJ2-7
CASSVDAGGELFF	TRBV9	TRBJ2-2
CASSFQGERTEAFF	TRBV7-8	TRBJ1-1
CASSLLGNTGELFF	TRBV7-8	TRBJ2-2
CASSQDRRKQFF	TRBV14	TRBJ2-1
CASSPLDGFRDEQFF	TRBV6-1	TRBJ2-1
CASSSGPTRPQETQYF	TRBV12-4	TRBJ2-5
CASSESILSYEQYF	TRBV10-2	TRBJ2-7
CASSQEAGDSPQSTDTQYF	TRBV3-1	TRBJ2-3
CASSPFTGVGQPQHF	TRBV9	TRBJ1-5
CASSQTSASEQYF	TRBV4-1	TRBJ2-7
CASSQWDTGNEQFF	TRBV4-1	TRBJ2-1
CASRNRAAGRFRETQYF	TRBV3-1	TRBJ2-5
CASSSAPDGRNTGELFF	TRBV5-1	TRBJ2-2
CASSPWDTRGEKLFF	TRBV12-3	TRBJ1-4
CSARQGGNYEQYF	TRBV20-1	TRBJ2-7
CASSLAPYSNYEQYF	TRBV7-9	TRBJ2-7
CASSFQGNYEQYF	TRBV11-2	TRBJ2-7
CSVDRGPTGELFF	TRBV20-1	TRBJ2-2
CASSFLFRGRAGETQYF	TRBV28	TRBJ2-5
CASSDSTGDSGANVLTF	TRBV28	TRBJ2-6
CASSLDRETQYF	TRBV14	TRBJ2-3
CASSLIPGNQPQHF	TRBV7-2	TRBJ1-5
CASGLGRNQPQHF	TRBV12-5	TRBJ1-5
CASSLDDGRRPLHF	TRBV7-8	TRBJ1-6
CASSLPGQGRTEAFF	TRBV7-2	TRBJ1-1
CASSFTGTGARTDTQYF	TRBV27	TRBJ2-3
CASSEASPGRSYGYTF	TRBV2	TRBJ1-2
CASSMLDGGRDEQFF	TRBV7-8	TRBJ2-1
CSARWDYEQYF	TRBV20-1	TRBJ2-7
CASSPLTSGGARDTQYF	TRBV5-1	TRBJ2-3
CASSPTGTGVRNTEAFF	TRBV27	TRBJ1-1
CSARYSYEQYF	TRBV20-1	TRBJ2-7
CASSLYPGVTEAFF	TRBV27	TRBJ1-1
CSARENYEQYF	TRBV20-1	TRBJ2-7
CASSGRLGLGTEAFF	TRBV6-1	TRBJ1-1
CASSGSGGRTTEAFF	TRBV6-2	TRBJ1-1
CASSLLDGTRDEQYF	TRBV7-8	TRBJ2-7
CASSQSPTRLAGTPHNEQFF	TRBV16	TRBJ2-1
CASSLDLNRERTGELFF	TRBV5-5	TRBJ2-2
CASGGQGDRQPQHF	TRBV2	TRBJ1-5
CASSLVEIRNEQFF	TRBV7-8	TRBJ2-1
CASSYEVRTEAFF	TRBV6-5	TRBJ1-1
CASSISERESYEQYF	TRBV2	TRBJ2-7
CASSEILLRGAETQYF	TRBV6-1	TRBJ2-5
CASSLVGDARETQYF	TRBV9	TRBJ2-5
CASSPGVSQPQHF	TRBV14	TRBJ1-5
CASSLQGERTEAFF	TRBV7-8	TRBJ1-1
CASSLLNGQSSGNTIYF	TRBV7-8	TRBJ1-3
CASSLLDAMRNEQFF	TRBV7-8	TRBJ2-1
CASSVLAGLGNEQFF	TRBV2	TRBJ2-1
CASSVLAGHGNGQFF	TRBV2	TRBJ2-1
CASSLLAGLTDTQYF	TRBV11-2	TRBJ2-3
CASSLLAGLADTQYF	TRBV11-2	TRBJ2-3
CASSHSPGTSGSPGVTQYF	TRBV14	TRBJ2-5
CASSQGQGIALYGYTF	TRBV27	TRBJ1-2
CASSPNSGRVTGELFF	TRBV4-3	TRBJ2-2
CASSLGQGLVLSGYTF	TRBV27	TRBJ1-2
CASSELAGLGDTQYF	TRBV2	TRBJ2-3
CSARDRGRALNEQFF	TRBV20-1	TRBJ2-1
CASSFLHPSTEAFF	TRBV27	TRBJ1-1
CASRDFPSGGSYEQYF	TRBV6-1	TRBJ2-7
CASTYTGGAGGELFF	TRBV12-3	TRBJ2-2
CSAKDRLAYSYEQYF	TRBV20-1	TRBJ2-7
CASRYLRGEGAHPSNTEAFF	TRBV6-2	TRBJ1-1
CASSTLASGRYEQYF	TRBV9	TRBJ2-7
CASSPIEGLAKNIQYF	TRBV7-8	TRBJ2-4
CASSLMESVWVEQFF	TRBV9	TRBJ2-1
CASSEFGQGFYEQYF	TRBV6-1	TRBJ2-7
CASSQWGLPTDTQYF	TRBV3-1	TRBJ2-3
CASSEFPAGVYEQFF	TRBV6-1	TRBJ2-1
CASSLGQGTTYEQYF	TRBV9	TRBJ2-7
CASSPGEGGRYEQYF	TRBV9	TRBJ2-7
CASSLGDLYTGELFF	TRBV7-9	TRBJ2-2
CASSYLAGQGAPYSNQPQHF	TRBV6-2	TRBJ1-5
CASSDSGAGTPNGYTF	TRBV6-4	TRBJ1-2
CASSFTGENSPLHF	TRBV12-3	TRBJ1-6
CSVWTGEKHEAFF	TRBV29-1	TRBJ1-1
CASRVGQGVVGELFF	TRBV27	TRBJ2-2
CASGVLREAFF	TRBV25-1	TRBJ1-1
CASSLDHQAGHEQYF	TRBV11-2	TRBJ2-7
CASRVGQGVVGGLFF	TRBV27	TRBJ2-2
CSVYREIPEAFF	TRBV20-1	TRBJ1-1
CASSYQTGTGTYGYTF	TRBV6-5	TRBJ1-2
CASSLLDRVREDTQYF	TRBV28	TRBJ2-3
CSARDHLRANEKLFF	TRBV20-1	TRBJ1-4
CAWSSRDRVLGQSEQYF	TRBV30	TRBJ2-7
CASSLYSIGSGNTIYF	TRBV5-1	TRBJ1-3
CASSYQTGTGTYDHTF	TRBV6-5	TRBJ1-2
CASSELAGLGTEAFF	TRBV2	TRBJ1-1
CASSWGIGSQQETQYF	TRBV5-6	TRBJ2-5
CASSFTTSGTIPNEQFF	TRBV11-2	TRBJ2-1
CASSPRDRRTWNEQFF	TRBV28	TRBJ2-1
CASGIGQGIALRELFF	TRBV27	TRBJ1-4
CASSEFGAGVYEQYF	TRBV2	TRBJ2-7
CTSSAGTGSAQETQYF	TRBV7-2	TRBJ2-5
CASSLLAGLSYNEQFF	TRBV7-9	TRBJ2-1
CSARDFLADSTDTQYF	TRBV20-1	TRBJ2-3
CASRSTSGDRDTQYF	TRBV6-6	TRBJ2-3
CASSLIPGITGELFF	TRBV11-2	TRBJ2-2
CASSQGSGLLPGEQFF	TRBV7-9	TRBJ2-1
CASSSRGVRSLDTQYF	TRBV7-2	TRBJ2-3
CASSLPTALTGELFF	TRBV5-4	TRBJ2-2
CASSLLGSTDTQYF	TRBV7-3	TRBJ2-3
CASSLIDGARDEQFF	TRBV7-3	TRBJ2-1
CASSLSRDRNEQFF	TRBV27	TRBJ2-1
CSGGPLETQYF	TRBV29-1	TRBJ2-5
CASSVGGDARETQYF	TRBV9	TRBJ2-5
CASSASTKDTQYF	TRBV2	TRBJ2-3
CASSKEHRGTEDYEQYF	TRBV19	TRBJ2-7
CASSFLTRQPQHF	TRBV12-4	TRBJ1-5
CASSLGTEWGYDNTQYF	TRBV12-4	TRBJ2-3
CASSYQPGGSGELFF	TRBV28	TRBJ2-2
CASSLPPPGIKGELFF	TRBV28	TRBJ2-2
CASSTLPGTPRNEQYF	TRBV7-8	TRBJ2-7
CASSQEPAQSSYEQYF	TRBV4-1	TRBJ2-7
CASSPGRTSHEQFF	TRBV4-3	TRBJ2-1
CASSWDRNEQFF	TRBV7-9	TRBJ2-1
CASSQGAGGIEQFF	TRBV4-3	TRBJ2-1
CSAREEARGYGYTF	TRBV20-1	TRBJ1-2
CASSGGTGVFYEQYF	TRBV7-9	TRBJ2-7
CASLGGDPNYGYTF	TRBV27	TRBJ1-2
CASSRVTGELFF	TRBV27	TRBJ2-2
CASSSTRNGEQFF	TRBV10-1	TRBJ2-1
CAWRRSSTEAFF	TRBV30	TRBJ1-1
CASRITGWSGVNTEAFF	TRBV27	TRBJ1-1
CSARDRPESGYTF	TRBV20-1	TRBJ1-2
CASSPGTSSSYNEQFF	TRBV4-3	TRBJ2-1
CASSQEFLAVEQFF	TRBV14	TRBJ2-1
CASSAQTGELFF	TRBV27	TRBJ2-2
CASSPGLLSNEQYF	TRBV4-3	TRBJ2-7
CATSMGQTTYEQYF	TRBV15	TRBJ2-7
CASSQGRGDYGYTF	TRBV4-3	TRBJ1-2
CASSPGQFSHEQYF	TRBV6-1	TRBJ2-7
CAGSVVSDNEQFF	TRBV9	TRBJ2-1
CASSQEWSYEQYF	TRBV3-1	TRBJ2-7
CASTVARDGGELFF	TRBV28	TRBJ2-2
CASSYGLNTEAFF	TRBV12-3	TRBJ1-1
CASSALSGRVSTDTQYF	TRBV9	TRBJ2-3
CASSPAGVGETQYF	TRBV5-1	TRBJ2-5
CASSISGIGTGELFF	TRBV19	TRBJ2-2
CASSVDGFLVGYNEQFF	TRBV9	TRBJ2-1
CASSRAGADYNEQFF	TRBV7-9	TRBJ2-1
CSGPGPVLLGDQPQHF	TRBV29-1	TRBJ1-5
CASSLGTGGNQPQHF	TRBV7-6	TRBJ1-5
CASSLGLIYEQYF	TRBV5-1	TRBJ2-7
CASRNRPGQASYEQYF	TRBV6-5	TRBJ2-7
CASSQGSGILDSPLHF	TRBV7-6	TRBJ1-6
CASSSLGGGRGINSPLHF	TRBV7-2	TRBJ1-6
CASSQGLGQGSYEQYF	TRBV4-3	TRBJ2-7
CASSLAPGTSGSPYNEQFF	TRBV7-9	TRBJ2-1
CATKGTGLYNEQFF	TRBV24-1	TRBJ2-1
CASSPTSGIYEQYF	TRBV4-1	TRBJ2-7
CASSSWDTGELFF	TRBV7-9	TRBJ2-2
CASREGLGGTEAFF	TRBV6-5	TRBJ1-1
CAWSVSVGAGVPTIYF	TRBV30	TRBJ1-3
CASSDTVSYEQYF	TRBV5-6	TRBJ2-7
CASRTRGGTLIEQYF	TRBV6-1	TRBJ2-7
CASSFRGGKTQYF	TRBV5-4	TRBJ2-5
CASSLGIDAIYF	TRBV12-3	TRBJ1-3
CASSLGREYGYTF	TRBV7-9	TRBJ1-2
CASSYLPGQGDHYSNQPQHF	TRBV13	TRBJ1-5
CASSFEAGQGFFSNQPQHF	TRBV13	TRBJ1-5
CASSFEPGQGFYSNQPQHF	TRBV13	TRBJ1-5
CASSYEPGQVSHYSNQPQHF	TRBV13	TRBJ1-5
CASSALASLNEQFF	TRBV14	TRBJ2-1
CASSERDSQYQETQYF	TRBV9	TRBJ2-5
CASSARAFPEGNQPQHF	TRBV9	TRBJ1-5
CASSYSGQGAAGELFF	TRBV7-9	TRBJ2-2
CASSPVLYEQYF	TRBV14	TRBJ2-7
CASGEVGELFF	TRBV6-2	TRBJ2-2
CASRETGWGNQPQHF	TRBV27	TRBJ1-5
CASSETNRVEMEAFF	TRBV10-2	TRBJ1-1
CATSAGRQRDTGELFF	TRBV24-1	TRBJ2-2
CASSKYNEQFF	TRBV19	TRBJ2-1
CASSPPGQVGANVLTF	TRBV7-9	TRBJ2-6
CASRDSIQFSSNQPQHF	TRBV10-1	TRBJ1-5
CSARGAGGFTHYEQYF	TRBV20-1	TRBJ2-7
CASSLVGFANTGELFF	TRBV7-9	TRBJ2-2
CASSSSGRGLGIQYF	TRBV27	TRBJ2-4
CASSVSGFSTDTQYF	TRBV19	TRBJ2-3
CSVLKVGTSGFNEQFF	TRBV29-1	TRBJ2-1
CSVPKVGTSGFNEQFF	TRBV29-1	TRBJ2-1
CSVPKTGTSGFNEQFF	TRBV29-1	TRBJ2-1
CSVVAGGPGDTQYF	TRBV29-1	TRBJ2-3
