CASSTIEGQGGRHTQYF	TRBV9	TRBJ2-3
CASSRELTGTDSYEQYF	TRBV6-5	TRBJ2-7
CASSIPTVSVGAQHF	TRBV19	TRBJ1-5
CASRIDSNQPQHF	TRBV19	TRBJ1-5
CSVGEGNQPQHF	TRBV29-1	TRBJ1-5
CASSGFDGSNQPQHF	TRBV19	TRBJ1-5
CASSGRSNQPQHF	TRBV19	TRBJ1-5
CASSIFSGSYNEQFF	TRBV19	TRBJ2-1
CASGMTGLTSEQYF	TRBV6-3	TRBJ2-7
CASSFGQGGEKLFF	TRBV27	TRBJ1-4
CASSIGWHGYTF	TRBV19	TRBJ1-2
CAWGLTGGWNEQFF	TRBV30	TRBJ2-1
CASSIVGSGANVLTF	TRBV19	TRBJ2-6
CASSIGGRDIQYF	TRBV19	TRBJ2-4
CASSMFGVAGYTF	TRBV19	TRBJ1-2
CASSIFHQKEAFF	TRBV19	TRBJ1-1
CASSMRATGELFF	TRBV19	TRBJ2-2
CSVEQGAIGYTF	TRBV29-1	TRBJ1-2
CASSFSGNTGELFF	TRBV12-3	TRBJ2-2
CASSLGGVGYTEAFF	TRBV11-2	TRBJ1-1
CSAGLPSREMAGELFF	TRBV20-1	TRBJ2-2
CASSDLSTDTQYF	TRBV19	TRBJ2-3
CASSIVGVSEQYF	TRBV19	TRBJ2-7
CASSVRSGETQYF	TRBV19	TRBJ2-5
CATSDFEVAGSSYNEQFF	TRBV24-1	TRBJ2-1
CASSERSNQPQHF	TRBV19	TRBJ1-5
CASSLLAGAGELFF	TRBV28	TRBJ2-2
CASSFKDNGETQYF	TRBV28	TRBJ2-5
CASSNHAGAAQYF	TRBV19	TRBJ2-7
CASSYSSSYNEQFF	TRBV12-3	TRBJ2-1
CASSIFGQVDAFF	TRBV19	TRBJ1-1
CSVASGTGTNTEAFF	TRBV29-1	TRBJ1-1
CASSITPNTEAFF	TRBV19	TRBJ1-1
CASSLGSSNQPQHF	TRBV6-1	TRBJ1-5
CASSGTSGSTDTQYF	TRBV6-4	TRBJ2-3
CASSMAAGGELFF	TRBV19	TRBJ2-2
CASSYSSALSNQPQHF	TRBV6-2	TRBJ1-5
CASSIISGDTQYF	TRBV19	TRBJ2-3
CASSLTFTGDLNQPQHF	TRBV18	TRBJ1-5
CASSALQGPSQPQHF	TRBV7-8	TRBJ1-5
CACSQGSYGYTF	TRBV19	TRBJ1-2
CASSFRDRGLGEQFF	TRBV9	TRBJ2-1
CSARDTTNSYYTDTQYF	TRBV20-1	TRBJ2-3
CASSSGQGAYEQYF	TRBV4-3	TRBJ2-7
CASSMYAGYNEQFF	TRBV19	TRBJ2-1
CASSSLGAREQFF	TRBV6-5	TRBJ2-1
CASSLFPEDSYNEQFF	TRBV27	TRBJ2-1
CASSVRSRYEQYF	TRBV19	TRBJ2-7
CASSMVGGPGNEQFF	TRBV19	TRBJ2-1
CASSDGTGGILYEQYF	TRBV6-1	TRBJ2-7
CASSPHRDFYTDTQYF	TRBV2	TRBJ2-3
CASSAPSHSTDTQYF	TRBV9	TRBJ2-3
CASSARASDTQYF	TRBV19	TRBJ2-3
CASSTVDRSEHMNTEAFF	TRBV19	TRBJ1-1
CSVEGPMSYEQYF	TRBV29-1	TRBJ2-7
CASSDLDSNQPQHF	TRBV6-1	TRBJ1-5
CASSTRASYEQYF	TRBV19	TRBJ2-7
CASSLVSSRHEQFF	TRBV5-6	TRBJ2-1
CASSSRTGGEQYF	TRBV7-9	TRBJ2-7
CASSWHLKETQYF	TRBV19	TRBJ2-5
CASSYSGDYNEQFF	TRBV6-5	TRBJ2-1
CASSSRSQYEQYF	TRBV19	TRBJ2-7
CASSHFPPPYEQYF	TRBV27	TRBJ2-7
CASSYNRDRETSNEKLFF	TRBV6-2	TRBJ1-4
CASTGAGELFF	TRBV12-3	TRBJ2-2
CSVGSIYGYTF	TRBV29-1	TRBJ1-2
CASSSRSSGEQFF	TRBV19	TRBJ2-1
CASSPGAVSSTDTQYF	TRBV7-8	TRBJ2-3
CASSIVGGVEAFF	TRBV19	TRBJ1-1
CASSIRSGYEQFF	TRBV19	TRBJ2-1
CASSSSAGERETQYF	TRBV11-2	TRBJ2-5
CASSLRAGDNEQFF	TRBV19	TRBJ2-1
CASSTYITTEAFF	TRBV19	TRBJ1-1
CASSGRSGNTIYF	TRBV19	TRBJ1-3
CASSISSTGELFF	TRBV19	TRBJ2-2
CASSMMSGTEAFF	TRBV19	TRBJ1-1
CSVEDRSYFAGYTF	TRBV29-1	TRBJ1-2
CAWSVSSYEQYF	TRBV30	TRBJ2-7
CASPPRDEQYF	TRBV27	TRBJ2-7
CASSQERAGQETQYF	TRBV4-1	TRBJ2-5
CASSQDGFGLFNEQFF	TRBV4-1	TRBJ2-1
CASSLISASGGIKNIQYF	TRBV11-2	TRBJ2-4
CASSFGVYEQYF	TRBV12-3	TRBJ2-7
CASSQVGPNEKLFF	TRBV4-1	TRBJ1-4
CASSATVNTEAFF	TRBV19	TRBJ1-1
CASSVVEGFTDTQYF	TRBV9	TRBJ2-3
CASSLTGVGEQYF	TRBV18	TRBJ2-7
CASRLVQGRAFYEQYF	TRBV7-9	TRBJ2-7
CASSVDSPGTEAFF	TRBV19	TRBJ1-1
CASSHTGPGYGYTF	TRBV19	TRBJ1-2
CASSTFSSGRTEAFF	TRBV19	TRBJ1-1
CASSISTTGEQFF	TRBV19	TRBJ2-1
CASSGPTNTGELFF	TRBV5-6	TRBJ2-2
CASSQAGGAGRNTGELFF	TRBV4-3	TRBJ2-2
CASSPRSTDTQYF	TRBV19	TRBJ2-3
CAWSLNGDEQYF	TRBV30	TRBJ2-7
CASSIRAAETQYF	TRBV19	TRBJ2-5
CASSLFAGGPVEQYF	TRBV7-8	TRBJ2-7
CASSTRAAGELFF	TRBV19	TRBJ2-2
CASGNKDIHNEQFF	TRBV12-5	TRBJ2-1
CASSPVGGEQFF	TRBV5-1	TRBJ2-1
CASSQDPAGSITDTQYF	TRBV4-3	TRBJ2-3
CAWSSGAGRDEQFF	TRBV30	TRBJ2-1
CASRQGTGSGAFF	TRBV27	TRBJ1-1
CARALFGNTIYF	TRBV27	TRBJ1-3
CASSPLFGGHQPQHF	TRBV19	TRBJ1-5
CASSPTGSVAEQYF	TRBV18	TRBJ2-7
CASERANTGELFF	TRBV9	TRBJ2-2
CATSDPTGEDTQYF	TRBV24-1	TRBJ2-3
CASSIRSEETQYF	TRBV19	TRBJ2-5
CASSPLWNTGELFF	TRBV18	TRBJ2-2
CASSIHTANQPQHF	TRBV19	TRBJ1-5
CASSTYANTEAFF	TRBV19	TRBJ1-1
CASSLGGYGYTF	TRBV27	TRBJ1-2
CAWSVLGSTDTQYF	TRBV30	TRBJ2-3
CASSYGQGAHTEAFF	TRBV6-5	TRBJ1-1
CASRIRAAETQYF	TRBV19	TRBJ2-5
CASSTDSYEQYF	TRBV19	TRBJ2-7
CASSMTSGSEQYF	TRBV19	TRBJ2-7
CAWSVHGVPGYTF	TRBV30	TRBJ1-2
CASSLVGLSYEQYF	TRBV5-1	TRBJ2-7
CSARVWDSYEQYF	TRBV20-1	TRBJ2-7
CASSEAGGPGYEQYF	TRBV6-1	TRBJ2-7
CASSQGPQVRGADTQYF	TRBV4-3	TRBJ2-3
CASSLLGTSGPRETQYF	TRBV27	TRBJ2-5
CAWMGAGQRNTIYF	TRBV30	TRBJ1-3
CASNRREHDEQFF	TRBV19	TRBJ2-1
CSGAGVVAGGFNTGELFF	TRBV29-1	TRBJ2-2
CSATRLAGGPTDTQYF	TRBV20-1	TRBJ2-3
CASSQDLTSEAFF	TRBV4-3	TRBJ1-1
CASYDFTEAFF	TRBV19	TRBJ1-1
CSARDQGSEQYF	TRBV20-1	TRBJ2-7
CASSIRAHYGYTF	TRBV19	TRBJ1-2
CASNQDPGGQETQYF	TRBV4-1	TRBJ2-5
CASSLDYRGVGYGYTF	TRBV12-3	TRBJ1-2
CASSSLGGWTEAFF	TRBV27	TRBJ1-1
CASSPVGTGELFF	TRBV18	TRBJ2-2
CASSLERGLTRETQYF	TRBV5-6	TRBJ2-5
CASSLVDRSITDTQYF	TRBV11-3	TRBJ2-3
CASSLETSDGETQYF	TRBV7-9	TRBJ2-5
CASSQRSTDTQYF	TRBV19	TRBJ2-3
CASSFRAGETQYF	TRBV19	TRBJ2-5
CASSLGSGGPDEQYF	TRBV5-4	TRBJ2-7
CASSSRPGELFF	TRBV6-5	TRBJ2-2
CASSSRSGETQYF	TRBV19	TRBJ2-5
CASSYGGGYEQYF	TRBV6-5	TRBJ2-7
CASSVGLGQPQHF	TRBV19	TRBJ1-5
CASSIRSGEEQYF	TRBV19	TRBJ2-7
CASSRLSNQPQHF	TRBV19	TRBJ1-5
CSARTGGMFYNEQFF	TRBV20-1	TRBJ2-1
CASSSGGSNTGELFF	TRBV9	TRBJ2-2
CASSPRAAGELFF	TRBV19	TRBJ2-2
CASSKSASYEQYF	TRBV19	TRBJ2-7
CASSLGGGDNEQFF	TRBV7-3	TRBJ2-1
CASSIRNSYNEQFF	TRBV19	TRBJ2-1
CASSFHGLAGEETQYF	TRBV6-2	TRBJ2-5
CSVGGTSGISSYEQYF	TRBV29-1	TRBJ2-7
CASSPHEAAEQYF	TRBV19	TRBJ2-7
CAWSDIWENYNSPLHF	TRBV30	TRBJ1-6
CASSRTSTDTQYF	TRBV19	TRBJ2-3
CASSPRDRGHSYNEQFF	TRBV6-2	TRBJ2-1
CASSQGLNTGELFF	TRBV14	TRBJ2-2
CASSWTVNYGYTF	TRBV19	TRBJ1-2
CASSMRSGIEQYF	TRBV19	TRBJ2-7
CASSIRSNNEQFF	TRBV19	TRBJ2-1
CASSAHGADTQYF	TRBV19	TRBJ2-3
CASSMYNSGANVLTF	TRBV19	TRBJ2-6
CASSMGNYGYTF	TRBV19	TRBJ1-2
CASSVDGDTSTDTQYF	TRBV9	TRBJ2-3
CASSYGTGSSEQYF	TRBV6-5	TRBJ2-7
CASSPPSGSAYNEQFF	TRBV9	TRBJ2-1
CASSSHGGGEQYF	TRBV19	TRBJ2-7
CASSIYGNTGELFF	TRBV19	TRBJ2-2
CASSMRSGAVTQYF	TRBV19	TRBJ2-3
CAISDGDSTYGYTF	TRBV10-3	TRBJ1-2
CASSPRSGSTEAFF	TRBV19	TRBJ1-1
CASSYSNRGWDTEAFF	TRBV6-5	TRBJ1-1
CASSQDDGTFSYNEQFF	TRBV4-3	TRBJ2-1
CASSYGMGTGELFF	TRBV6-5	TRBJ2-2
CASSLGTGGGYTF	TRBV11-2	TRBJ1-2
CASSFSLGGAIDTQYF	TRBV12-3	TRBJ2-3
CASSIYRWNTIYF	TRBV19	TRBJ1-3
CASSIARDEQFF	TRBV19	TRBJ2-1
CASSLTAGPTDTQYF	TRBV7-9	TRBJ2-3
CASSTRAADTQYF	TRBV19	TRBJ2-3
CASSTRSGTEQYF	TRBV19	TRBJ2-7
CASSTYSIDTQYF	TRBV19	TRBJ2-3
CASSHPNPGLATGELFF	TRBV4-1	TRBJ2-2
CSAQTKWYEQYF	TRBV20-1	TRBJ2-7
CASGWGEQFF	TRBV12-5	TRBJ2-1
CASSDGDHSYEQYF	TRBV6-1	TRBJ2-7
CASSQDAGTSGSLQGEQYF	TRBV4-3	TRBJ2-7
CSASPESLSYEQYF	TRBV20-1	TRBJ2-7
CASSYGQGLYEQYF	TRBV6-5	TRBJ2-7
CASSLGVTDTQYF	TRBV5-6	TRBJ2-3
CASSIFQFNEQFF	TRBV19	TRBJ2-1
CATSTGNYGYTF	TRBV15	TRBJ1-2
CASSPLVGPQPQHF	TRBV19	TRBJ1-5
CASSLFFYSNQPQHF	TRBV27	TRBJ1-5
CASSVAPELNTEAFF	TRBV9	TRBJ1-1
CASSEIGAPGNTIYF	TRBV25-1	TRBJ1-3
CASTYSSGNTIYF	TRBV2	TRBJ1-3
CASSMRASHEQYF	TRBV19	TRBJ2-7
CAISLIYPGELFF	TRBV10-3	TRBJ2-2
CASSIFGSEGNEQFF	TRBV19	TRBJ2-1
CASSIRSAHEAFF	TRBV19	TRBJ1-1
CASSFGTSSDTQYF	TRBV12-4	TRBJ2-3
CASRYSRFAEYEQYF	TRBV6-5	TRBJ2-7
CASSIRSSVEQYF	TRBV19	TRBJ2-7
CASSMAPTDTQYF	TRBV19	TRBJ2-3
CASSFQPSPYNEQFF	TRBV19	TRBJ2-1
CASSFTVFTGYTF	TRBV19	TRBJ1-2
CASSSRSTDTQYF	TRBV19	TRBJ2-3
CASSIFGGGLNEQFF	TRBV19	TRBJ2-1
CASSFRRPGLAKNIQYF	TRBV5-1	TRBJ2-4
CASHTSGVPVGYEQYF	TRBV2	TRBJ2-7
CASSITSTGELFF	TRBV19	TRBJ2-2
CASSMIPQDTQYF	TRBV19	TRBJ2-3
CASSIGVYGYTF	TRBV19	TRBJ1-2
CASSIGTGEQFF	TRBV19	TRBJ2-1
CAISEGGINTEAFF	TRBV10-3	TRBJ1-1
CASSMRSAVGQFF	TRBV19	TRBJ2-1
CASSQFPLTGGNTEAFF	TRBV3-1	TRBJ1-1
CASSQDGQGLTGELFF	TRBV4-1	TRBJ2-2
CASSFNPRQVLSYEQYF	TRBV28	TRBJ2-7
CASSYRSSYEQYF	TRBV19	TRBJ2-7
CASSRTGGEQYF	TRBV14	TRBJ2-7
CASSIYSLNTEAFF	TRBV19	TRBJ1-1
CASSIGTVQYF	TRBV19	TRBJ2-7
CASSFTTGYEQYF	TRBV5-1	TRBJ2-7
CASSVEGGLAQETQYF	TRBV9	TRBJ2-5
CASSFTVNYGYTF	TRBV19	TRBJ1-2
CASGQGAFF	TRBV19	TRBJ1-1
CATSGGSFRGTDTQYF	TRBV24-1	TRBJ2-3
CASSEDQGLTATYEQYF	TRBV10-1	TRBJ2-7
CASSPTGGNTEAFF	TRBV4-1	TRBJ1-1
CASSSGTSGGDEQFF	TRBV6-6	TRBJ2-1
CASSIRSGPEAFF	TRBV19	TRBJ1-1
CASSDSGTTNEKLFF	TRBV27	TRBJ1-4
CASSGPVAEQFF	TRBV19	TRBJ2-1
CASSITSLGELFF	TRBV19	TRBJ2-2
CASSPSMRSGLAEAFF	TRBV7-2	TRBJ1-1
CASSPRTSGLTDTQYF	TRBV7-9	TRBJ2-3
CASSRQSNQPQHF	TRBV25-1	TRBJ1-5
CSALAVYPQESSYNEQFF	TRBV20-1	TRBJ2-1
CASSFGAGAGSYNEQFF	TRBV28	TRBJ2-1
CASSPRAGETQYF	TRBV19	TRBJ2-5
CASTPTANYGYTF	TRBV19	TRBJ1-2
CASSSRSTGEQFF	TRBV19	TRBJ2-1
CASSESYRGEKLFF	TRBV6-1	TRBJ1-4
CASSYLEGEKLFF	TRBV28	TRBJ1-4
CASSPNSGSYNEQFF	TRBV19	TRBJ2-1
CASSIRGSDEQYF	TRBV19	TRBJ2-7
CASSFSGTANTEAFF	TRBV7-8	TRBJ1-1
CASSYGFPTSGGNTGELFF	TRBV6-6	TRBJ2-2
CASSIVHVSYNEQFF	TRBV19	TRBJ2-1
CASSKVGTVDQPQHF	TRBV7-9	TRBJ1-5
CASSIHGAGTEAFF	TRBV19	TRBJ1-1
CASSFRAGNEQFF	TRBV19	TRBJ2-1
CASSLWRGAGEAFF	TRBV28	TRBJ1-1
CASNLAGHTDTQYF	TRBV12-3	TRBJ2-3
CASSTGTGGPSGTGELFF	TRBV28	TRBJ2-2
CASSMRASYEQYF	TRBV19	TRBJ2-7
CASSFMGASTDTQYF	TRBV12-3	TRBJ2-3
CASSPLDTKQQFF	TRBV7-8	TRBJ2-1
CASSMGVTEAFF	TRBV19	TRBJ1-1
CAWDYNRGGYTF	TRBV30	TRBJ1-2
CASSGVGGGELFF	TRBV19	TRBJ2-2
CASSIDYPSGVQETQYF	TRBV19	TRBJ2-5
CASSRRSTGELFF	TRBV19	TRBJ2-2
CASSISPTPRQGQFF	TRBV19	TRBJ2-1
CAWSSGGLATNEKLFF	TRBV30	TRBJ1-4
CASSIYSGSYNEQFF	TRBV19	TRBJ2-1
CASSIHSGGAVEQFF	TRBV19	TRBJ2-1
CASSFGQGADEQYF	TRBV27	TRBJ2-7
CASSIRSEYEQYF	TRBV19	TRBJ2-7
CASSYGKPLYSNQPQHF	TRBV6-5	TRBJ1-5
CASSPGTSSIYEQYF	TRBV4-2	TRBJ2-7
CSARDPGLGRSLSTDTQYF	TRBV20-1	TRBJ2-3
CASSARSAETQYF	TRBV19	TRBJ2-5
CASSPDSDSYEQYF	TRBV9	TRBJ2-7
CASSIYSRGDEQFF	TRBV19	TRBJ2-1
CASSLTGFKETQYF	TRBV7-9	TRBJ2-5
CASSTTSGGVETQYF	TRBV12-3	TRBJ2-5
CASSYLAGEITDTQYF	TRBV6-6	TRBJ2-3
CSATSGGTLEQYF	TRBV20-1	TRBJ2-7
CASSPVGVGEQFF	TRBV18	TRBJ2-1
CASRSPQETQYF	TRBV27	TRBJ2-5
CASSFSSYEQYF	TRBV5-6	TRBJ2-7
CASTIGETGAQHYNEQFF	TRBV28	TRBJ2-1
CASKTLAGARETQYF	TRBV19	TRBJ2-5
CATSDYPSGGPPRCTDTQYF	TRBV24-1	TRBJ2-3
CASSSGLAGVNEQFF	TRBV7-9	TRBJ2-1
CASSIVGIGNQPQHF	TRBV19	TRBJ1-5
CASSMFATDTQYF	TRBV19	TRBJ2-3
CASSVYSNQPQHF	TRBV19	TRBJ1-5
CASSTLAGGQETQYF	TRBV6-6	TRBJ2-5
CARGQEDLYGYTF	TRBV6-4	TRBJ1-2
CASSYSGTGFQVRQYF	TRBV6-2	TRBJ2-7
CASSMRSDEKLFF	TRBV19	TRBJ1-4
CASSIGLGEQYF	TRBV19	TRBJ2-7
CASSIRGSETQYF	TRBV19	TRBJ2-5
CASSQSGGGIGNSPLHF	TRBV4-2	TRBJ1-6
CASSTGGYYGYTF	TRBV19	TRBJ1-2
CASSIISNQPQHF	TRBV19	TRBJ1-5
CASSPRSGNTIYF	TRBV19	TRBJ1-3
CASSTRATETQYF	TRBV19	TRBJ2-5
CASSVRSAGELFF	TRBV19	TRBJ2-2
CASSQHGTSNEQFF	TRBV6-1	TRBJ2-1
CASSYAGTVEKLFF	TRBV27	TRBJ1-4
CASSIRSGHEQFF	TRBV19	TRBJ2-1
CASSDSSHEGQGAYEQYF	TRBV9	TRBJ2-7
CASSIFAGGDTQYF	TRBV19	TRBJ2-3
CASSPSPGVGLYEQYF	TRBV7-6	TRBJ2-7
CSARGWSSYEQYF	TRBV20-1	TRBJ2-7
CASSAGLAPDEQYF	TRBV6-1	TRBJ2-7
CSARESGAGDTGELFF	TRBV20-1	TRBJ2-2
CASSTWIRTNTEAFF	TRBV5-1	TRBJ1-1
CASSQEGAEAPYNEQFF	TRBV14	TRBJ2-1
CAISDTTGVREQYF	TRBV10-3	TRBJ2-7
CASSIRSADEQFF	TRBV19	TRBJ2-1
CASSIVTDTQYF	TRBV19	TRBJ2-3
CASSMISINEQFF	TRBV19	TRBJ2-1
CASSLFQETQYF	TRBV11-2	TRBJ2-5
CASSPYGGWTEAFF	TRBV19	TRBJ1-1
CSVEDGYEQYF	TRBV29-1	TRBJ2-7
CASSQGPGTGNTEAFF	TRBV4-2	TRBJ1-1
CASSILAGIEQFF	TRBV19	TRBJ2-1
CASSSRSGTEQFF	TRBV19	TRBJ2-1
CASSSPSGGTQYF	TRBV19	TRBJ2-5
CASSTLDSYNEQFF	TRBV19	TRBJ2-1
CASSDRDHRRFF	TRBV10-1	TRBJ1-4
CASSYSFLVIGDNTEAFF	TRBV6-2	TRBJ1-1
CSVAGNTEAFF	TRBV29-1	TRBJ1-1
CASSYYRNQPQHF	TRBV19	TRBJ1-5
CASSYGVYGYTF	TRBV19	TRBJ1-2
CASSQYSGGYEQYF	TRBV3-1	TRBJ2-7
CASSSTGASNSPLHF	TRBV5-1	TRBJ1-6
CASSYTGGLRYGYTF	TRBV12-3	TRBJ1-2
CASSFVDRDTEAFF	TRBV5-1	TRBJ1-1
CASSIFGGAETQYF	TRBV19	TRBJ2-5
CASSIGTYGYTF	TRBV19	TRBJ1-2
CASSGRASTEAFF	TRBV19	TRBJ1-1
CASSARSADTQYF	TRBV19	TRBJ2-3
CASSLKTHYSNQPQHF	TRBV27	TRBJ1-5
CASSHPGQGITNEKLFF	TRBV3-1	TRBJ1-4
CASSPQGSHEQYF	TRBV12-3	TRBJ2-7
CASSAGNYGYTF	TRBV19	TRBJ1-2
CAWRYYGYTF	TRBV30	TRBJ1-2
CASSPIGQGAGSNQPQHF	TRBV27	TRBJ1-5
CASSFRSTDTQYF	TRBV19	TRBJ2-3
CASSLVPSDQETQYF	TRBV5-4	TRBJ2-5
CASSSRSSAEQFF	TRBV19	TRBJ2-1
CASSIFAGGTEQYF	TRBV19	TRBJ2-7
CASSPLAVTYNEQFF	TRBV19	TRBJ2-1
CASSIFASGNTQYF	TRBV19	TRBJ2-3
CASSPRSGNEQYF	TRBV19	TRBJ2-7
CSAREGSYEQYF	TRBV20-1	TRBJ2-7
CASSHVWAGTGFVYGYTF	TRBV5-6	TRBJ1-2
CASSLEAGNTEAFF	TRBV7-8	TRBJ1-1
CASSSPTSGDYEQYF	TRBV27	TRBJ2-7
CASSLRKRSTGELFF	TRBV7-8	TRBJ2-2
CASSLWSNEQFF	TRBV5-6	TRBJ2-1
CASSGTAVEKLFF	TRBV19	TRBJ1-4
CASSLVVPGTDTQYF	TRBV7-8	TRBJ2-3
CASGDRPYGYTF	TRBV19	TRBJ1-2
CASSILSRQPQHF	TRBV19	TRBJ1-5
CASSLETGGGNEKLFF	TRBV12-3	TRBJ1-4
CASSIFSTPNQPQHF	TRBV19	TRBJ1-5
CASSVGLDSAREAQHF	TRBV9	TRBJ1-5
CSARDREQGGEITEAFF	TRBV20-1	TRBJ1-1
CASSLSEQGRGYTF	TRBV7-8	TRBJ1-2
CASSMFVGQPQHF	TRBV19	TRBJ1-5
CASSYPREGHSNQPQHF	TRBV6-2	TRBJ1-5
CASSYGQGLPLHF	TRBV27	TRBJ1-6
CASSLMAGSYEQYF	TRBV27	TRBJ2-7
CASSIFIYNEQFF	TRBV19	TRBJ2-1
CASSDRTSGINEQFF	TRBV6-1	TRBJ2-1
CASSAGQGLPYEQYF	TRBV5-1	TRBJ2-7
CASSTSSTGELFF	TRBV19	TRBJ2-2
CASIQGWGEKLFF	TRBV2	TRBJ1-4
CASSGRASGELFF	TRBV19	TRBJ2-2
CASSWGGRPIETQYF	TRBV3-1	TRBJ2-5
CASSNRASEKLFF	TRBV19	TRBJ1-4
CASSVGQALGETQYF	TRBV9	TRBJ2-5
CASSPGLANTDTQYF	TRBV7-9	TRBJ2-3
CASSYGQGIIYGYTF	TRBV27	TRBJ1-2
CASSMVGGVYGYTF	TRBV19	TRBJ1-2
CASSIFGSPRGEQYF	TRBV19	TRBJ2-7
CASSQDITVLYGYTF	TRBV3-1	TRBJ1-2
CASSPRGGYEQYF	TRBV19	TRBJ2-7
CASSLGQVSYNEQFF	TRBV6-5	TRBJ2-1
CASSYNTEAFF	TRBV6-6	TRBJ1-1
CASSYGGGSYEQYF	TRBV27	TRBJ2-7
CASSQDRREQYF	TRBV4-3	TRBJ2-7
CTSSFGGTQYF	TRBV7-2	TRBJ2-5
CSAREGGVQHQPQHF	TRBV20-1	TRBJ1-5
CASSIVNSAPTYEQYF	TRBV19	TRBJ2-7
CASSIGQRAFF	TRBV19	TRBJ2-1
CASSQGAGELFF	TRBV12-4	TRBJ2-2
CASSEALAGGGTDTQYF	TRBV6-1	TRBJ2-3
CASSKGGRPYYGYTF	TRBV19	TRBJ1-2
CASSLSGQGKFF	TRBV27	TRBJ2-1
CASSLASGLYEQYF	TRBV12-3	TRBJ2-7
CASNDMGGNANEQFF	TRBV19	TRBJ2-1
CASSSRSGNIQYF	TRBV19	TRBJ2-4
CSVDTLGRGGTEAFF	TRBV29-1	TRBJ1-1
CASSPDSPYEQYF	TRBV5-1	TRBJ2-7
CASSVLNQETQYF	TRBV2	TRBJ2-5
CASSIRSAYERYF	TRBV19	TRBJ2-7
CASSTRSTNTQYF	TRBV19	TRBJ2-3
CASSSRSGVEQYF	TRBV19	TRBJ2-7
CASSLLNPLTEAFF	TRBV27	TRBJ1-1
CASSGTSGNYEQYF	TRBV19	TRBJ2-7
CAWIGLGGETQYF	TRBV30	TRBJ2-5
CASSLFRGPETQYF	TRBV28	TRBJ2-5
CATAIGHHPYEQYF	TRBV24-1	TRBJ2-7
CASSLTSVSEQFF	TRBV19	TRBJ2-1
CASSIRGGIEQFF	TRBV19	TRBJ2-1
CASSMVGIHEQYF	TRBV19	TRBJ2-7
CASSEDPATNEKLFF	TRBV6-1	TRBJ1-4
CASRKTGGGETQYF	TRBV4-1	TRBJ2-5
CARSFFSGSYNEQFF	TRBV19	TRBJ2-1
CASSRRDSGANVLTF	TRBV5-8	TRBJ2-6
CASSKRSQEPQHF	TRBV19	TRBJ1-5
CASSMVSIDEQFF	TRBV19	TRBJ2-1
CASSIRSDGELFF	TRBV19	TRBJ2-2
CASSQEGVGGFDIQYF	TRBV4-3	TRBJ2-4
CASSFSTGANTEAFF	TRBV5-4	TRBJ1-1
CASSYLVAEAFF	TRBV6-2	TRBJ1-1
CASTSGNTGELFF	TRBV13	TRBJ2-2
CASSQGEGNEQFF	TRBV19	TRBJ2-1
CSARGTNNNEQFF	TRBV20-1	TRBJ2-1
CASSIYSRAYGYTF	TRBV19	TRBJ1-2
CASSWTGNTEAFF	TRBV19	TRBJ1-1
CASSFLAGEGTDTQYF	TRBV12-3	TRBJ2-3
CASSQDPSPSTDTQYF	TRBV4-3	TRBJ2-3
CSARPTGAPLSYEQYF	TRBV20-1	TRBJ2-7
CASSLRSAYEQYF	TRBV19	TRBJ2-7
CASSRTGTYEQYF	TRBV4-1	TRBJ2-7
CASSVLAGAYNEQFF	TRBV19	TRBJ2-1
CASSLAASNQPQHF	TRBV7-9	TRBJ1-5
CASSSFLLSEQYF	TRBV19	TRBJ2-7
CASSEVGQGARYNEQFF	TRBV6-1	TRBJ2-1
CASSPFLGGAYGYTF	TRBV19	TRBJ1-2
CASSIFGTDTQYF	TRBV19	TRBJ2-3
CASSYGANTGELFF	TRBV27	TRBJ2-2
CASSFGSGANVLTF	TRBV5-6	TRBJ2-6
CASSFRSTGELFF	TRBV19	TRBJ2-2
CASSMYGGDTQYF	TRBV19	TRBJ2-3
CASSESTLSLTEAFF	TRBV2	TRBJ1-1
CSVEEGLQTGELFF	TRBV29-1	TRBJ2-2
CASSPYNEQFF	TRBV28	TRBJ2-1
CASSKTIGNTEAFF	TRBV19	TRBJ1-1
CASSLGQGSYGYTF	TRBV27	TRBJ1-2
CASSLLGTGPEAFF	TRBV27	TRBJ1-1
CASTPGGAGDEQYF	TRBV7-8	TRBJ2-7
CASSQDPLWRRTGALRGTGELFF	TRBV4-3	TRBJ2-2
CASGGPPKSYEQYF	TRBV28	TRBJ2-7
CASSTDRQFGYGYTF	TRBV2	TRBJ1-2
CASSIFGGAGNQPQHF	TRBV19	TRBJ1-5
CASSIRSTSEQYF	TRBV19	TRBJ2-7
CSARGVRVGGNTEAFF	TRBV20-1	TRBJ1-1
CSAEIADYEQYF	TRBV29-1	TRBJ2-7
CASSSISNQPQHF	TRBV19	TRBJ1-5
CASSLTSGGPGDTQYF	TRBV3-1	TRBJ2-3
CASSLERSTDTQYF	TRBV5-1	TRBJ2-3
CASSQGGQGYEQYF	TRBV4-1	TRBJ2-7
CASSQDEDGFMNTEAFF	TRBV3-1	TRBJ1-1
CASSTRDLAKSSYNSPLHF	TRBV28	TRBJ1-6
CSVEGRPGHTEAFF	TRBV29-1	TRBJ1-1
CASSSPLIRQGANYGYTF	TRBV7-2	TRBJ1-2
CASSGTSGGYEQYF	TRBV19	TRBJ2-7
CASTPLGGNTGELFF	TRBV19	TRBJ2-2
CASSWFGSGANVLTF	TRBV19	TRBJ2-6
CASSIFGSSNQPQHF	TRBV19	TRBJ1-5
CASTAGRGTGELFF	TRBV6-6	TRBJ2-2
CASSAYDWDEQFF	TRBV9	TRBJ2-1
CASSTYSQDTQYF	TRBV19	TRBJ2-3
CASSLSLGVRAHEQYF	TRBV13	TRBJ2-7
CASSSQSQDGASYNSPLHF	TRBV28	TRBJ1-6
CASSIRGLYEQYF	TRBV19	TRBJ2-7
CASSIYSINEQFF	TRBV19	TRBJ2-1
CASSNFDSSYEQYF	TRBV19	TRBJ2-7
CATSREGANTGELFF	TRBV15	TRBJ2-2
CATSDISITEAFF	TRBV24-1	TRBJ1-1
CASSVRASYEQYF	TRBV19	TRBJ2-7
CASALGGYNEQFF	TRBV19	TRBJ2-1
CASSPHGAAKQYF	TRBV19	TRBJ2-7
CAISGAARDTQYF	TRBV10-3	TRBJ2-3
CASSRTSGISLTDTQYF	TRBV2	TRBJ2-3
CSVEVPPGEQFF	TRBV29-1	TRBJ2-1
CASSLGNEQFF	TRBV7-7	TRBJ2-1
CASSLEVGGQETQYF	TRBV5-6	TRBJ2-5
CASSETGVGSYEQYF	TRBV5-6	TRBJ2-7
CASSMSTGELFF	TRBV19	TRBJ2-2
CASSIRSTHEQFF	TRBV19	TRBJ2-1
CSVEDGRDTGEGTDTQYF	TRBV29-1	TRBJ2-3
CASSPPAVGTEAFF	TRBV19	TRBJ1-1
CSARDRREEKLFF	TRBV20-1	TRBJ1-4
CASSFGHPGTQYF	TRBV13	TRBJ2-3
CASSIGLGEQFF	TRBV19	TRBJ2-1
CASSYSGDEKLFF	TRBV6-5	TRBJ1-4
CASSIRSSYEAFF	TRBV19	TRBJ1-1
CASSLGGGNEAFF	TRBV7-9	TRBJ1-1
CASSYRSTDTQYF	TRBV19	TRBJ2-3
CASSLQISIAGVSYNEQFF	TRBV3-1	TRBJ2-1
CASSVRSSDTQYF	TRBV19	TRBJ2-3
CASSILAQSEAFF	TRBV19	TRBJ1-1
CASNPASGGELFF	TRBV10-1	TRBJ2-2
CASSSRAGYEQYF	TRBV19	TRBJ2-7
CASSVDPAGGSSYEQYF	TRBV9	TRBJ2-7
CATDARVGNTGELFF	TRBV13	TRBJ2-2
CASSRDSTGYGYTF	TRBV6-6	TRBJ1-2
CASSARSNYEQYF	TRBV19	TRBJ2-7
CASSIRAGNEKLFF	TRBV19	TRBJ1-4
CASSFGQGDEKLFF	TRBV27	TRBJ1-4
CASSIVASGAGGELFF	TRBV19	TRBJ2-2
CASSLGAGDSSYEQYF	TRBV4-2	TRBJ2-7
CASSIYGAGELFF	TRBV19	TRBJ2-2
CSANAEAYQETQYF	TRBV20-1	TRBJ2-5
CASSTRASNEQFF	TRBV19	TRBJ2-1
CASSISPTGELFF	TRBV19	TRBJ2-2
CASSIRASDTQYF	TRBV19	TRBJ2-3
CASSQEASGGYEQYF	TRBV4-2	TRBJ2-7
CASSIVHAADTQYF	TRBV19	TRBJ2-3
CASSSIRSEAFF	TRBV11-2	TRBJ1-1
CASSPGHPSSYNEQFF	TRBV7-9	TRBJ2-1
CASSPHGGSNTEAFF	TRBV19	TRBJ1-1
CASGYGPDEAFF	TRBV10-2	TRBJ1-1
CSANSIKRGLNYGYTF	TRBV20-1	TRBJ1-2
CASRLHPGHMSYTF	TRBV27	TRBJ1-2
CASGREEGNEQFF	TRBV5-1	TRBJ2-1
CASSLGGTAQGAVEAFF	TRBV7-9	TRBJ1-1
CASSTSEGGLFYEQYF	TRBV7-9	TRBJ2-7
CASSSLGGYTF	TRBV5-4	TRBJ1-2
CASSAQSNQPQHF	TRBV25-1	TRBJ1-5
CASSAVGVPHVEKLFF	TRBV12-3	TRBJ1-4
CASSIRWAYEQYF	TRBV19	TRBJ2-7
CASSRQTEAFF	TRBV7-9	TRBJ1-1
CASRGDREGTEAFF	TRBV25-1	TRBJ1-1
CASGVRSGEVEQFF	TRBV19	TRBJ2-1
CASSGQGNQPQHF	TRBV19	TRBJ1-5
CSARYPDYNEQFF	TRBV20-1	TRBJ2-1
CATSDVTGGLVGNQPQHF	TRBV24-1	TRBJ1-5
CASSVGADIIMNTEAFF	TRBV9	TRBJ1-1
CASSITSSYNEQFF	TRBV19	TRBJ2-1
CASSPQGINYGYTF	TRBV7-6	TRBJ1-2
CASSYNPRTEVSNQPQHF	TRBV6-3	TRBJ1-5
CASSPDLGYEQYF	TRBV7-9	TRBJ2-7
CASSLEGDQPQHF	TRBV5-1	TRBJ1-5
CASSPSSNQPQHF	TRBV19	TRBJ1-5
CASSLTTGGRNEQFF	TRBV13	TRBJ2-1
CASSLTGVDGYTF	TRBV18	TRBJ1-2
CATKRGAFDYGYTF	TRBV19	TRBJ1-2
CASSMYAGNVLTF	TRBV19	TRBJ2-6
CASSLVSAHEQYF	TRBV4-1	TRBJ2-7
CASSFGGQPQHF	TRBV13	TRBJ1-5
CASSILGKDTQYF	TRBV19	TRBJ2-3
CASSELSGSGQEQYF	TRBV10-2	TRBJ2-7
CSLQGGRYNEQFF	TRBV29-1	TRBJ2-1
CASSFGGGYREAFF	TRBV12-3	TRBJ1-1
CASSLGLYDIEETQYF	TRBV4-3	TRBJ2-5
CASSIYSNQPQHF	TRBV19	TRBJ1-5
CSETGVSDEQFF	TRBV29-1	TRBJ2-1
CATILYEILLGKATLYAYEQYF	TRBV15	TRBJ2-7
CASSMYSNQPQHF	TRBV19	TRBJ1-5
CASSMGIYGYTF	TRBV19	TRBJ1-2
CASSYSLDSHSNQPQHF	TRBV6-2	TRBJ1-5
CASSQDKTTGELFF	TRBV4-1	TRBJ2-2
CASSIFTGANVLTF	TRBV19	TRBJ2-6
CASSVGGLGSTDTQYF	TRBV9	TRBJ2-3
CASSVAVGTGSGANVLTF	TRBV9	TRBJ2-6
CASSISSGSYNEQFF	TRBV19	TRBJ2-1
CASSIRSNGEQFF	TRBV19	TRBJ2-1
CASSPDGPYNEQFF	TRBV6-4	TRBJ2-1
CASSFLNLNNEQFF	TRBV5-1	TRBJ2-1
CASSIRAGGNEQFF	TRBV19	TRBJ2-1
CASSQDPWAGSAFF	TRBV4-1	TRBJ1-1
CASSQDLTFIKTQYF	TRBV4-1	TRBJ2-5
CASSHGTGMTIYF	TRBV4-1	TRBJ1-3
CAISESTGAKDEQYF	TRBV10-3	TRBJ2-7
CSAVSDTQYF	TRBV20-1	TRBJ2-3
CASNAGSTNYGYTF	TRBV2	TRBJ1-2
CAWSVILWGRGPTDTQYF	TRBV30	TRBJ2-3
CASSQRSSHEQYF	TRBV19	TRBJ2-7
CSPGLYLASATDTQYF	TRBV20-1	TRBJ2-3
CASSFIHREEGYTF	TRBV5-6	TRBJ1-2
CSVEDSSYGYTF	TRBV29-1	TRBJ1-2
CASSQEAESSYEQYF	TRBV4-2	TRBJ2-7
CSARETGLAGWIDTQYF	TRBV20-1	TRBJ2-3
CASSVWAGGSPNEQFF	TRBV9	TRBJ2-1
CASSLRDRGLSTEAFF	TRBV19	TRBJ1-1
CASSIGGRQQYF	TRBV19	TRBJ2-7
CASSPETSEPHNEQFF	TRBV3-1	TRBJ2-1
CASSSRSSGELFF	TRBV19	TRBJ2-2
CASSVGLYGYTF	TRBV19	TRBJ1-2
CASRPGQHTGELFF	TRBV6-4	TRBJ2-2
CASSLWEDYGYTF	TRBV7-9	TRBJ1-2
CASSTRSADTQYF	TRBV19	TRBJ2-3
CASSSRWGYEQYF	TRBV9	TRBJ2-7
CASSQLAGGQGEQYF	TRBV4-1	TRBJ2-7
CASSFGIYGYTF	TRBV19	TRBJ1-2
CASSIRSSYEQYF	TRBV19	TRBJ2-7
CASSWETSGNTGELFF	TRBV6-5	TRBJ2-2
CSARGDWNYEQYF	TRBV20-1	TRBJ2-7
CASSRTGSGELFF	TRBV7-3	TRBJ2-2
CASSQVSSSAEQFF	TRBV4-1	TRBJ2-1
CASSQDLGGWEQFF	TRBV4-3	TRBJ2-1
CASSIYAALGTEAFF	TRBV19	TRBJ1-1
CSARDGRREYEQYF	TRBV20-1	TRBJ2-7
CASSFGMGSEKLFF	TRBV27	TRBJ1-4
CASSSGGQASSYEQYF	TRBV27	TRBJ2-7
CATSYRSSDTQYF	TRBV15	TRBJ2-3
CASSTGIYGYTF	TRBV19	TRBJ1-2
CASSIYSGPGNTIYF	TRBV19	TRBJ1-3
CASSIRTANEQYF	TRBV19	TRBJ2-7
CASSWSGRAYEQYF	TRBV7-9	TRBJ2-7
CASSLAFRQRETDTQYF	TRBV7-6	TRBJ2-3
CASSQDLLGVYNEQFF	TRBV4-2	TRBJ2-1
CASSVRSSTEQFF	TRBV19	TRBJ2-1
CASSPSHGGLYEQYF	TRBV4-1	TRBJ2-7
CSVRTGVAEGYTF	TRBV29-1	TRBJ1-2
CASSPHWSSYEQYF	TRBV19	TRBJ2-7
CASSFSQGEQETQYF	TRBV28	TRBJ2-5
CASSHREGRRLANEQYF	TRBV6-2	TRBJ2-7
CASSIGTGTQYF	TRBV19	TRBJ2-3
CASSPHGAAERYF	TRBV19	TRBJ2-7
CASSGRTADTQYF	TRBV19	TRBJ2-5
CASSELTGGGYEQYF	TRBV6-1	TRBJ2-7
CASSLLASGFGTDTQYF	TRBV7-8	TRBJ2-3
CATGWTSNSPLHF	TRBV19	TRBJ1-6
CASSLRASGAQYF	TRBV19	TRBJ2-5
CASSEGTNEQFF	TRBV7-9	TRBJ2-1
CASSIYRTSYNEQFF	TRBV19	TRBJ2-1
CASSPDGGSQPQHF	TRBV9	TRBJ1-5
CASSVRSSYKQYF	TRBV19	TRBJ2-7
CASSKGTTGALQETQYF	TRBV12-3	TRBJ2-5
CASSTRSTGEQYF	TRBV19	TRBJ2-7
CASSMRASNEQFF	TRBV19	TRBJ2-1
CASSPRSATAQHF	TRBV19	TRBJ1-5
CASSVEQGISEAFF	TRBV9	TRBJ1-1
CASSIGLWRTEAFF	TRBV19	TRBJ1-1
CASSYGSGLGEQYF	TRBV6-5	TRBJ2-7
CASSIDLASGTTYEQYF	TRBV19	TRBJ2-7
CASLKKRELAVNYEQYF	TRBV4-2	TRBJ2-7
CASSIYSGNTIYF	TRBV19	TRBJ1-3
CASSLSSVWQDLSYEQYF	TRBV7-2	TRBJ2-7
CASSQGGTELTYSPLHF	TRBV7-9	TRBJ1-6
CASSYGTGFNEQFF	TRBV4-3	TRBJ2-1
CASREVGWNEQFF	TRBV12-3	TRBJ2-1
CSAISSGANVLTF	TRBV20-1	TRBJ2-6
CASSIFLGAEAFF	TRBV19	TRBJ1-1
CASSLEAVSIHGYTF	TRBV7-2	TRBJ1-2
CASSPWTAGRTGELFF	TRBV4-1	TRBJ2-2
CASSQDLPGPNTEAFF	TRBV4-3	TRBJ1-1
CASSQPLTGGRNTGELFF	TRBV4-3	TRBJ2-2
CASSIIGSGNTIYF	TRBV19	TRBJ1-3
CSARGGVANEQYF	TRBV20-1	TRBJ2-7
CASSSTGTSGSTDTQYF	TRBV13	TRBJ2-3
CASSSRDRGGEGTDTQYF	TRBV5-8	TRBJ2-3
CASTLSSSYNEQFF	TRBV28	TRBJ2-1
CASSSVELGGTGELFF	TRBV28	TRBJ2-2
CASSPPLGVDGYTF	TRBV18	TRBJ1-2
CASSPQRTAHEQYF	TRBV7-8	TRBJ2-7
CASSLRSAGEQYF	TRBV19	TRBJ2-7
CSAYQERNEQFF	TRBV29-1	TRBJ2-1
CASSLSGLGEQFF	TRBV18	TRBJ2-1
CASSIRSSVEAFF	TRBV19	TRBJ1-1
CASSIRAGWEQYF	TRBV19	TRBJ2-7
CASSMHGASELYF	TRBV19	TRBJ2-7
CASSQDAGGWDEQFF	TRBV3-1	TRBJ2-1
CASSVGGSNQPQHF	TRBV9	TRBJ1-5
CASSTRSSWGQYF	TRBV19	TRBJ2-7
CASSIRSGVEQFF	TRBV19	TRBJ2-1
CASSLQGGPKNIQYF	TRBV11-1	TRBJ2-4
CASSLVGRLTVDEQYF	TRBV12-3	TRBJ2-7
CASTGGYGYTF	TRBV27	TRBJ1-2
CASSLRSSGELFF	TRBV19	TRBJ2-2
CASSQWAGANNEQFF	TRBV4-1	TRBJ2-1
CASETTSTDTQYF	TRBV19	TRBJ2-3
CASSLRKGFDEQYF	TRBV19	TRBJ2-7
CASSFRSSTEAFF	TRBV19	TRBJ1-1
CASSTPLTARNGYTF	TRBV7-9	TRBJ1-2
CATGFPYEQYF	TRBV19	TRBJ2-7
CASSLMRGGTYNSPLHF	TRBV13	TRBJ1-6
CASSLDTTGELFF	TRBV5-4	TRBJ2-2
CAISEDRETQYF	TRBV10-3	TRBJ2-5
CASSPTGSDTGELFF	TRBV6-4	TRBJ2-2
CASSIYGQSEQYF	TRBV19	TRBJ2-7
CASSKFSINEQFF	TRBV19	TRBJ2-1
CASSMRSGTMAFF	TRBV19	TRBJ1-1
CASSQWTGGGGQPQHF	TRBV27	TRBJ1-5
CASSGRTAETQYF	TRBV19	TRBJ2-5
CASRYSGGDTGELFF	TRBV19	TRBJ2-2
CASRSDAEAFF	TRBV19	TRBJ1-1
CASAGTSGYEQYF	TRBV9	TRBJ2-7
CASSWGWGGEEQYF	TRBV27	TRBJ2-7
CASSLYGLAGDGEQYF	TRBV7-9	TRBJ2-7
CASRQGGTEAFF	TRBV25-1	TRBJ1-1
CASSIRAFNQPQHF	TRBV19	TRBJ1-5
CASRSFSNQPQHF	TRBV27	TRBJ1-5
CASSLGFTDTQYF	TRBV27	TRBJ2-3
CASNPFGASYNEQFF	TRBV19	TRBJ2-1
CASSRGGLSYNEQFF	TRBV14	TRBJ2-1
CASSLGTGHNEQFF	TRBV11-2	TRBJ2-1
CASSLVGGLVGGYTF	TRBV7-9	TRBJ1-2
CASSGISTDTQYF	TRBV19	TRBJ2-3
CASSQDPIQGTDTQYF	TRBV14	TRBJ2-3
CASSIFGRGEQFF	TRBV19	TRBJ2-1
CACSQRSATQEYF	TRBV19	TRBJ2-3
CASSAFPTAHNQPQHF	TRBV2	TRBJ1-5
CASSILSTDTQYF	TRBV19	TRBJ2-3
CASIRGNTEAFF	TRBV19	TRBJ1-1
CASSTRSHEPQHF	TRBV19	TRBJ1-5
CASSPPAGGKAGELFF	TRBV7-9	TRBJ2-2
CASSIFSGLNEQFF	TRBV19	TRBJ2-1
CASSARSNQPQHF	TRBV19	TRBJ1-5
CASSPLLEGHQPQHF	TRBV19	TRBJ1-5
CSARDNLAGDTDTQYF	TRBV20-1	TRBJ2-3
CASSLTGGTDTQYF	TRBV5-5	TRBJ2-3
CASSEEGQGRLSEQFF	TRBV9	TRBJ2-1
CASSQEGVLSGYGYTF	TRBV14	TRBJ1-2
CASSPGTDYGYTF	TRBV5-5	TRBJ1-2
CASSFFGGREAFF	TRBV19	TRBJ1-1
CASSQTYEQYF	TRBV12-4	TRBJ2-7
CSAIGGLYEQYF	TRBV20-1	TRBJ2-7
CASSARATDTQYF	TRBV19	TRBJ2-3
CASSFRLAGGDEQFF	TRBV12-3	TRBJ2-1
CASRLVSGTDTQYF	TRBV12-3	TRBJ2-3
CASSIMIRSEAFF	TRBV19	TRBJ1-1
CASSYSTVRDESFATDTQYF	TRBV6-2	TRBJ2-3
CASSIGVHGYTF	TRBV19	TRBJ1-2
CASSLTSLANEQFF	TRBV19	TRBJ2-1
CASSLVVTSGFNEQFF	TRBV7-7	TRBJ2-1
CASSQEIGFSPLHF	TRBV4-3	TRBJ1-6
CASSEVDWVGGADGYTF	TRBV6-1	TRBJ1-2
CASSLRLLQETQYF	TRBV7-9	TRBJ2-5
CASSRDSTGELFF	TRBV6-4	TRBJ2-2
CASSPTSNTEAFF	TRBV19	TRBJ1-1
CSARAQGSLAKNIQYF	TRBV20-1	TRBJ2-4
CASSYFGGALSEQYF	TRBV19	TRBJ2-7
CAISDSGQMNTEAFF	TRBV10-3	TRBJ1-1
CASSQGAYGYTF	TRBV19	TRBJ1-2
CASSYTVNYGYTF	TRBV19	TRBJ1-2
CATFSGLYNEQFF	TRBV28	TRBJ2-1
CASSIGLYGYTF	TRBV19	TRBJ1-2
CSATSLAGDNEQFF	TRBV20-1	TRBJ2-1
CASSPTYPPEAFF	TRBV9	TRBJ1-1
CASSIRAGETQYF	TRBV19	TRBJ2-5
CASSWTLNTEAFF	TRBV19	TRBJ1-1
CASSSPGGMETQYF	TRBV7-2	TRBJ2-5
CAPRRGPTNEKLFF	TRBV7-3	TRBJ1-4
CASSMRSGANVLTF	TRBV19	TRBJ2-6
CSPALGIYGYTF	TRBV29-1	TRBJ1-2
CASSIVGSAYNEQFF	TRBV19	TRBJ2-1
CASSRTGLNTEAFF	TRBV18	TRBJ1-1
CASSPTVRTGETDTQYF	TRBV7-9	TRBJ2-3
CASSIYGGSYNEQFF	TRBV19	TRBJ2-1
CASSIFGNGYTF	TRBV19	TRBJ1-2
CASSLALAGTDTQYF	TRBV12-3	TRBJ2-3
CASSVADRGFADTQYF	TRBV9	TRBJ2-3
CASSIRAAAEAFF	TRBV19	TRBJ1-1
CASSARLAGGGNEQFF	TRBV7-9	TRBJ2-1
CASSQDRGTSTDTQYF	TRBV4-3	TRBJ2-3
CASSGSGVGTGELFF	TRBV19	TRBJ2-2
CASSFLSNQPQHF	TRBV19	TRBJ1-5
CASSWTMNTEAFF	TRBV19	TRBJ1-1
CASSTRSGYEQYF	TRBV19	TRBJ2-7
CASSPIWRDRVNTEAFF	TRBV28	TRBJ1-1
CASSQTSGTGREQFF	TRBV4-1	TRBJ2-1
CATSSTQSPDGRSGNTIYF	TRBV15	TRBJ1-3
CASSWRSDTEAFF	TRBV19	TRBJ1-1
CASSIYSGPYNEQFF	TRBV19	TRBJ2-1
CSASSLSGGQTPLGTEAFF	TRBV20-1	TRBJ1-1
CASSFGVHGYTF	TRBV19	TRBJ1-2
CASSFGLYGYTF	TRBV19	TRBJ1-2
CASSLSGNTEAFF	TRBV27	TRBJ1-1
CASSQGAHGYTF	TRBV19	TRBJ1-2
CASSIRSVGELFF	TRBV19	TRBJ2-2
CASSYSTGTVDYEQYF	TRBV6-5	TRBJ2-7
CASTPSWAGGPTDTQYF	TRBV7-8	TRBJ2-3
CASSPGQGAWEQYF	TRBV4-1	TRBJ2-7
CASSIRSGAEQFF	TRBV19	TRBJ2-1
CASSIRSAWEQFF	TRBV19	TRBJ2-1
CASSYCPELAKNIQYF	TRBV6-9	TRBJ2-4
CSARGQSLYYSNQPQHF	TRBV20-1	TRBJ1-5
CASSPRGRLNEQFF	TRBV27	TRBJ2-1
CASSTWTRDEQFF	TRBV19	TRBJ2-1
CASSSKRGPYNEQFF	TRBV7-8	TRBJ2-1
CASSQDGKGATYNSPLHF	TRBV4-1	TRBJ1-6
CASSYRFF	TRBV7-9	TRBJ2-1
CASSLLGSGETQYF	TRBV7-9	TRBJ2-5
CAWSPKTSDTGELFF	TRBV30	TRBJ2-2
CASSDSSVSEQFF	TRBV6-4	TRBJ2-1
CAWRGAQGYTF	TRBV30	TRBJ1-2
CASTTLPGPLNEQFF	TRBV19	TRBJ2-1
CASSTRSGWELFF	TRBV19	TRBJ2-2
CASSPRSGQPQHF	TRBV19	TRBJ1-5
CASSSRSTGELFF	TRBV19	TRBJ2-2
CASSTETVNTEAFF	TRBV19	TRBJ1-1
CASLISGTDTQYF	TRBV11-2	TRBJ2-3
CASSPSSSYEQYF	TRBV12-4	TRBJ2-7
CATSDWTGGANTEAFF	TRBV24-1	TRBJ1-1
CSARDKAGEGYNEQFF	TRBV20-1	TRBJ2-1
CAWTGTGKIGWDSPLHF	TRBV30	TRBJ1-6
CATAMYGASYEQYF	TRBV19	TRBJ2-7
CSFRDLSSYNEQFF	TRBV29-1	TRBJ2-1
CASSIFWGSDYGYTF	TRBV19	TRBJ1-2
CASSGGGGNTEAFF	TRBV6-1	TRBJ1-1
CASSLGTGENEQYF	TRBV11-2	TRBJ2-7
CASSLVGTGFLDEQFF	TRBV5-6	TRBJ2-1
CASASEQGTDIQYF	TRBV6-4	TRBJ2-4
CASSTGAWGYTF	TRBV19	TRBJ1-2
CASSIYHLNPEAFF	TRBV19	TRBJ1-1
CASTPGQGFRNEQFF	TRBV2	TRBJ2-1
CSARDRDYGYTF	TRBV20-1	TRBJ1-2
CASSQGAFGYTF	TRBV19	TRBJ1-2
CASSMRSGSEQFF	TRBV19	TRBJ2-1
CASSFNRGPPLSGANVLTF	TRBV19	TRBJ2-6
CASSLGQGNTEAFF	TRBV7-3	TRBJ1-1
CSAEDGNTEAFF	TRBV20-1	TRBJ1-1
CASGYSTDTQYF	TRBV19	TRBJ2-3
CASSTRSAYEQYF	TRBV19	TRBJ2-7
CAISDRSGNTIYF	TRBV10-3	TRBJ1-3
CATRTSGSGAGTDTQYF	TRBV24-1	TRBJ2-3
CASGVLAEDTIYF	TRBV27	TRBJ1-3
CASSSAAAYEQYF	TRBV7-9	TRBJ2-7
CASSTDLATGAYEQYF	TRBV19	TRBJ2-7
CASSIHSGGNTEAFF	TRBV19	TRBJ1-1
CASSLGSQGGKQPQHF	TRBV5-6	TRBJ1-5
CASRFLAGLYNEQFF	TRBV19	TRBJ2-1
CASSQGTGELFF	TRBV5-4	TRBJ2-2
CASSFGEQFF	TRBV7-2	TRBJ2-1
CAISGGDRANYGYTF	TRBV10-3	TRBJ1-2
CASSDSIQSTDTQYF	TRBV6-4	TRBJ2-3
CASSLAPGGVKDTQYF	TRBV7-9	TRBJ2-3
CASSARSSTEQYF	TRBV19	TRBJ2-7
CASSIRHSGSYNEQFF	TRBV19	TRBJ2-1
CASSYSAEADTQYF	TRBV6-2	TRBJ2-3
CASSIYDTVNTEAFF	TRBV19	TRBJ1-1
CASSMLALGPQHF	TRBV19	TRBJ1-5
CSARGPSGANVLTF	TRBV20-1	TRBJ2-6
CASSPRSSGPQHF	TRBV19	TRBJ1-5
CAWSFLDVTAGTEAFF	TRBV30	TRBJ1-1
CSVEDRVGGTAGYEQYF	TRBV29-1	TRBJ2-7
CASSIRSTSPLHF	TRBV19	TRBJ1-6
CASSPHSAFYEQYF	TRBV19	TRBJ2-7
CASSTRSAETQYF	TRBV19	TRBJ2-5
CASSQDLAGEGTDTQYF	TRBV3-1	TRBJ2-3
CASSLGDRPSTDTQYF	TRBV12-4	TRBJ2-3
CASSPDNTGELFF	TRBV5-4	TRBJ2-2
CATSRTSGEEQYF	TRBV15	TRBJ2-7
CASSPYWTAAGELFF	TRBV12-3	TRBJ2-2
CASSLGQGRETQYF	TRBV7-6	TRBJ2-5
CASSGRSADTQYF	TRBV19	TRBJ2-3
CASSLGQQAKNIQYF	TRBV5-8	TRBJ2-4
CSARDFIGGNEQFF	TRBV20-1	TRBJ2-1
CASSSSSVNEQFF	TRBV6-5	TRBJ2-1
CASSLTGSPYEQYF	TRBV18	TRBJ2-7
CASSIRTAANYGYTF	TRBV19	TRBJ1-2
CASSPFGANVLTF	TRBV19	TRBJ2-6
CASSQGLAPGELFF	TRBV3-1	TRBJ2-2
CASSTFLGAEAFF	TRBV19	TRBJ1-1
CASTPAGGRDEQYF	TRBV4-2	TRBJ2-7
CASSMGQGTYEQYF	TRBV19	TRBJ2-7
CASSIRSGGEQYF	TRBV19	TRBJ2-7
CASSIHSTDTQYF	TRBV19	TRBJ2-3
CSVRTIYEEQYF	TRBV20-1	TRBJ2-7
CASSKRSTGELFF	TRBV19	TRBJ2-2
CASSLDTEAYEQYF	TRBV27	TRBJ2-7
CASLREQDYGYTF	TRBV18	TRBJ1-2
CASSVRATDTQYF	TRBV19	TRBJ2-3
CASSYRASETQYF	TRBV19	TRBJ2-5
CASSHFQGASYGYTF	TRBV19	TRBJ1-2
CASSIRSTDTQYF	TRBV19	TRBJ2-3
CASASISNQPQHF	TRBV19	TRBJ1-5
CATSSDHRDRELDTQYF	TRBV15	TRBJ2-3
CASSSFGGRELFF	TRBV19	TRBJ2-2
CASSHSSGGMSTEAFF	TRBV7-8	TRBJ1-1
CASSTYGTTGELFF	TRBV19	TRBJ2-2
CASSIRATDTQYF	TRBV19	TRBJ2-3
CAASTRSTDTQYF	TRBV19	TRBJ2-3
CASSFQGTTGANVLTF	TRBV11-3	TRBJ2-6
CASSKRGSYEQYF	TRBV19	TRBJ2-7
CASSSRSSDTQYF	TRBV19	TRBJ2-3
CASSEGTVSNEKLFF	TRBV9	TRBJ1-4
CASSPRSNQPQHF	TRBV19	TRBJ1-5
CASSEVADYNEQFF	TRBV9	TRBJ2-1
CSVITDTQYF	TRBV29-1	TRBJ2-3
CASSYRVTEAFF	TRBV6-2	TRBJ1-1
CASSIVSRAEQYF	TRBV19	TRBJ2-7
CASARDRDNTQYF	TRBV25-1	TRBJ2-3
CASSIRSADTQYF	TRBV19	TRBJ2-3
CASSPTGGPADTQYF	TRBV18	TRBJ2-3
CASSPGPTGDNSPLHF	TRBV7-9	TRBJ1-6
CASSDWDGINLAGAFPWETQYF	TRBV7-8	TRBJ2-5
CASSIISGGDYTF	TRBV19	TRBJ1-2
CASSYYSRQPQHF	TRBV19	TRBJ1-5
CANSVRRGELFF	TRBV9	TRBJ2-2
CASSKGLAVDYTQYF	TRBV4-2	TRBJ2-3
CASSTFGGQPQHF	TRBV19	TRBJ1-5
CASSLVRDGPYEQYF	TRBV7-9	TRBJ2-7
CASSIRSADEQYF	TRBV19	TRBJ2-7
CASSIRSSHEQFF	TRBV19	TRBJ2-1
CASRDSNTYEQYF	TRBV10-2	TRBJ2-7
CASSLRASYEQYF	TRBV19	TRBJ2-7
CASSIISVGEQFF	TRBV19	TRBJ2-1
CASGGPGSYEQYF	TRBV19	TRBJ2-7
CASSLYITEPQHF	TRBV19	TRBJ1-5
CASSGQAGVEQFF	TRBV19	TRBJ2-1
CASSLLQGTEAFF	TRBV19	TRBJ1-1
CASSWVPPGQGRTGELFF	TRBV27	TRBJ2-2
CASSQDRGTGAYGYTF	TRBV4-3	TRBJ1-2
CASSIDLAGGSYEQYF	TRBV19	TRBJ2-7
CASSYTYGYTF	TRBV4-1	TRBJ1-2
CASSSRSRETQYF	TRBV19	TRBJ2-5
CASSTPDRGTISGNTIYF	TRBV19	TRBJ1-3
CASSDALGVSNYGYTF	TRBV12-4	TRBJ1-2
CASSIRSSVMQYF	TRBV19	TRBJ2-3
CASSIGTSGDYNEQFF	TRBV19	TRBJ2-1
CASRFTSGSSYEQYF	TRBV6-2	TRBJ2-7
CSALYPLAGPGNEQFF	TRBV20-1	TRBJ2-1
CASSITGTYNEQFF	TRBV19	TRBJ2-1
CSAPVVTGPTDTQYF	TRBV20-1	TRBJ2-3
CASSVESGGLSYEQYF	TRBV9	TRBJ2-7
CASSPGWEQYF	TRBV25-1	TRBJ2-7
CANSLRAGETQYF	TRBV19	TRBJ2-5
CASSIVSTDTQYF	TRBV19	TRBJ2-3
CASSALSNQPQHF	TRBV19	TRBJ1-5
CASRPSPGVFNEQFF	TRBV6-5	TRBJ2-1
CASSGRAAGELFF	TRBV19	TRBJ2-2
CSASSGGPTDTQYF	TRBV20-1	TRBJ2-3
CASSQGTEHSNQPQHF	TRBV4-1	TRBJ1-5
CSGGQARYEQFF	TRBV29-1	TRBJ2-1
CASSIISQETQYF	TRBV19	TRBJ2-5
CASSTLPNMNTEAFF	TRBV5-1	TRBJ1-1
CASSASGGAGNEQFF	TRBV12-3	TRBJ2-1
CASSMRAGVEQFF	TRBV19	TRBJ2-1
CASSISGGPGETQYF	TRBV27	TRBJ2-5
CASSTAQPQHF	TRBV19	TRBJ1-5
CASSMRASVEQYF	TRBV19	TRBJ2-7
CASSFTLNTEAFF	TRBV19	TRBJ1-1
CASSFRLDLTDTQYF	TRBV12-3	TRBJ2-3
CASSSPWTSGTYEQYF	TRBV27	TRBJ2-7
CASSMFGALGTEAFF	TRBV19	TRBJ1-1
CASRLLAAQETQYF	TRBV5-8	TRBJ2-5
CASSLGTDSGYGYTF	TRBV7-9	TRBJ1-2
CASRRDGPSYEQYF	TRBV28	TRBJ2-7
CASSFGQGSEKLFF	TRBV27	TRBJ1-4
CSVGEGGYTEAFF	TRBV29-1	TRBJ1-1
CASSIQSTDTQYF	TRBV19	TRBJ2-3
CASSIGVGEAFF	TRBV19	TRBJ1-1
CATSRDRWNTEAFF	TRBV15	TRBJ1-1
CASSLQSVDANGYTF	TRBV7-8	TRBJ1-2
CASSSAATGLEQFF	TRBV19	TRBJ2-1
CASSGRSTGELFF	TRBV19	TRBJ2-2
CSARDRQASSYNEQFF	TRBV20-1	TRBJ2-1
CASSFTVNTEAFF	TRBV19	TRBJ1-1
CASRTGGFEAFF	TRBV6-3	TRBJ1-1
CAISESTAHSYNEQFF	TRBV10-3	TRBJ2-1
CASSLEGYTEAFF	TRBV27	TRBJ1-1
CASGPYSLYEQYF	TRBV19	TRBJ2-7
CASSTRSTYEQYF	TRBV19	TRBJ2-7
CAGSIRSSYEQYF	TRBV19	TRBJ2-7
CASSYVGPESTDTQYF	TRBV6-5	TRBJ2-3
CASSWFSGANVLTF	TRBV19	TRBJ2-6
CASSYSMMQDVSNQPQHF	TRBV6-2	TRBJ1-5
CSVVTENNYGYTF	TRBV29-1	TRBJ1-2
CASSLRSGTEDTDTQYF	TRBV7-8	TRBJ2-3
CASSTGTASGQETQYF	TRBV6-5	TRBJ2-5
CASSMLAAEAFF	TRBV19	TRBJ1-1
CASSHAAGLAGLQETQYF	TRBV18	TRBJ2-5
CASSLWWRGGTDTQYF	TRBV28	TRBJ2-3
CASSSFLGAEAFF	TRBV19	TRBJ1-1
CASSIYGLSSYNEQFF	TRBV19	TRBJ2-1
CASSLLAGVYNEQFF	TRBV19	TRBJ2-1
CASSQVFRDRGNTEAFF	TRBV4-2	TRBJ1-1
CASSPTGVYNSPLHF	TRBV6-5	TRBJ1-6
CASSIRSVAEAFF	TRBV19	TRBJ1-1
CASSSYLQDRGTGELFF	TRBV6-2	TRBJ2-2
CASTEMGREGYNEQFF	TRBV7-2	TRBJ2-1
CASPQGGCYEQYF	TRBV10-2	TRBJ2-7
CASSYTGGLMAFF	TRBV6-5	TRBJ1-1
CASSRRGLREKLFF	TRBV7-9	TRBJ1-4
CASSPQDRDFYEQYF	TRBV19	TRBJ2-7
CASSLGQGTEAFF	TRBV27	TRBJ1-1
CASSIRSGFEQFF	TRBV19	TRBJ2-1
CASSIYSKETQYF	TRBV19	TRBJ2-5
CASSQDVHRGIPGELFF	TRBV4-3	TRBJ2-2
CSVEGRGTTEAFF	TRBV29-1	TRBJ1-1
CATSRDRGWSNQPQHF	TRBV15	TRBJ1-5
CASSRRSADEQFF	TRBV19	TRBJ2-1
CASSLGGGVSEAFF	TRBV11-2	TRBJ1-1
CASSITSTDTQYF	TRBV19	TRBJ2-3
CASSGQGDTGELFF	TRBV4-2	TRBJ2-2
CASSLRQDYGYTF	TRBV27	TRBJ1-2
CASSSTAGPPGEQFF	TRBV6-2	TRBJ2-1
CASSIAPTGELFF	TRBV19	TRBJ2-2
CASSLGRGTGELFF	TRBV4-3	TRBJ2-2
CASSPTADNQPQHF	TRBV2	TRBJ1-5
CASSPRQGWSQETQYF	TRBV13	TRBJ2-5
CAISGGQGRREQFF	TRBV10-3	TRBJ2-1
CASSGLSNQPQHF	TRBV19	TRBJ1-5
CASSLGDPVWNTQYF	TRBV5-6	TRBJ2-3
CASSRRASYEQYF	TRBV19	TRBJ2-7
CASSPGTADYNEQFF	TRBV4-2	TRBJ2-1
CASSIFGGSAYNEQFF	TRBV19	TRBJ2-1
CASSEGQGPSYEQYF	TRBV7-8	TRBJ2-7
CASSLIFPDTQYF	TRBV27	TRBJ2-3
CASSARSAYEQYF	TRBV19	TRBJ2-7
CASSSLGGRGDTQYF	TRBV27	TRBJ2-3
CASSLQSSYNEQFF	TRBV7-9	TRBJ2-1
CASSMTATHGYTF	TRBV19	TRBJ1-2
CASSHGGDSGNTIYF	TRBV6-5	TRBJ1-3
CASSIYGGAGDGYTF	TRBV19	TRBJ1-2
CASNMLSTDTQYF	TRBV19	TRBJ2-3
CASSIGWNGYTF	TRBV19	TRBJ1-2
CASSIRSDNEQFF	TRBV19	TRBJ2-1
CASTWGLSSYNEQFF	TRBV19	TRBJ2-1
CASSVVGGGAANEQFF	TRBV7-3	TRBJ2-1
CASSLVAGGGETQYF	TRBV5-6	TRBJ2-5
CASSLTGGLGTEAFF	TRBV19	TRBJ1-1
CSARDGTRAHYEQFF	TRBV20-1	TRBJ2-1
CSAGTYNSPLHF	TRBV20-1	TRBJ1-6
CASSLDPVYRSTEAFF	TRBV7-3	TRBJ1-1
CASNQRGGRNEQFF	TRBV27	TRBJ2-1
CAISVGVDEQFF	TRBV10-3	TRBJ2-1
CASSTRSNQPQHF	TRBV19	TRBJ1-5
CASIRGLAGVRTDTQYF	TRBV28	TRBJ2-3
CATSPYRGADTQYF	TRBV15	TRBJ2-3
CASSHFMTGGQPQHF	TRBV19	TRBJ1-5
CASSIVGGTDTQYF	TRBV19	TRBJ2-3
CASWGGVVNTEAFF	TRBV7-9	TRBJ1-1
CASSYSLQGGLDEQYF	TRBV6-3	TRBJ2-7
CASSPPGVREQFF	TRBV7-2	TRBJ2-1
CASSLGTSYEQYF	TRBV7-6	TRBJ2-7
CASSWGGSNEQFF	TRBV19	TRBJ2-1
CASSGLNEQFF	TRBV6-5	TRBJ2-1
CATGLLYEQYF	TRBV19	TRBJ2-7
CASSILATDTQYF	TRBV19	TRBJ2-3
CASSLFGHGGTEAFF	TRBV27	TRBJ1-1
CASSWGGGSHYGYTF	TRBV7-2	TRBJ1-2
CASSQDWGQPNTEAFF	TRBV4-3	TRBJ1-1
CASSMRSGDTQYF	TRBV19	TRBJ2-3
CASSISDRAQETQYF	TRBV19	TRBJ2-5
CASSLSGGEYGYTF	TRBV7-3	TRBJ1-2
CASSYMGDRGYEQYF	TRBV27	TRBJ2-7
CASSEVSSGDNEQFF	TRBV25-1	TRBJ2-1
CASSIRSAGEAFF	TRBV19	TRBJ1-1
CASGGGLYEQYF	TRBV5-1	TRBJ2-7
CASSQETGASNTEAFF	TRBV4-3	TRBJ1-1
CAWSVQGGTEAFF	TRBV30	TRBJ1-1
CSVRTGRDEQYF	TRBV29-1	TRBJ2-7
CASSIVSADTQYF	TRBV19	TRBJ2-3
CASTHIFPGELFF	TRBV27	TRBJ2-2
CASNSRQGRQFF	TRBV19	TRBJ2-1
CASSSSLSTIYF	TRBV6-6	TRBJ1-3
CASSSGLAGHSSYNEQFF	TRBV28	TRBJ2-1
CASSDPAGNTIYF	TRBV25-1	TRBJ1-3
CASSTWGGGAYNEQFF	TRBV7-9	TRBJ2-1
CASSQDFAGGSYEQYF	TRBV4-3	TRBJ2-7
CASSLDGRPHLEQYF	TRBV7-9	TRBJ2-7
CASSIVGGTEEAFF	TRBV19	TRBJ1-1
CASSLVTEAFF	TRBV28	TRBJ1-1
CASSILITSYYEQYF	TRBV19	TRBJ2-7
CASSSRAGFAQYF	TRBV19	TRBJ2-5
CASSHKQATGRKTYEQYF	TRBV7-9	TRBJ2-7
CSARDTISRTSVTDTQYF	TRBV20-1	TRBJ2-3
CASSIFHTETQYF	TRBV19	TRBJ2-5
CASSVGRTSTDTQYF	TRBV9	TRBJ2-3
CASSSDDWTVAKNIQYF	TRBV12-3	TRBJ2-4
CASSPETYYNEQFF	TRBV18	TRBJ2-1
CASSELGRSSSGNTIYF	TRBV2	TRBJ1-3
CASSPTPGDPHYGYTF	TRBV18	TRBJ1-2
CAISESLGQDQQYF	TRBV10-3	TRBJ2-7
CSASLERMNTGELFF	TRBV20-1	TRBJ2-2
CASSIYGSYEQYF	TRBV19	TRBJ2-7
CASSFRQGSDTGELFF	TRBV7-9	TRBJ2-2
CASSPNSNQPQHF	TRBV19	TRBJ1-5
CASSVGTYGYTF	TRBV19	TRBJ1-2
CASSRTSDTQYF	TRBV7-9	TRBJ2-3
CASSYGTRGEQYF	TRBV6-5	TRBJ2-7
CASSMLATDTQYF	TRBV19	TRBJ2-3
CASSPRSGVEQYF	TRBV19	TRBJ2-7
CASSAGGQVEEQYF	TRBV7-8	TRBJ2-7
CASSMYGGSANEQFF	TRBV19	TRBJ2-1
CASSIMALGRSEAFF	TRBV19	TRBJ1-1
CSAEDSYGYTF	TRBV20-1	TRBJ1-2
CASSILAGGYNEQFF	TRBV19	TRBJ2-1
CASSQGAGQAYEQYF	TRBV7-3	TRBJ2-7
CASSQDRTGGGYEQYF	TRBV4-1	TRBJ2-7
CASSAIAGGNYEQYF	TRBV5-5	TRBJ2-7
CASSLTSGVADTQYF	TRBV14	TRBJ2-3
CASSYSSGGAETQYF	TRBV6-5	TRBJ2-5
CASSQDTGMGNQPQHF	TRBV4-1	TRBJ1-5
CASSYPEPSIQYF	TRBV6-2	TRBJ2-4
CASSIGTDTQYF	TRBV19	TRBJ2-3
CASRQALQETQYF	TRBV5-1	TRBJ2-5
CASSLLSGTSHEQYF	TRBV7-9	TRBJ2-7
CASSQDWPGGAGELFF	TRBV3-1	TRBJ2-2
CASSARSSGELFF	TRBV19	TRBJ2-2
CASSLGTSLYF	TRBV27	TRBJ2-3
CASSQGLANTDTQYF	TRBV7-9	TRBJ2-3
CASSMFGGNNQPQHF	TRBV19	TRBJ1-5
CASSFATKQYF	TRBV28	TRBJ2-7
CASGYSPLHF	TRBV19	TRBJ1-6
CASSIAGDTQYF	TRBV19	TRBJ2-3
CASSLSRGRTYEQYF	TRBV27	TRBJ2-7
CSVEGAGGYDEQFF	TRBV29-1	TRBJ2-1
CASSARSSSEQYF	TRBV19	TRBJ2-7
CASSLAAGAEQYF	TRBV19	TRBJ2-7
CASSLVEEEPTRGWPQHF	TRBV5-6	TRBJ1-5
CASSMRHLEEQYF	TRBV19	TRBJ2-7
CASSLHEGNEQFF	TRBV7-3	TRBJ2-1
CASSFGLHDYTF	TRBV19	TRBJ1-2
CANSQQGSSYEQYF	TRBV18	TRBJ2-7
CASSIFYRAEAFF	TRBV19	TRBJ1-1
CASSQEVLRTDTQYF	TRBV4-1	TRBJ2-3
CASSFPAGNEQFF	TRBV19	TRBJ2-1
CASSIFGQGEQYF	TRBV19	TRBJ2-7
CASSVRGADTQYF	TRBV28	TRBJ2-3
CASSDSAGGTDTQYF	TRBV6-4	TRBJ2-3
CASTPHRGPSYEQYF	TRBV7-8	TRBJ2-7
CASSLPGRNYEQYF	TRBV7-8	TRBJ2-7
CASSQDPHGFVANVLTF	TRBV4-1	TRBJ2-6
CASSPNGGAGGPGNEQFF	TRBV19	TRBJ2-1
CASSIRSGYGYTF	TRBV19	TRBJ1-2
CASSIFQSGANVLTF	TRBV19	TRBJ2-6
CATSDPPQDTQYF	TRBV24-1	TRBJ2-3
CASSLERGTDTQYF	TRBV5-1	TRBJ2-3
CASSDSSGGLYNEQFF	TRBV6-6	TRBJ2-1
CASSLRSSDTQYF	TRBV19	TRBJ2-3
CASSTRSGETQYF	TRBV19	TRBJ2-5
CASSALVLYATDTQYF	TRBV28	TRBJ2-3
CASSYPLLYSGANTGELFF	TRBV6-3	TRBJ2-2
CASSQRSSDTQYF	TRBV19	TRBJ2-3
CASSSRAGWELFF	TRBV19	TRBJ2-2
CASSLAGDSYEQYF	TRBV7-2	TRBJ2-7
CASSTRSGWEQYF	TRBV19	TRBJ2-7
CASSLQGPNQPQHF	TRBV12-3	TRBJ1-5
CASSQGGPVGNQPQHF	TRBV14	TRBJ1-5
CASRRDSTSSYEQYF	TRBV2	TRBJ2-7
CASSLGPSDTQYF	TRBV27	TRBJ2-3
CSVERSGVQTDTQYF	TRBV29-1	TRBJ2-3
CASSIVVHGYTF	TRBV19	TRBJ1-2
CASSIYSTDTQYF	TRBV19	TRBJ2-3
CASSLDTGIYTEAFF	TRBV18	TRBJ1-1
CASSGRATDTQYF	TRBV19	TRBJ2-3
CASGGLVHEQFF	TRBV19	TRBJ2-1
CASSVETGTGVAFF	TRBV25-1	TRBJ1-1
CATSQRSTDTQYF	TRBV15	TRBJ2-3
CASSIHAGLTSGNTIYF	TRBV19	TRBJ1-3
CASSYTLNTEAFF	TRBV19	TRBJ1-1
CASSDSASSYNEQFF	TRBV19	TRBJ2-1
CSAGQGPYEQYF	TRBV29-1	TRBJ2-7
CASSEALLGNQPQHF	TRBV2	TRBJ1-5
CASSMFGGQPQHF	TRBV19	TRBJ1-5
CASSIRSGEPQHF	TRBV19	TRBJ1-5
CASSHTGVITEAFF	TRBV19	TRBJ1-1
CASSLGGEQYF	TRBV11-2	TRBJ2-7
CASSQDDLSLGANVLTF	TRBV4-3	TRBJ2-6
CASSMRSGSGQYF	TRBV19	TRBJ2-7
CASSIRFGTEAFF	TRBV19	TRBJ1-1
CASSLEVGLGGYTF	TRBV7-8	TRBJ1-2
CASSFGQGTEAFF	TRBV27	TRBJ1-1
CASSDGDEENIQYF	TRBV28	TRBJ2-4
CASAPGTGIYEQYF	TRBV19	TRBJ2-7
CASSYHSQETQYF	TRBV6-5	TRBJ2-5
CASSPKDTQYF	TRBV7-9	TRBJ2-3
CASSPFQGSYEQYF	TRBV5-4	TRBJ2-7
CASSPVGIGEAFF	TRBV18	TRBJ1-1
CASSPDRRLRTEAFF	TRBV7-8	TRBJ1-1
CASIDRPATNEKLFF	TRBV7-9	TRBJ1-4
CASSLSWGPGNTIYF	TRBV27	TRBJ1-3
CASSKRSGAEAFF	TRBV19	TRBJ1-1
CSASQGEAFF	TRBV20-1	TRBJ1-1
CASVMTGGFTEAFF	TRBV12-3	TRBJ1-1
CASSLFSISEQFF	TRBV19	TRBJ2-1
CASTSGNTEAFF	TRBV19	TRBJ1-1
CASSSRAGGDTQYF	TRBV7-8	TRBJ2-3
CANSIRSTETQYF	TRBV19	TRBJ2-5
CASSIFGQREQYF	TRBV19	TRBJ2-7
CASSMRSSSEQYF	TRBV19	TRBJ2-7
CATQKDSLNEKLFF	TRBV19	TRBJ1-4
CASSRTGTSYEQYF	TRBV13	TRBJ2-7
CASSIYLSGNEQFF	TRBV19	TRBJ2-1
CASAKGYGYTF	TRBV12-3	TRBJ1-2
CASSDRDSYNEQFF	TRBV9	TRBJ2-1
CASSLAGSSDEQFF	TRBV7-8	TRBJ2-1
CASSHGTVETEAFF	TRBV4-1	TRBJ1-1
CASRDRLAGGVETQYF	TRBV10-1	TRBJ2-5
CASNPSSTDTQYF	TRBV19	TRBJ2-3
CASSIYQGVYNEQFF	TRBV19	TRBJ2-1
CASSIRSSSEQFF	TRBV19	TRBJ2-1
CASNIRSSYEQYF	TRBV19	TRBJ2-7
CASSPGGAAGYTF	TRBV7-9	TRBJ1-2
CASSLGHQETQYF	TRBV5-4	TRBJ2-5
CASSIGSTDTQYF	TRBV19	TRBJ2-3
CASSIRSTQPQHF	TRBV19	TRBJ1-5
CASSLYSATGELFF	TRBV28	TRBJ2-2
CASSTSGGGTEAFF	TRBV19	TRBJ1-1
CASKDNISFRGYTF	TRBV6-2	TRBJ1-2
CASSIRSVHEQFF	TRBV19	TRBJ2-1
CASSQYRGGGETQYF	TRBV3-1	TRBJ2-5
CASSIYSGQPQHF	TRBV19	TRBJ1-5
CASSPTSGGNNEQFF	TRBV6-1	TRBJ2-1
CASRDGGTEAFF	TRBV19	TRBJ1-1
CASSLGDSFTGELFF	TRBV7-6	TRBJ2-2
CSARGGVYNEQFF	TRBV20-1	TRBJ2-1
CASAGTGVEKLFF	TRBV19	TRBJ1-4
CAWRGGQGQIYEQYF	TRBV30	TRBJ2-7
CASSQVRKGQGAGNQPQHF	TRBV4-1	TRBJ1-5
CASSVGRVGYTF	TRBV19	TRBJ1-2
CASSQVLGLSVTGELFF	TRBV6-3	TRBJ2-2
CASSARSTGELFF	TRBV19	TRBJ2-2
CASSIRSDEKLFF	TRBV19	TRBJ1-4
CASSLAQGMGPGNTIYF	TRBV12-3	TRBJ1-3
CASSSRSAGELFF	TRBV19	TRBJ2-2
CASRVGDSTEAFF	TRBV6-4	TRBJ1-1
CASSLYASYEQYF	TRBV19	TRBJ2-7
CAGSTRSSYEQYF	TRBV19	TRBJ2-7
CASSIYFGEKLFF	TRBV19	TRBJ1-4
CASSSLGSDTQYF	TRBV7-3	TRBJ2-3
CASSPDSYNQPQHF	TRBV7-8	TRBJ1-5
CASSITISEQFF	TRBV19	TRBJ2-1
CASGVYSNQPQHF	TRBV19	TRBJ1-5
CASSTRAGNEKLFF	TRBV19	TRBJ1-4
CSRPAGDASYEQYF	TRBV20-1	TRBJ2-7
CASSSFGVNGYTF	TRBV19	TRBJ1-2
CASSARSDEKLFF	TRBV19	TRBJ1-4
CASSAGTSGGSTDTQYF	TRBV7-2	TRBJ2-3
CASSMYGGQPQHF	TRBV19	TRBJ1-5
CASSIRSSQPQHF	TRBV19	TRBJ1-5
CASSLFPGLYGYTF	TRBV27	TRBJ1-2
CASSIGTSYNEQFF	TRBV19	TRBJ2-1
CASSPRAGDTQYF	TRBV19	TRBJ2-3
CASSIAPTDGEAFF	TRBV19	TRBJ1-1
CASSLGLHYEQYF	TRBV28	TRBJ2-7
CASSPLAGLYNEQFF	TRBV19	TRBJ2-1
CASSQDVGQLYGYTF	TRBV4-3	TRBJ1-2
CASSPRSTNTQYF	TRBV19	TRBJ2-3
CASSQFFGNTIYF	TRBV19	TRBJ1-3
CASRGSLNQPQHF	TRBV27	TRBJ1-5
CASSSRGSDTQYF	TRBV19	TRBJ2-3
CASSLDLPGPEGETQYF	TRBV11-2	TRBJ2-5
CASSLTQNSNQPQHF	TRBV7-9	TRBJ1-5
CASSITGAFGTEAFF	TRBV19	TRBJ1-1
CASSLVGVDEQFF	TRBV5-4	TRBJ2-1
CASSLGTGLYGYTF	TRBV7-9	TRBJ1-2
CASSIRAASEAFF	TRBV19	TRBJ1-1
CASSLNRGGSYEQYF	TRBV12-3	TRBJ2-7
CSARVPDSNTGELFF	TRBV20-1	TRBJ2-2
CASSQPSLLGGNQPQHF	TRBV4-2	TRBJ1-5
CASSYMNTEAFF	TRBV28	TRBJ1-1
CASSLRSGTEAFF	TRBV19	TRBJ1-1
CASSGDTYNEQFF	TRBV9	TRBJ2-1
CASRFGFSEAFF	TRBV19	TRBJ1-1
CATSRERWGEYEQYF	TRBV15	TRBJ2-7
CASSESTDTEAFF	TRBV25-1	TRBJ1-1
CSVVSGKGLNTEAFF	TRBV29-1	TRBJ1-1
CASSFQMEGGQDTQYF	TRBV7-9	TRBJ2-3
CSARGELGVDEQFF	TRBV20-1	TRBJ2-1
CANSFRSGETQYF	TRBV19	TRBJ2-5
CASSDSRQGAFRRETQYF	TRBV6-4	TRBJ2-5
CASSIRSHYEQYF	TRBV19	TRBJ2-7
CSAPYRVEGRIVNEQFF	TRBV20-1	TRBJ2-1
CASSLIFPGELFF	TRBV27	TRBJ2-2
CASSLLSGVLNTEAFF	TRBV28	TRBJ1-1
CASSQYAGQQEFF	TRBV4-3	TRBJ2-1
CASSRAGLPHEQYF	TRBV18	TRBJ2-7
CASSQERWGGGNTIYF	TRBV4-3	TRBJ1-3
CASSSRATGELFF	TRBV19	TRBJ2-2
CASSGETDTQYF	TRBV6-2	TRBJ2-3
CASSVSATGELFF	TRBV19	TRBJ2-2
CASSLEDRVIGSPLHF	TRBV12-3	TRBJ1-6
CASANVGLNTEAFF	TRBV18	TRBJ1-1
CASSQVWKREDTEAFF	TRBV3-1	TRBJ1-1
CASSETTGPAYEQYF	TRBV6-1	TRBJ2-7
CASSPDRESNQPQHF	TRBV18	TRBJ1-5
CASSYGKGMYEQYF	TRBV6-5	TRBJ2-7
CASSPGLGLDTQYF	TRBV13	TRBJ2-3
CASSVGWYGYTF	TRBV19	TRBJ1-2
CASSMDRFTNQPQHF	TRBV19	TRBJ1-5
CASSLAGSYNEQFF	TRBV28	TRBJ2-1
CASSMGLYNEQFF	TRBV19	TRBJ2-1
CASSYRSTQPQHF	TRBV19	TRBJ1-5
CASSIGLFGYTF	TRBV19	TRBJ1-2
CASSIGTGFTEQFF	TRBV19	TRBJ2-1
CASSPLRETGISGANVLTF	TRBV28	TRBJ2-6
CASSILAGDEQFF	TRBV19	TRBJ2-1
CASSFESSYNEQFF	TRBV11-2	TRBJ2-1
CASSYLRAGDNEQFF	TRBV6-6	TRBJ2-1
CSVVGSERRSSYNEQFF	TRBV29-1	TRBJ2-1
CASSKGGISGRTNTGELFF	TRBV6-2	TRBJ2-2
CASSELEAYGYTF	TRBV6-1	TRBJ1-2
CASNGGSYEQYF	TRBV19	TRBJ2-7
CASSDPPGSSYNEQFF	TRBV6-5	TRBJ2-1
CASSIFGGQGSYNEQFF	TRBV19	TRBJ2-1
CASSPRDSGVTGELFF	TRBV9	TRBJ2-2
CASSITGWGSPLHF	TRBV19	TRBJ1-6
CASSVFSGADTQYF	TRBV19	TRBJ2-3
CASSPLYVALREQYF	TRBV14	TRBJ2-7
CASSIRSSYEQFF	TRBV19	TRBJ2-1
CATTIYEQYF	TRBV12-3	TRBJ2-7
CASRTGTGAFYEQYF	TRBV6-2	TRBJ2-7
CASSERADRAAYEQYF	TRBV2	TRBJ2-7
CASSGRSQETQYF	TRBV19	TRBJ2-5
CASSLYSQDEQFF	TRBV19	TRBJ2-1
CASSIRASWEQYF	TRBV19	TRBJ2-7
CASSMRGADTQYF	TRBV19	TRBJ2-3
CASSIPGGGEQFF	TRBV19	TRBJ2-1
CASSPTGWVTREAFF	TRBV19	TRBJ1-1
CASSVAGGDEQFF	TRBV9	TRBJ2-1
CASSLERLAGPDGSYEQYF	TRBV7-2	TRBJ2-7
CASSQVEDSNQPQHF	TRBV4-1	TRBJ1-5
CASSIFGGSGNTIYF	TRBV19	TRBJ1-3
CASSHPEGDVLTF	TRBV14	TRBJ2-6
CASSSRSGNEKLFF	TRBV19	TRBJ1-4
CASSLTGTGFNYGYTF	TRBV27	TRBJ1-2
CASNIFRGGNEQFF	TRBV19	TRBJ2-1
CASSLGRTNQPQHF	TRBV11-2	TRBJ1-5
CASSLFAGTGELFF	TRBV27	TRBJ2-2
CASSIRGAETQYF	TRBV19	TRBJ2-5
CAILGYGSTEAFF	TRBV12-3	TRBJ1-1
CSARDDFGQGSYNEQFF	TRBV20-1	TRBJ2-1
CASNNKDRGYGYTF	TRBV6-1	TRBJ1-2
CASSWGQGSTDTQYF	TRBV5-1	TRBJ2-3
CASSLAAGGPNTEAFF	TRBV5-1	TRBJ1-1
CASSFGLHGYTF	TRBV19	TRBJ1-2
CASSHQGFNDYTF	TRBV19	TRBJ1-2
CASSMVAVSEAFF	TRBV19	TRBJ1-1
CSARDDTTDTQYF	TRBV20-1	TRBJ2-3
CASSKRSSDTQYF	TRBV19	TRBJ2-3
CASGGTSTDTQYF	TRBV19	TRBJ2-3
CASSSGGGGNTIYF	TRBV6-5	TRBJ1-3
CASSPDRGLLNQPQHF	TRBV18	TRBJ1-5
CASSILSYNEQFF	TRBV19	TRBJ2-1
CASSMFDSSYEQYF	TRBV19	TRBJ2-7
CASSIGLLSWQPQHF	TRBV19	TRBJ1-5
CASSLAMTDTTDTQYF	TRBV5-6	TRBJ2-3
CATSDLGDGGNEQFF	TRBV24-1	TRBJ2-1
CATSRDLSFGYGYTF	TRBV15	TRBJ1-2
CASSLLSNQPQHF	TRBV19	TRBJ1-5
CASSLSRPYPETQYF	TRBV28	TRBJ2-5
CSARATSGRDYNEQFF	TRBV20-1	TRBJ2-1
CASSLGVNTEAFF	TRBV14	TRBJ1-1
CASRTFGGSSYNEQFF	TRBV19	TRBJ2-1
CSVETGQTQETQYF	TRBV29-1	TRBJ2-5
CASSTFDTSNQPQHF	TRBV19	TRBJ1-5
CASSRRHDRPGNYGYTF	TRBV7-2	TRBJ1-2
CASSTGTTDTQYF	TRBV19	TRBJ2-3
CASSFGSGRWLNEQFF	TRBV27	TRBJ2-1
CASSMYSTDTQYF	TRBV19	TRBJ2-3
CASSYRGPSGNTIYF	TRBV6-9	TRBJ1-3
CASSLAGAGGYTF	TRBV27	TRBJ1-2
CASSTHGGGNTEAFF	TRBV19	TRBJ1-1
CATSVRSSYEQYF	TRBV24-1	TRBJ2-7
CASSFGTLYGYTF	TRBV19	TRBJ1-2
CASSFYGTGNTEAFF	TRBV19	TRBJ1-1
CASSLGTGMVTDTQYF	TRBV7-8	TRBJ2-3
CASSPLTGSEAFF	TRBV10-2	TRBJ1-1
CASSTLAGAWNEQFF	TRBV19	TRBJ2-1
CAWSAVGGGYGYTF	TRBV30	TRBJ1-2
CASSWRSNQPQHF	TRBV19	TRBJ1-5
CASSLTPGHQPQHF	TRBV5-4	TRBJ1-5
CASSIGWQTQYF	TRBV19	TRBJ2-5
CSARLTGGSGQPQHF	TRBV20-1	TRBJ1-5
CSASGGRQRTEAFF	TRBV20-1	TRBJ1-1
CASSIRAGYEQFF	TRBV19	TRBJ2-1
CACTLVSTEAFF	TRBV30	TRBJ1-1
CASSTRSTHEQYF	TRBV19	TRBJ2-7
CASSVALGMNTEAFF	TRBV9	TRBJ1-1
CASSMSAANQPQHF	TRBV19	TRBJ1-5
CASIAGLVGDTQYF	TRBV7-8	TRBJ2-3
CASSQYSNQPQHF	TRBV19	TRBJ1-5
CASSIRSQVEQFF	TRBV19	TRBJ2-1
CASSTYSNQPQHF	TRBV19	TRBJ1-5
CASSIIGGSYNEQFF	TRBV19	TRBJ2-1
CASSPHGGGNTEAFF	TRBV19	TRBJ1-1
CASSWDRNNEQFF	TRBV5-4	TRBJ2-1
CASSRTGIDEQFF	TRBV18	TRBJ2-1
CASSKRSGVEQYF	TRBV19	TRBJ2-7
CASSPLAGWDIQYF	TRBV27	TRBJ2-4
CASSMERTGSDTGELFF	TRBV19	TRBJ2-2
CSARELDTQYF	TRBV20-1	TRBJ2-3
CASSTRAGETQYF	TRBV19	TRBJ2-5
CASSMTSLNEQFF	TRBV19	TRBJ2-1
CASSKNGQGANPFGELFF	TRBV7-9	TRBJ2-2
CASSEPHGLNQPQHF	TRBV6-1	TRBJ1-5
CASSSELRGLNYGYTF	TRBV19	TRBJ1-2
CASSYSQGVGDTQYF	TRBV6-5	TRBJ2-3
CASSLPGVGYNEQFF	TRBV19	TRBJ2-1
CASSIQHNEQFF	TRBV19	TRBJ2-1
CATSDSSGPYNEQFF	TRBV24-1	TRBJ2-1
CASRGLGGSSYNEQFF	TRBV10-1	TRBJ2-1
CASSSRSGHEQFF	TRBV19	TRBJ2-1
CASKHASGELFF	TRBV7-7	TRBJ2-2
CASSFSAGELFF	TRBV5-6	TRBJ2-2
CASSYIGGGYNEQFF	TRBV6-5	TRBJ2-1
CASSSTLYNEQFF	TRBV19	TRBJ2-1
CASSPSRDLAWGFEKLFF	TRBV11-2	TRBJ1-4
CASSIRSVAEQYF	TRBV19	TRBJ2-7
CASSTYSGSYNEQFF	TRBV19	TRBJ2-1
CASSVVPSSYEQYF	TRBV9	TRBJ2-7
CASSTRGGQPQHF	TRBV19	TRBJ1-5
CASSVRADGELFF	TRBV19	TRBJ2-2
CASSISGTSYNEQFF	TRBV19	TRBJ2-1
CASSVRSTDTQYF	TRBV19	TRBJ2-3
CASSIRGSGELFF	TRBV19	TRBJ2-2
CASRGDGSFRELFF	TRBV2	TRBJ2-2
CSARSGLAGGGDTQYF	TRBV20-1	TRBJ2-3
CASSIRAGDEQYF	TRBV19	TRBJ2-7
CASSWEGINYGYTF	TRBV5-6	TRBJ1-2
CASSSPWGDATEAFF	TRBV28	TRBJ1-1
CASSPTGGPGDTQYF	TRBV18	TRBJ2-3
CASSIRSAGELFF	TRBV19	TRBJ2-2
CSVVGRFTDTQYF	TRBV29-1	TRBJ2-3
CASSPVAGWYNEQFF	TRBV19	TRBJ2-1
CASGTRSADTQYF	TRBV19	TRBJ2-3
CASSFMGQGGSYTF	TRBV27	TRBJ1-2
CASSTGTLYGYTF	TRBV19	TRBJ1-2
CASSIGVAGYTF	TRBV19	TRBJ1-2
CASSQGWDSPLHF	TRBV27	TRBJ1-6
CASSPTGGAGTEAFF	TRBV19	TRBJ1-1
CASSQDRVTEAFF	TRBV4-2	TRBJ1-1
CASSGLAGLNEQFF	TRBV19	TRBJ2-1
CASSLTSGNNEQFF	TRBV19	TRBJ2-1
CASSLGSRNEQFF	TRBV27	TRBJ2-1
CASSYGLNTEAFF	TRBV6-5	TRBJ1-1
CAWSLSMNTEAFF	TRBV30	TRBJ1-1
CASSQVSQGDTGELFF	TRBV4-2	TRBJ2-2
CASSSRASYEQYF	TRBV19	TRBJ2-7
CASSIFGSSGNTIYF	TRBV19	TRBJ1-3
CASSIRSSDTQYF	TRBV19	TRBJ2-3
CASSPKTYSNQPQHF	TRBV19	TRBJ1-5
CACSGTEDQPQHF	TRBV30	TRBJ1-5
CASSIYGTGAYEQYF	TRBV19	TRBJ2-7
CASSMRSAGELFF	TRBV19	TRBJ2-2
CASSMDRGSADTQYF	TRBV19	TRBJ2-3
CAASGRASETQYF	TRBV19	TRBJ2-5
CASSMRSGVEQYF	TRBV19	TRBJ2-7
CASSSTGETQYF	TRBV11-2	TRBJ2-5
CASSLLVSGVSSTDTQYF	TRBV28	TRBJ2-3
CSALDRAIANTGELFF	TRBV20-1	TRBJ2-2
CASSYPIQGTSNQPQHF	TRBV6-6	TRBJ1-5
CASSPQVGSGASYNEQFF	TRBV5-6	TRBJ2-1
CASSDQWGQGPYF	TRBV2	TRBJ2-7
CASSPRGPSTEAFF	TRBV19	TRBJ1-1
CSASPGDYEQYF	TRBV20-1	TRBJ2-7
CATSGRAGVEQFF	TRBV24-1	TRBJ2-1
CASSIRSTEKLFF	TRBV19	TRBJ1-4
CASTPTGVNEQFF	TRBV19	TRBJ2-1
CASRGAGELFF	TRBV2	TRBJ2-2
CSARGGARDMNTEAFF	TRBV20-1	TRBJ1-1
CASSIRSVDTQYF	TRBV19	TRBJ2-3
CSARTIAGEGYNEQFF	TRBV20-1	TRBJ2-1
CASSPSGGATGELFF	TRBV28	TRBJ2-2
CASSQCRGFWTQPQHF	TRBV3-1	TRBJ1-5
CASSIRAGTEQFF	TRBV19	TRBJ2-1
CASSGTSLAEQYF	TRBV19	TRBJ2-7
CASSLGAYGYTF	TRBV19	TRBJ1-2
CASSIFGGAGSYNEQFF	TRBV19	TRBJ2-1
CASSIEQYYEQYF	TRBV19	TRBJ2-7
CASSSTGGTNTEAFF	TRBV19	TRBJ1-1
CASRSQGARGYTF	TRBV5-1	TRBJ1-2
CRYKGQGVSGANVLTF	TRBV20-1	TRBJ2-6
CASSYGASGAYNEQFF	TRBV6-5	TRBJ2-1
CASSYGTGGDAHGYTF	TRBV6-5	TRBJ1-2
CASSDSAGELFF	TRBV7-8	TRBJ2-2
CASSIFGAGELFF	TRBV19	TRBJ2-2
CSARTTGGWEQYF	TRBV20-1	TRBJ2-7
CASSPFLWGAQYF	TRBV9	TRBJ2-3
CASSPLGGNQPQHF	TRBV5-1	TRBJ1-5
CASSPDRAITEAFF	TRBV4-1	TRBJ1-1
CSATRGGRTDTQYF	TRBV20-1	TRBJ2-3
CASSIMAAGGTEQFF	TRBV19	TRBJ2-1
CAIGTGHPRTF	TRBV19	TRBJ1-2
CAISETTDRGGETQYF	TRBV10-3	TRBJ2-5
CASSARSSNEQFF	TRBV19	TRBJ2-1
CASSFGRGSYEQYF	TRBV19	TRBJ2-7
CASSGGLAGSTDTQYF	TRBV9	TRBJ2-3
CASSTRSGNTIYF	TRBV19	TRBJ1-3
CASSIRSSCEQYF	TRBV19	TRBJ2-7
CASSQEGGDTEAFF	TRBV4-1	TRBJ1-1
CASSLPKTINSEQYF	TRBV28	TRBJ2-7
CASSIRATGELFF	TRBV19	TRBJ2-2
CSANRPGTEHSNQPQHF	TRBV20-1	TRBJ1-5
CASSIRSMDIQYF	TRBV19	TRBJ2-4
CASKRGMSNQPQHF	TRBV10-1	TRBJ1-5
CSVEIAGVYNEQFF	TRBV29-1	TRBJ2-1
CASSPFGSDEQFF	TRBV19	TRBJ2-1
CASSQEPPGQGLAYNEQFF	TRBV4-3	TRBJ2-1
CSVDGGGAVPLDTQYF	TRBV29-1	TRBJ2-3
CASSVFGGQPQHF	TRBV19	TRBJ1-5
CASSFRSGTEAFF	TRBV19	TRBJ1-1
CASSSGKGSTDTQYF	TRBV6-4	TRBJ2-3
CASSILVYNEQFF	TRBV19	TRBJ2-1
CASSAVSSTDTQYF	TRBV19	TRBJ2-3
CASSYTTNYGYTF	TRBV19	TRBJ1-2
CASSPPTFSYEQYF	TRBV18	TRBJ2-7
CASSLALAGGFMGNTEAFF	TRBV5-1	TRBJ1-1
CASSPTPGQGVTGELFF	TRBV7-8	TRBJ2-2
CASSGRSGIEQYF	TRBV19	TRBJ2-7
CSVEISGKEDTQYF	TRBV29-1	TRBJ2-3
CASSLLVLDTQYF	TRBV19	TRBJ2-3
CSVQQGNTGELFF	TRBV29-1	TRBJ2-2
CASSTFGANVLTF	TRBV19	TRBJ2-6
CASSWGTGNYEQYF	TRBV28	TRBJ2-7
CASSLTGAPLDTQYF	TRBV7-3	TRBJ2-3
CASSMTSTDTQYF	TRBV19	TRBJ2-3
CASSPTVAGAPETQYF	TRBV27	TRBJ2-5
CASSIRSGVEQYF	TRBV19	TRBJ2-7
CASSMRAAGELFF	TRBV19	TRBJ2-2
CASSFGQGSDTQYF	TRBV27	TRBJ2-3
CATSDLGLAGDTQYF	TRBV24-1	TRBJ2-3
CASSLGDTEAFF	TRBV7-9	TRBJ1-1
CASSSPSGVYNEQFF	TRBV6-6	TRBJ2-1
CAIKLRGSEGDTQYF	TRBV28	TRBJ2-3
CASSFGSYGYTF	TRBV19	TRBJ1-2
CATSGQPQETQYF	TRBV15	TRBJ2-5
CASSLGVGTEAFF	TRBV4-1	TRBJ1-1
CSVARQGGDEQFF	TRBV29-1	TRBJ2-1
CATASSSTDTQYF	TRBV15	TRBJ2-3
CASKGMASGGLRGTGELFF	TRBV7-2	TRBJ2-2
CASSLRVSYNEQFF	TRBV12-4	TRBJ2-1
CASTSWGETQYF	TRBV7-8	TRBJ2-5
CASSIHGLETQYF	TRBV19	TRBJ2-5
CASSLAGSPNEQFF	TRBV5-4	TRBJ2-1
CASSSLSLDRGGGQAFF	TRBV28	TRBJ1-1
CASSSRASGEQYF	TRBV19	TRBJ2-7
CASSPGTSGGPFTDTQYF	TRBV19	TRBJ2-3
CASRGLSAFF	TRBV12-3	TRBJ1-1
CASSTLDRTSGFDTQYF	TRBV7-8	TRBJ2-3
CASSIGGREAFF	TRBV19	TRBJ1-1
CASSLRSGDTQYF	TRBV19	TRBJ2-3
CASSGQSNQPQHF	TRBV25-1	TRBJ1-5
CASSIGMYGYTF	TRBV19	TRBJ1-2
CSAIPTGNYEQYF	TRBV20-1	TRBJ2-7
CASSLLAGLVFDEQFF	TRBV28	TRBJ2-1
CASSQEGAGADEQFF	TRBV4-2	TRBJ2-1
CASSELGGALGPQHF	TRBV10-2	TRBJ1-5
CASSMRGSDTQYF	TRBV19	TRBJ2-3
CASSWGRIYGYTF	TRBV10-2	TRBJ1-2
CASSIWTDQETQYF	TRBV19	TRBJ2-5
CASSVLGSSYNEQFF	TRBV19	TRBJ2-1
CASSRGLSSGNTIYF	TRBV13	TRBJ1-3
CASSMRSTNEQFF	TRBV19	TRBJ2-1
CSVEGGYSYEQYF	TRBV29-1	TRBJ2-7
CASSDLTVEYF	TRBV25-1	TRBJ2-7
CASSKGKLPPGYGYTF	TRBV7-9	TRBJ1-2
CASSYGQNTGELFF	TRBV6-5	TRBJ2-2
CASSGLEGAGDTQYF	TRBV7-2	TRBJ2-3
CASSIMSNQPQHF	TRBV19	TRBJ1-5
CASSIIGSSYNEQFF	TRBV19	TRBJ2-1
CASTPEPGLGPTNEKLFF	TRBV19	TRBJ1-4
CASSVEAAGAGELFF	TRBV9	TRBJ2-2
CASSGGVSGGAGETQYF	TRBV12-3	TRBJ2-5
CASSIRADNEQFF	TRBV19	TRBJ2-1
CASSNFAGNTIYF	TRBV19	TRBJ1-3
CASSFDGVYEQYF	TRBV19	TRBJ2-7
CATSDTHSGANVLTF	TRBV15	TRBJ2-6
CSARDYLNSYEQYF	TRBV20-1	TRBJ2-7
CASSSSGGEYNEQFF	TRBV7-2	TRBJ2-1
CASTRLAGGFNEQFF	TRBV19	TRBJ2-1
CASSQGSYGYTF	TRBV19	TRBJ1-2
CASSAPPPSYEQYF	TRBV9	TRBJ2-7
CAISDSPNTGELFF	TRBV10-3	TRBJ2-2
CASSLGRAVNYGYTF	TRBV27	TRBJ1-2
CASSQGDHSPLHF	TRBV2	TRBJ1-6
CASSYRSQETQYF	TRBV19	TRBJ2-5
CASSSRSGEKLFF	TRBV19	TRBJ1-4
CASSLTIGYNEQFF	TRBV19	TRBJ2-1
CACSGRSGETQYF	TRBV19	TRBJ2-5
CASSDRAGNEQFF	TRBV19	TRBJ2-1
CASSTLSTDTQYF	TRBV19	TRBJ2-3
CASSIRSLETQYF	TRBV19	TRBJ2-5
CSVTHGGGNQPQHF	TRBV29-1	TRBJ1-5
CASSPVAGATTDTQYF	TRBV7-2	TRBJ2-3
CAASTGSYGYTF	TRBV19	TRBJ1-2
CSARTSGDFGEQFF	TRBV20-1	TRBJ2-1
CAISPGQGIGYGYTF	TRBV10-3	TRBJ1-2
CASMELAGLNEQFF	TRBV19	TRBJ2-1
CASSYGVGTEAFF	TRBV6-5	TRBJ1-1
CASTGTANLNTEAFF	TRBV7-8	TRBJ1-1
CASSYFRRLPGQVFYEQYF	TRBV6-2	TRBJ2-7
CASSQGLGASFGFIGYTF	TRBV7-2	TRBJ1-2
CASSIYSGGNNEQFF	TRBV19	TRBJ2-1
CATSERGDLNFGTDTQYF	TRBV15	TRBJ2-3
CASSSTSSTNEKLFF	TRBV7-2	TRBJ1-4
CASSFQSDNEQFF	TRBV19	TRBJ2-1
CASSVLGGGEQFF	TRBV19	TRBJ2-1
CASSISGASNYGYTF	TRBV19	TRBJ1-2
CASSIYSTPDQPQHF	TRBV19	TRBJ1-5
CASSQRSSYEQYF	TRBV19	TRBJ2-7
CASSIRSVYEQYF	TRBV19	TRBJ2-7
CASSLRSSNEQFF	TRBV19	TRBJ2-1
CASSPVGLNTEAFF	TRBV18	TRBJ1-1
CASSIGSYGYTF	TRBV19	TRBJ1-2
CASSDSYLEGGYTF	TRBV6-4	TRBJ1-2
CSAREEGGRDQPQHF	TRBV20-1	TRBJ1-5
CASSQAGGRDEAFF	TRBV4-2	TRBJ1-1
CASSIHKNQPQHF	TRBV19	TRBJ1-5
CASSTTVSGELFF	TRBV19	TRBJ2-2
CASSGPGGVDEQYF	TRBV5-5	TRBJ2-7
CASSYVASGSSNYGYTF	TRBV6-6	TRBJ1-2
CASSSTGGGITEAFF	TRBV19	TRBJ1-1
CASSLSDRATERSYEQYF	TRBV13	TRBJ2-7
CASSQIGTESRNQYF	TRBV28	TRBJ2-7
CASSQDAGLAKNIQYF	TRBV3-1	TRBJ2-4
CSTRDRGLLNTEAFF	TRBV20-1	TRBJ1-1
CASSSRSQETQYF	TRBV19	TRBJ2-5
CASSISAGPYNEQFF	TRBV19	TRBJ2-1
CASSIYSNTEAFF	TRBV19	TRBJ1-1
CASSFLRGSTDTQYF	TRBV28	TRBJ2-3
CASSKNSGNTGELFF	TRBV6-5	TRBJ2-2
CASSTLATDTQYF	TRBV19	TRBJ2-3
CASSIRGGYEQYF	TRBV19	TRBJ2-7
CASSPIGGGGNEQFF	TRBV19	TRBJ2-1
CASSPGTPTDTQYF	TRBV27	TRBJ2-3
CASRPAGGSNQPQHF	TRBV12-3	TRBJ1-5
CSASPRTGGIYEQYF	TRBV20-1	TRBJ2-7
CASSLRQGADEKLFF	TRBV7-9	TRBJ1-4
CSVLGTQEESYEQYF	TRBV29-1	TRBJ2-7
CASSRVLGFRGYGYTF	TRBV4-1	TRBJ1-2
CASSDRATQPQHF	TRBV19	TRBJ1-5
CASSLTSVNEQFF	TRBV19	TRBJ2-1
CASSNRASNEQFF	TRBV19	TRBJ2-1
CASSTLPGGPDEQFF	TRBV19	TRBJ2-1
CASSLRSADTQYF	TRBV19	TRBJ2-3
CASSKRSSGELFF	TRBV19	TRBJ2-2
CASSREPNPNYGYTF	TRBV7-3	TRBJ1-2
CASSGNEPPQYGETQYF	TRBV25-1	TRBJ2-5
CATSREGLGGEQFF	TRBV15	TRBJ2-1
CASSARSMDIQYF	TRBV19	TRBJ2-4
CASSMFGKETQYF	TRBV19	TRBJ2-5
CASSILTGPQPQHF	TRBV19	TRBJ1-5
CASSHGAEAFF	TRBV5-1	TRBJ1-1
CASSLVGGPADTQYF	TRBV7-6	TRBJ2-3
CASSYPIAGHSYNEQFF	TRBV6-6	TRBJ2-1
CASSSDRGGYNEQFF	TRBV28	TRBJ2-1
CASSHRDRATEAFF	TRBV4-1	TRBJ1-1
CASSLGVGWEAFF	TRBV27	TRBJ1-1
CASSMDSNQPQHF	TRBV6-2	TRBJ1-5
CASSIYSKDTQYF	TRBV19	TRBJ2-3
CASRIHGGAINEQFF	TRBV19	TRBJ2-1
CASSSHHGSPLGQYF	TRBV19	TRBJ2-7
CASTVFQGGGQPQHF	TRBV19	TRBJ1-5
CASSIRSTGGLFF	TRBV19	TRBJ2-2
CASSIFSAALRPATF	TRBV19	TRBJ1-2
CSVRDISTNEKLFF	TRBV29-1	TRBJ1-4
CASSIHAGNQPQHF	TRBV19	TRBJ1-5
CATAPLSINEQFF	TRBV19	TRBJ2-1
CASSEPLGGTSYNEQFF	TRBV9	TRBJ2-1
CASSVDRQPGNTIYF	TRBV5-1	TRBJ1-3
CASSQGIRLAGDQETQYF	TRBV4-1	TRBJ2-5
CASSVALAGGSTDTQYF	TRBV9	TRBJ2-3
CASSIRADDEQYF	TRBV19	TRBJ2-7
CSVVVGDLYNEQFF	TRBV29-1	TRBJ2-1
CASSIRADSPLHF	TRBV19	TRBJ1-6
CASSAALSEAFF	TRBV6-5	TRBJ1-1
CASSSPQGVSNTEAFF	TRBV7-6	TRBJ1-1
CSVEVGRAVNTEAFF	TRBV29-1	TRBJ1-1
CASSWTGGGSGEQYF	TRBV5-6	TRBJ2-7
CASSPGTGVGQFF	TRBV19	TRBJ2-1
CASSQGPGLLSYEQYF	TRBV4-1	TRBJ2-7
CASSIRSTDIQYF	TRBV19	TRBJ2-4
CASSPRSGGEQFF	TRBV19	TRBJ2-1
CASSELRYEQYF	TRBV2	TRBJ2-7
CASSYTSGNTGELFF	TRBV6-5	TRBJ2-2
CASSPRGPNTEAFF	TRBV5-4	TRBJ1-1
CASSVDSGSDYEQYF	TRBV9	TRBJ2-7
CASSQDRVRETQYF	TRBV14	TRBJ2-5
CASSLFPGFGEQYF	TRBV27	TRBJ2-7
CASSQPKGPNEKLFF	TRBV7-8	TRBJ1-4
CASNVYSGANVLTF	TRBV19	TRBJ2-6
CASSYSSGQWGWNTEAFF	TRBV6-5	TRBJ1-1
CASRIGAAGNSPLHF	TRBV27	TRBJ1-6
CASSSCSGWTQYF	TRBV19	TRBJ2-5
CASSVRSGYEQFF	TRBV19	TRBJ2-1
CASSMRSNQPQHF	TRBV19	TRBJ1-5
CASTPDSEIYEQYF	TRBV9	TRBJ2-7
CASSLAESVYEQYF	TRBV7-9	TRBJ2-7
CASSRQGVGQPQHF	TRBV4-3	TRBJ1-5
CASSLAYKRQGPSMGTEAFF	TRBV7-8	TRBJ1-1
CASSIPTGGADTQYF	TRBV19	TRBJ2-3
CASRSLAGVWDTQYF	TRBV2	TRBJ2-3
CASSLERGGKLFF	TRBV7-2	TRBJ1-4
CASSETGLNTEAFF	TRBV18	TRBJ1-1
CASSIAGDEQFF	TRBV19	TRBJ2-1
CASRINPGGADEAFF	TRBV19	TRBJ1-1
CASSLFPYRPEAFF	TRBV28	TRBJ1-1
CASSSFGGRPQHF	TRBV19	TRBJ1-5
CASSLVETGELFF	TRBV5-1	TRBJ2-2
CASSGRAGNTIYF	TRBV19	TRBJ1-3
CASSIGTHGYTF	TRBV19	TRBJ1-2
CAYSGTAPHEQYF	TRBV30	TRBJ2-7
CASSQDEYGLIHYGYTF	TRBV4-3	TRBJ1-2
CASSVGVAGFNEKLFF	TRBV9	TRBJ1-4
CASSAGLYGYTF	TRBV19	TRBJ1-2
CASSAFGADTQYF	TRBV19	TRBJ2-3
CASSTHLLDTQYF	TRBV19	TRBJ2-3
CASSLGVAGTNTGELFF	TRBV11-2	TRBJ2-2
CASSMRSDGELFF	TRBV19	TRBJ2-2
CSAPGQGFNEKLFF	TRBV20-1	TRBJ1-4
CSVGQTSSYEQYF	TRBV29-1	TRBJ2-7
CASSIYSNGEQYF	TRBV19	TRBJ2-7
CASSVGGTSTDTQYF	TRBV9	TRBJ2-3
CATSEGDALFQPQHF	TRBV24-1	TRBJ1-5
CASSFFQGVGEQYF	TRBV27	TRBJ2-7
CASSLVQASENEQYF	TRBV5-1	TRBJ2-7
CASSIYGAYEQYF	TRBV19	TRBJ2-7
CASSAVGTGWHEQYF	TRBV9	TRBJ2-7
CASSLERNTYEQYF	TRBV28	TRBJ2-7
CASSLVPGQASYEQYF	TRBV7-9	TRBJ2-7
CASSGRSNRPQHF	TRBV19	TRBJ1-5
CASSEGTSSYNEQFF	TRBV25-1	TRBJ2-1
CASSPGGMNTEAFF	TRBV19	TRBJ1-1
CASSQETGLGNQPQHF	TRBV4-2	TRBJ1-5
CASSDRSGNEQFF	TRBV19	TRBJ2-1
CASSIRVGYEQYF	TRBV19	TRBJ2-7
CASSIRSGNEQYF	TRBV19	TRBJ2-7
CASSLRREGEVGQPQHF	TRBV7-3	TRBJ1-5
CASSPDRAEGDTQYF	TRBV4-3	TRBJ2-3
CASSTLRGPYNEQFF	TRBV19	TRBJ2-1
CASSIGMGGTYNEQFF	TRBV19	TRBJ2-1
CASSLGGSAYNEQFF	TRBV27	TRBJ2-1
CAISESNDGNEQFF	TRBV10-3	TRBJ2-1
CASSYGQNYEQYF	TRBV7-8	TRBJ2-7
CASSIGLNMGNQPQHF	TRBV19	TRBJ1-5
CASSEHRTGSDYGYTF	TRBV6-1	TRBJ1-2
CASSIHSGGNNEQFF	TRBV19	TRBJ2-1
CASSFLRFYGYTF	TRBV28	TRBJ1-2
CASSFGENTGELFF	TRBV27	TRBJ2-2
CASSAYGGNTEAFF	TRBV19	TRBJ1-1
CASTETGPYGYTF	TRBV12-3	TRBJ1-2
CASSPRGDGSYTF	TRBV18	TRBJ1-2
CASSSRAGDTQYF	TRBV19	TRBJ2-3
CASSIYSSSYNEQFF	TRBV19	TRBJ2-1
CASSMFGTEEQYF	TRBV19	TRBJ2-7
CASSIISLVHNEQFF	TRBV19	TRBJ2-1
CASSLNRGPSDTQYF	TRBV7-8	TRBJ2-3
