CASSVQSSYEQYF	TRBV19	TRBJ2-7
CASSLERSRRPYEAFF	TRBV7-9	TRBJ1-1
CSARETGLAGWIDTQYF	TRBV20-1	TRBJ2-3
CASSMYLVSLNEQYF	TRBV19	TRBJ2-7
CSARLADNEQFF	TRBV20-1	TRBJ2-1
CASSYTGGLRYGYTF	TRBV12-3	TRBJ1-2
CASTLAGGLPEQFF	TRBV19	TRBJ2-1
CASSIFVGAHEAFF	TRBV19	TRBJ1-1
CAWSLSMNTEAFF	TRBV30	TRBJ1-1
CASSLVPTGQETQYF	TRBV11-2	TRBJ2-5
CASSQGWDSPLHF	TRBV27	TRBJ1-6
CSVEDSSYGYTF	TRBV29-1	TRBJ1-2
CASSFGQGSEKLFF	TRBV27	TRBJ1-4
CASSVRSSYEQYF	TRBV19	TRBJ2-7
CASSSLVMVAGQPYEQYF	TRBV27	TRBJ2-7
CASSYCPELAKNIQYF	TRBV6-9	TRBJ2-4
CASSISGSGNEQFF	TRBV19	TRBJ2-1
CASSIFGNGYTF	TRBV19	TRBJ1-2
CASSPGTSVNEQFF	TRBV19	TRBJ2-1
CASSMRSSGTQYF	TRBV19	TRBJ2-5
CASSTISLDIQYF	TRBV19	TRBJ2-4
CASLPWAGGPYNEQFF	TRBV19	TRBJ2-1
CASSIFDGSYEQYF	TRBV19	TRBJ2-7
CASSMGYYGYTF	TRBV19	TRBJ1-2
CASSIRSTDAQYF	TRBV19	TRBJ2-3
CASSSKPYEQYF	TRBV7-9	TRBJ2-7
CASSYSLDSHSNQPQHF	TRBV6-2	TRBJ1-5
CASSAGGQVEEQYF	TRBV7-8	TRBJ2-7
CASSIRSGDTQYF	TRBV19	TRBJ2-3
CASSTVSSYEQYF	TRBV7-2	TRBJ2-7
CASSLRDGTSRTGWETQYF	TRBV3-1	TRBJ2-5
CASNQRGGRNEQFF	TRBV27	TRBJ2-1
CASSIYGAYEQYF	TRBV19	TRBJ2-7
CASSTPGDEQYF	TRBV5-4	TRBJ2-7
CASSSRSGDTQYF	TRBV19	TRBJ2-3
CSVRTGRDEQYF	TRBV29-1	TRBJ2-7
CASSIFGNTIYF	TRBV19	TRBJ1-3
CASSLAPDRGETQYF	TRBV5-1	TRBJ2-5
CASSPDSYNQPQHF	TRBV7-8	TRBJ1-5
CASSYSGTGFQVRQYF	TRBV6-2	TRBJ2-7
CASSIAVTNYGYTF	TRBV19	TRBJ1-2
CASSYGLEQFF	TRBV6-3	TRBJ2-1
CSARGGDAEQYF	TRBV20-1	TRBJ2-7
CASSQMTGLNTEAFF	TRBV28	TRBJ1-1
CASSIRSGPYTEAFF	TRBV19	TRBJ1-1
CRGQGSNQPQHF	TRBV20-1	TRBJ1-5
CASSPQGINYGYTF	TRBV7-6	TRBJ1-2
CASRWGAEAFF	TRBV19	TRBJ1-1
CASSQDRLAGNYEQYF	TRBV3-1	TRBJ2-7
CASSPHRDFYTDTQYF	TRBV2	TRBJ2-3
CASSTYNEQFF	TRBV25-1	TRBJ2-1
CSAETGVGQPQHF	TRBV20-1	TRBJ1-5
CASSWDRGTGEQYF	TRBV19	TRBJ2-7
CASSFFSSGNTIYF	TRBV19	TRBJ1-3
CASSLQGGPKNIQYF	TRBV11-1	TRBJ2-4
CASSFGQGADEQYF	TRBV27	TRBJ2-7
CASSTSHVGTEAFF	TRBV6-1	TRBJ1-1
CASSSYLQDRGTGELFF	TRBV6-2	TRBJ2-2
CASSSRSQYEQYF	TRBV19	TRBJ2-7
CASSSGSNNEQFF	TRBV11-1	TRBJ2-1
CASSASGTTDTQYF	TRBV9	TRBJ2-3
CASSTRDLAKSSYNSPLHF	TRBV28	TRBJ1-6
CASSIFGGSNQPQHF	TRBV19	TRBJ1-5
CASGYSPLHF	TRBV19	TRBJ1-6
CASSIVPWGGADGYTF	TRBV19	TRBJ1-2
CASSFMGASTDTQYF	TRBV12-3	TRBJ2-3
CASGPAYGYTF	TRBV19	TRBJ1-2
CASSILSGAYNEQFF	TRBV19	TRBJ2-1
CASSFGPRDTQYF	TRBV27	TRBJ2-3
CASSTLGLAGGSFF	TRBV7-9	TRBJ2-1
CASNEGPYNEQFF	TRBV10-2	TRBJ2-1
CASRLGSYNEQFF	TRBV12-5	TRBJ2-1
CSVEWDPPRRGTEAFF	TRBV29-1	TRBJ1-1
CASSYLVAEAFF	TRBV6-2	TRBJ1-1
CASSQGTGELFF	TRBV5-4	TRBJ2-2
CAWSPGTGAYGYTF	TRBV30	TRBJ1-2
CASSSSAPTPDTQYF	TRBV6-6	TRBJ2-3
CASSYSTVRDESFATDTQYF	TRBV6-2	TRBJ2-3
CASSIRSYYEQFF	TRBV19	TRBJ2-1
CASSIHSTDTQYF	TRBV19	TRBJ2-3
CASSISSTGELFF	TRBV19	TRBJ2-2
CASSSYSGNTIYF	TRBV19	TRBJ1-3
CSALGGTQYF	TRBV20-1	TRBJ2-3
CASSIMAAGGTEQFF	TRBV19	TRBJ2-1
CASSIFSGLNEQFF	TRBV19	TRBJ2-1
CASSPGLGLDTQYF	TRBV13	TRBJ2-3
CASSSSAGERETQYF	TRBV11-2	TRBJ2-5
CASSGRATDTQYF	TRBV19	TRBJ2-3
CSARGDWNYEQYF	TRBV20-1	TRBJ2-7
CASSQVGTGYNEQFF	TRBV14	TRBJ2-1
CASSQGRQETQYF	TRBV4-3	TRBJ2-5
CASSALVLYATDTQYF	TRBV28	TRBJ2-3
CSAKQVDSNQPQHF	TRBV20-1	TRBJ1-5
CASSFGSGNNEQFF	TRBV5-6	TRBJ2-1
CAWTGTGKIGWDSPLHF	TRBV30	TRBJ1-6
CASSMGLYGYTF	TRBV19	TRBJ1-2
CASSLRKGFDEQYF	TRBV19	TRBJ2-7
CASSVGLYGYTF	TRBV19	TRBJ1-2
CASSAGPYNEQFF	TRBV9	TRBJ2-1
CASSPRSAGELFF	TRBV19	TRBJ2-2
CASSTRSGSPLHF	TRBV19	TRBJ1-6
CASSLEVGLGGYTF	TRBV7-8	TRBJ1-2
CASSYPGQYNEQFF	TRBV6-5	TRBJ2-1
CASSLAVTDGAEAFF	TRBV7-9	TRBJ1-1
CASSTETVNTEAFF	TRBV19	TRBJ1-1
CSVEDISGYNEQFF	TRBV29-1	TRBJ2-1
CASSQERGGYNEQFF	TRBV4-2	TRBJ2-1
CASSQVLTGLDEQFF	TRBV4-2	TRBJ2-1
CASSSSSGETQYF	TRBV19	TRBJ2-5
CASSTRSGIEQFF	TRBV19	TRBJ2-1
CASSLRASETQYF	TRBV19	TRBJ2-5
CASSIFGGFHNEQFF	TRBV19	TRBJ2-1
CASSSRPFWDRAMEGANVLTF	TRBV6-5	TRBJ2-6
CASSLWWRGGTDTQYF	TRBV28	TRBJ2-3
CASTLGERNPRGYTF	TRBV7-9	TRBJ1-2
CATSRVAGEEQFF	TRBV15	TRBJ2-1
CASSIRSTEGAFF	TRBV19	TRBJ1-1
CASRSFSNQPQHF	TRBV27	TRBJ1-5
CAISESTGAKDEQYF	TRBV10-3	TRBJ2-7
CASTPGIYNSPLHF	TRBV27	TRBJ1-6
CASSLVSASTDTQYF	TRBV25-1	TRBJ2-3
CASSWRGNQPQHF	TRBV5-6	TRBJ1-5
CASSSAAAYEQYF	TRBV7-9	TRBJ2-7
CASRTGARGYTF	TRBV27	TRBJ1-2
CASSIFHTETQYF	TRBV19	TRBJ2-5
CASSLTGSPYNEQFF	TRBV27	TRBJ2-1
CASSEALLGNQPQHF	TRBV2	TRBJ1-5
CASSPGGMNTEAFF	TRBV19	TRBJ1-1
CAILGYGSTEAFF	TRBV12-3	TRBJ1-1
CASSPPGVREQFF	TRBV7-2	TRBJ2-1
CASSSGLGVGYTF	TRBV27	TRBJ1-2
CASSQDLEGEGYNEQFF	TRBV3-1	TRBJ2-1
CASSGYSVDTQYF	TRBV19	TRBJ2-3
CASSPSRDLAWGFEKLFF	TRBV11-2	TRBJ1-4
CSAQTKWYEQYF	TRBV20-1	TRBJ2-7
CASSHGAEAFF	TRBV5-1	TRBJ1-1
CASSLVEGGLAGSYNEQFF	TRBV7-6	TRBJ2-1
CASSTIEGQGGRHTQYF	TRBV9	TRBJ2-3
CASSLTGTGFNYGYTF	TRBV27	TRBJ1-2
CASSLNRGGSYEQYF	TRBV12-3	TRBJ2-7
CASGIPWEQYF	TRBV19	TRBJ2-7
CSARTVYEQYF	TRBV20-1	TRBJ2-7
CASSRTASSYNEQFF	TRBV28	TRBJ2-1
CASSRTSDTQYF	TRBV7-9	TRBJ2-3
CATSSGIYGYTF	TRBV15	TRBJ1-2
CASSSHEGSGGYTF	TRBV11-1	TRBJ1-2
CSVEYGTKFF	TRBV29-1	TRBJ2-1
CASSVELSTDTQYF	TRBV9	TRBJ2-3
CASRGNEQFF	TRBV19	TRBJ2-1
CTSSMRSSGTQYF	TRBV7-2	TRBJ2-5
CASGLVPGGVVYEQYF	TRBV12-5	TRBJ2-7
CASSLGLDRAYATNEKLFF	TRBV12-3	TRBJ1-4
CASSYAETQYF	TRBV6-5	TRBJ2-5
CASSFRAGETQYF	TRBV19	TRBJ2-5
CASSLEEGGGAYEQYF	TRBV28	TRBJ2-7
CASSEGQVSPGELFF	TRBV2	TRBJ2-2
CASSFGQGLGAFF	TRBV27	TRBJ1-1
CASSQDPDTQYF	TRBV4-2	TRBJ2-3
CASSEFGTSGSGEQFF	TRBV6-4	TRBJ2-1
CASSIGTGIYEQYF	TRBV19	TRBJ2-7
CASSTHGGGNTEAFF	TRBV19	TRBJ1-1
CASSPQAGASYEQYF	TRBV11-1	TRBJ2-7
CASSPGTGPRTLHF	TRBV7-3	TRBJ1-6
CASSITGGEGGELFF	TRBV19	TRBJ2-2
CASSLIFRDGEKLFF	TRBV12-4	TRBJ1-4
CASSQLGGISNQPQHF	TRBV12-3	TRBJ1-5
CASSIYSGNTIYF	TRBV19	TRBJ1-3
CASSFLTGNTEAFF	TRBV7-6	TRBJ1-1
CASSHAAGLAGLQETQYF	TRBV18	TRBJ2-5
CATSDWTGGANTEAFF	TRBV24-1	TRBJ1-1
CASSQGDHSPLHF	TRBV2	TRBJ1-6
CASSIFSGPGIEAFF	TRBV19	TRBJ1-1
CASSTFSNPYNEQFF	TRBV19	TRBJ2-1
CASSLSGNRQETQYF	TRBV2	TRBJ2-5
CASSLAGTMGQFF	TRBV19	TRBJ2-1
CSVGSGDHGEQFF	TRBV29-1	TRBJ2-1
CASSLVETGELFF	TRBV5-1	TRBJ2-2
CASSTRATETQYF	TRBV19	TRBJ2-5
CASSTRGGYEQYF	TRBV19	TRBJ2-7
CASSVDPAQETQYF	TRBV9	TRBJ2-5
CASSIISLVHNEQFF	TRBV19	TRBJ2-1
CASSIYSGSYNEQFF	TRBV19	TRBJ2-1
CASSSDDWTVAKNIQYF	TRBV12-3	TRBJ2-4
CATSDFCRPQADNSPLHF	TRBV24-1	TRBJ1-6
CASSKNSGNTGELFF	TRBV6-5	TRBJ2-2
CASSIVGGNYNEQFF	TRBV19	TRBJ2-1
CASSVGMYGYTF	TRBV19	TRBJ1-2
CASSIFDSAREQFF	TRBV19	TRBJ2-1
CATSRPVGEYTEAFF	TRBV15	TRBJ1-1
CASSERSTDTQYF	TRBV19	TRBJ2-3
CASKGLSYEQYF	TRBV2	TRBJ2-7
CASSPTGGAGSTDTQYF	TRBV18	TRBJ2-3
CASSGGHQNNEKLFF	TRBV9	TRBJ1-4
CASSFRSTGELFF	TRBV19	TRBJ2-2
CASSTYSIDTQYF	TRBV19	TRBJ2-3
CASSQGSMGEQYF	TRBV4-1	TRBJ2-7
CASSGRAGNTIYF	TRBV19	TRBJ1-3
CASSKRSGVEQYF	TRBV19	TRBJ2-7
CASMVGQGTGELFF	TRBV6-5	TRBJ2-2
CASSITGVYGYTF	TRBV19	TRBJ1-2
CASSTLAGAWNEQFF	TRBV19	TRBJ2-1
CASSPSSNQPQHF	TRBV19	TRBJ1-5
CASGLVPGGLVYEQYF	TRBV12-5	TRBJ2-7
CASSQWTQHF	TRBV12-3	TRBJ1-5
CASSQDPSGGFAYEQYF	TRBV3-1	TRBJ2-7
CASSIGSAFEQYF	TRBV19	TRBJ2-7
CASSTWTRDEQFF	TRBV19	TRBJ2-1
CASSSGQGFTDTQYF	TRBV7-9	TRBJ2-3
CASSFGLYGYTF	TRBV19	TRBJ1-2
CASSIRSQTEQFF	TRBV19	TRBJ2-1
CASSMSGVPTDTQYF	TRBV19	TRBJ2-3
CASSVADRGFADTQYF	TRBV9	TRBJ2-3
CASSESTLSLTEAFF	TRBV2	TRBJ1-1
CASSSRSGYEQYF	TRBV19	TRBJ2-7
CASSMRAGETQYF	TRBV19	TRBJ2-5
CASSLGDRAGGYTF	TRBV12-3	TRBJ1-2
CASSLLQGPSYEQYF	TRBV7-8	TRBJ2-7
CASSIFGSSNQPQHF	TRBV19	TRBJ1-5
CASSPASGNEQYF	TRBV27	TRBJ2-7
CASSTWTAPQETQYF	TRBV9	TRBJ2-5
CASSIFGGAGSYNEQFF	TRBV19	TRBJ2-1
CASSWDTDSPLHF	TRBV5-4	TRBJ1-6
CASSPRSAEPQHF	TRBV19	TRBJ1-5
CASSIYGGAGNEQFF	TRBV19	TRBJ2-1
CASSQDTGSTEAFF	TRBV4-3	TRBJ1-1
CASSIFAHSSQPQHF	TRBV19	TRBJ1-5
CASGVRSGEVEQFF	TRBV19	TRBJ2-1
CASSDSRQGAFRRETQYF	TRBV6-4	TRBJ2-5
CASAWTLNTEAFF	TRBV19	TRBJ1-1
CASSFRSGTEAFF	TRBV19	TRBJ1-1
CASSIFVGALSDEQYF	TRBV19	TRBJ2-7
CSASGLWTGADTQYF	TRBV20-1	TRBJ2-3
CASSSLGGHGEAFF	TRBV7-9	TRBJ1-1
CASSYFGLAFQETQYF	TRBV6-6	TRBJ2-5
CASSLAQGMGPGNTIYF	TRBV12-3	TRBJ1-3
CASSIRSTNEQFF	TRBV19	TRBJ2-1
CASTPGTGVSGEQYF	TRBV3-1	TRBJ2-7
CASSMRSGTMAFF	TRBV19	TRBJ1-1
CASSIFHTHYEQYF	TRBV19	TRBJ2-7
CASSDWGTEAFF	TRBV10-2	TRBJ1-1
CASSERDRTTNEKLFF	TRBV16	TRBJ1-4
CSVDGTGEGANVLTF	TRBV29-1	TRBJ2-6
CASSLGVAVYEQYF	TRBV4-2	TRBJ2-7
CAVQMGRGYTF	TRBV6-5	TRBJ1-2
CASSYVGPESTDTQYF	TRBV6-5	TRBJ2-3
CASSLWLGGDTHYGYTF	TRBV28	TRBJ1-2
CASSQDEDGFMNTEAFF	TRBV3-1	TRBJ1-1
CASSKVGTVDQPQHF	TRBV7-9	TRBJ1-5
CSVEDRSYFAGYTF	TRBV29-1	TRBJ1-2
CASRTGTGAFYEQYF	TRBV6-2	TRBJ2-7
CASSPIGQGAGSNQPQHF	TRBV27	TRBJ1-5
CASSLGPITGLPYNEQFF	TRBV5-6	TRBJ2-1
CASSYARTPLHF	TRBV5-6	TRBJ1-6
CASSMFGTEEQYF	TRBV19	TRBJ2-7
CASSIVSSETQYF	TRBV19	TRBJ2-5
CASRGGTIAFF	TRBV19	TRBJ1-1
CAGSIRSTETQYF	TRBV19	TRBJ2-5
CASSQTSFYGEQYF	TRBV6-5	TRBJ2-7
CASSFGLHDYTF	TRBV19	TRBJ1-2
CASSEALVLEQFF	TRBV7-6	TRBJ2-1
CASSIQGITEAFF	TRBV25-1	TRBJ1-1
CASSLYKGIQETQYF	TRBV28	TRBJ2-5
CASSSTGAYNEQFF	TRBV19	TRBJ2-1
CASSVRAAWEQYF	TRBV19	TRBJ2-7
CAWSRVGGYEQYF	TRBV30	TRBJ2-7
CASSIYSGPYNEQFF	TRBV19	TRBJ2-1
CASSIRSGAEQYF	TRBV19	TRBJ2-7
CASSLEAVSIHGYTF	TRBV7-2	TRBJ1-2
CASSIQGAGELFF	TRBV19	TRBJ2-2
CASSEWYLMNTEAFF	TRBV6-1	TRBJ1-1
CASSDRATGELFF	TRBV19	TRBJ2-2
CASSLGPTGELFF	TRBV5-6	TRBJ2-2
CASSVRSAYEQYF	TRBV19	TRBJ2-7
CSVAQTGGYEQYF	TRBV29-1	TRBJ2-7
CASSPTSGGNNEQFF	TRBV6-1	TRBJ2-1
CSARGLSNEQFF	TRBV20-1	TRBJ2-1
CASSGRASDTQYF	TRBV19	TRBJ2-3
CSVDTGSPGYGYTF	TRBV29-1	TRBJ1-2
CASSSGQDGGYTF	TRBV5-4	TRBJ1-2
CASSQEGVEAFF	TRBV3-1	TRBJ1-1
CASSMGVTEAFF	TRBV19	TRBJ1-1
CASSIYSGPGNTIYF	TRBV19	TRBJ1-3
CASSPQADYEQYF	TRBV19	TRBJ2-7
CSARDLTAGSYEQYF	TRBV20-1	TRBJ2-7
CASSYVPGRNNNQPQHF	TRBV6-5	TRBJ1-5
CASSMVAVSEAFF	TRBV19	TRBJ1-1
CASSPIAQETQYF	TRBV19	TRBJ2-5
CATTIYEQYF	TRBV12-3	TRBJ2-7
CASRSAYEQYF	TRBV19	TRBJ2-7
CARALFGNTIYF	TRBV27	TRBJ1-3
CASSYHGLDEQFF	TRBV19	TRBJ2-1
CASSQGGLGDSEQFF	TRBV3-1	TRBJ2-1
CASSLEGLADTDTQYF	TRBV5-4	TRBJ2-3
CASSILGSSRNEQFF	TRBV19	TRBJ2-1
CASSLGETQYF	TRBV13	TRBJ2-5
CASSSRSTEKLFF	TRBV19	TRBJ1-4
CASSLVPGQASYEQYF	TRBV7-9	TRBJ2-7
CASSIFTGGTEAFF	TRBV19	TRBJ1-1
CASSMFPGRNEQFF	TRBV19	TRBJ2-1
CATSGRAGNEQFF	TRBV24-1	TRBJ2-1
CASSLYDTNTEAFF	TRBV7-9	TRBJ1-1
CASSVGDLLTGELFF	TRBV9	TRBJ2-2
CASRSGAKAFF	TRBV19	TRBJ1-1
CASRTLRLAGGLFTDTQYF	TRBV28	TRBJ2-3
CASSMTGYNEQFF	TRBV19	TRBJ2-1
CASTAGRGTGELFF	TRBV6-6	TRBJ2-2
CAISESTGLRDEQFF	TRBV10-3	TRBJ2-1
CASSYSSGGAETQYF	TRBV6-5	TRBJ2-5
CASSSSRSTDTQYF	TRBV11-1	TRBJ2-3
CASSIRTAANYGYTF	TRBV19	TRBJ1-2
CASSSRSSGELFF	TRBV19	TRBJ2-2
CASSIRSVDTQYF	TRBV19	TRBJ2-3
CSARDSGTGLPATYSGNTIYF	TRBV20-1	TRBJ1-3
CASSLGGFNGYTF	TRBV12-3	TRBJ1-2
CASSIRSSWKLFF	TRBV19	TRBJ2-2
CSVGGTSGISSYEQYF	TRBV29-1	TRBJ2-7
CASSSTGAGELFF	TRBV6-5	TRBJ2-2
CAWSPAGLAMYEQYF	TRBV30	TRBJ2-7
CASSLYASGGATDTQYF	TRBV28	TRBJ2-3
CASSIYGSDEQFF	TRBV19	TRBJ2-1
CASSAVWGYEQYF	TRBV19	TRBJ2-7
CSAPWTGLNEQFF	TRBV29-1	TRBJ2-1
CASSIRAGIEQFF	TRBV19	TRBJ2-1
CASSLDGRPHLEQYF	TRBV7-9	TRBJ2-7
CASSVSGSTDTQYF	TRBV9	TRBJ2-3
CASSQGEGNEQFF	TRBV19	TRBJ2-1
CASDTGGGYGYTF	TRBV19	TRBJ1-2
CSVEVEGAASYEQYF	TRBV29-1	TRBJ2-7
CSAPVVTGPTDTQYF	TRBV20-1	TRBJ2-3
CASSPSGNEQFF	TRBV5-1	TRBJ2-1
CASSLAYKRQGPSMGTEAFF	TRBV7-8	TRBJ1-1
CASSIYSKDTQYF	TRBV19	TRBJ2-3
CASSIRSSQPQHF	TRBV19	TRBJ1-5
CASSLWTGNTEAFF	TRBV27	TRBJ1-1
CASSTYSTDTQYF	TRBV19	TRBJ2-3
CASSIRSSYEQFF	TRBV19	TRBJ2-1
CASSLTGSTPTDTQYF	TRBV7-3	TRBJ2-3
CASSFARAYEQYF	TRBV28	TRBJ2-7
CASSLGRETQYF	TRBV28	TRBJ2-5
CASSQEHNSGPYEQYF	TRBV4-1	TRBJ2-7
CATSRPTGSSSGANVLTF	TRBV15	TRBJ2-6
CASSDRDSYNEQFF	TRBV9	TRBJ2-1
CASSYSGDYNEQFF	TRBV6-5	TRBJ2-1
CATSRERWGEYEQYF	TRBV15	TRBJ2-7
CASSQDSGRYNEQFF	TRBV4-1	TRBJ2-1
CASGIIAGGYNEQFF	TRBV19	TRBJ2-1
CASSRLAGVETQYF	TRBV19	TRBJ2-5
CASSTKEGGTGELFF	TRBV19	TRBJ2-2
CASSPLLSESYNEQFF	TRBV4-1	TRBJ2-1
CASSVRSTDMQYF	TRBV19	TRBJ2-3
CASSIRSAYEQFF	TRBV19	TRBJ2-1
CASSGRAGTEAFF	TRBV19	TRBJ1-1
CASSQDPLWRRTGALRGTGELFF	TRBV4-3	TRBJ2-2
CSVEKGTATLEQYF	TRBV29-1	TRBJ2-7
CASSIFGGSSYNEQFF	TRBV19	TRBJ2-1
CSANQRTGVRWNEQFF	TRBV20-1	TRBJ2-1
CASSQEVLRTDTQYF	TRBV4-1	TRBJ2-3
CASSQGLANTDTQYF	TRBV7-9	TRBJ2-3
CASSDPAGNTIYF	TRBV25-1	TRBJ1-3
CASSIGMHGYTF	TRBV19	TRBJ1-2
CASSFRLAGVSDTQYF	TRBV7-2	TRBJ2-3
CASSKRGSYEQYF	TRBV19	TRBJ2-7
CASSLGFNEQFF	TRBV27	TRBJ2-1
CASSTRDLLYQETQYF	TRBV7-8	TRBJ2-5
CSVVVGDLYNEQFF	TRBV29-1	TRBJ2-1
CASSRNYGYTF	TRBV4-1	TRBJ1-2
CASSMVAVTTDTQYF	TRBV19	TRBJ2-3
CASSVDLDSSYNEQFF	TRBV9	TRBJ2-1
CATSRDRSSGNTIYF	TRBV15	TRBJ1-3
CASSIYSNGEQYF	TRBV19	TRBJ2-7
CASSARASDTQYF	TRBV19	TRBJ2-3
CATSRAWDYGNPLSGNSGANVLTF	TRBV15	TRBJ2-6
CASSDELETLKLYGYTF	TRBV2	TRBJ1-2
CSARDVSLAGGPDEQYF	TRBV20-1	TRBJ2-7
CASSIHSANQPQHF	TRBV19	TRBJ1-5
CASSIGIESYEQYF	TRBV19	TRBJ2-7
CASSPLAGLYNEQFF	TRBV19	TRBJ2-1
CASSTGLYGYTF	TRBV19	TRBJ1-2
CASSKRATSTDTQYF	TRBV28	TRBJ2-3
CASSIYGAGELFF	TRBV19	TRBJ2-2
CASSIFYRAEAFF	TRBV19	TRBJ1-1
CASSPVAGWYNEQFF	TRBV19	TRBJ2-1
CSAISGSGGVGDTQYF	TRBV20-1	TRBJ2-3
CAWTGDTEAFF	TRBV30	TRBJ1-1
CASGGTGPWNEQFF	TRBV6-5	TRBJ2-1
CSANSSPLHF	TRBV20-1	TRBJ1-6
CASSPEAGVSNTEAFF	TRBV18	TRBJ1-1
CAIQTGWDFWDGYTF	TRBV6-1	TRBJ1-2
CASSESWDTQYF	TRBV10-1	TRBJ2-3
CASSPWILYNEQFF	TRBV19	TRBJ2-1
CASSTRGGTEAFF	TRBV19	TRBJ1-1
CASSVLGGGEQFF	TRBV19	TRBJ2-1
CASSTGYYGYTF	TRBV19	TRBJ1-2
CASSYRSAYEQYF	TRBV19	TRBJ2-7
CSVGGQGARCNQPQHF	TRBV29-1	TRBJ1-5
CASSQDAGTSGSLQGEQYF	TRBV4-3	TRBJ2-7
CASSSTGLLNEQFF	TRBV18	TRBJ2-1
CASSGPGGVDEQYF	TRBV5-5	TRBJ2-7
CASSVEAAGAGELFF	TRBV9	TRBJ2-2
CSVGDGNEKLFF	TRBV29-1	TRBJ1-4
CASSIYGNTEAFF	TRBV19	TRBJ1-1
CSADQGEHYNEQFF	TRBV20-1	TRBJ2-1
CASSDRATQPQHF	TRBV19	TRBJ1-5
CASSSSNQPQHF	TRBV12-3	TRBJ1-5
CSARGWSSYEQYF	TRBV20-1	TRBJ2-7
CASSPRSGGEQFF	TRBV19	TRBJ2-1
CATSDLEGWTQYF	TRBV24-1	TRBJ2-5
CASRYSGGDTGELFF	TRBV19	TRBJ2-2
CASSLWMNTEAFF	TRBV27	TRBJ1-1
CASGPGSSYNEQFF	TRBV6-2	TRBJ2-1
CASSLLVSGVSSTDTQYF	TRBV28	TRBJ2-3
CASSMVATDTQYF	TRBV19	TRBJ2-3
CASSIRSEDTQYF	TRBV19	TRBJ2-3
CAISESNDGNEQFF	TRBV10-3	TRBJ2-1
CASATGTYGYTF	TRBV19	TRBJ1-2
CATSAPLRQGLFNYGYTF	TRBV24-1	TRBJ1-2
CATSQGSYGYTF	TRBV15	TRBJ1-2
CASSSHHGSPLGQYF	TRBV19	TRBJ2-7
CASSMYGYTEAFF	TRBV19	TRBJ1-1
CASSRLSTDTQYF	TRBV19	TRBJ2-3
CAWSDIWENYNSPLHF	TRBV30	TRBJ1-6
CASSHRSTDTQYF	TRBV19	TRBJ2-3
CASSQEDAGAPYNEQFF	TRBV14	TRBJ2-1
CSVEDEGLTDTQYF	TRBV29-1	TRBJ2-3
CASSIVSVDEQFF	TRBV19	TRBJ2-1
CASSQDLASGTYNEQFF	TRBV4-3	TRBJ2-1
CASSPHWSSYEQYF	TRBV19	TRBJ2-7
CASSLGRNSGNTIYF	TRBV6-5	TRBJ1-3
CASSSRSRQYRGSSYEQYF	TRBV5-6	TRBJ2-7
CASKSEKGAGGSPLHF	TRBV3-1	TRBJ1-6
CASSQDWPGGAGELFF	TRBV3-1	TRBJ2-2
CASSIGAYRYTF	TRBV19	TRBJ1-2
CASSPETSEPHNEQFF	TRBV3-1	TRBJ2-1
CASGLVPEGLVYEQYF	TRBV12-5	TRBJ2-7
CASSIVASGAGGELFF	TRBV19	TRBJ2-2
CASSIRSDEKLFF	TRBV19	TRBJ1-4
CASSPTADNQPQHF	TRBV2	TRBJ1-5
CSARTGGMFYNEQFF	TRBV20-1	TRBJ2-1
CASSLGDNTEAFF	TRBV7-9	TRBJ1-1
CASSLGQGRETQYF	TRBV7-6	TRBJ2-5
CASSEDTGLLETQYF	TRBV6-1	TRBJ2-5
CASSQRAAHIQYF	TRBV19	TRBJ2-4
CASSQDLAGGPDTQYF	TRBV4-3	TRBJ2-3
CASSPNIASNNEQFF	TRBV27	TRBJ2-1
CASSLGLGYEQFF	TRBV13	TRBJ2-1
CASSIRGGIEQFF	TRBV19	TRBJ2-1
CASSMAAGGELFF	TRBV19	TRBJ2-2
CASSSRGSSPQHF	TRBV19	TRBJ1-5
CASRPKQGGGGNEQFF	TRBV27	TRBJ2-1
CASRPSGSELIYEQYF	TRBV5-1	TRBJ2-7
CASSIGYHGYTF	TRBV19	TRBJ1-2
CASSGRSLEEQYF	TRBV19	TRBJ2-7
CASGTGGFYGYTF	TRBV19	TRBJ1-2
CASSSGQGNQPQHF	TRBV7-2	TRBJ1-5
CASSIAGGLREQFF	TRBV19	TRBJ2-1
CASSGRSGVEQYF	TRBV19	TRBJ2-7
CASSNLMLQGTGKLFF	TRBV7-9	TRBJ1-4
CASSDSGAREGTGELFF	TRBV6-4	TRBJ2-2
CASSLLQGALSSTDTQYF	TRBV28	TRBJ2-3
CSARAQGSLAKNIQYF	TRBV20-1	TRBJ2-4
CSALAVYPQESSYNEQFF	TRBV20-1	TRBJ2-1
CASSQGPPGQGMKKQYF	TRBV3-1	TRBJ2-7
CASSLVGTGELFF	TRBV18	TRBJ2-2
CASSLAQPTGGYYEQYF	TRBV7-9	TRBJ2-7
CSVSTLLRGFNYGYTF	TRBV20-1	TRBJ1-2
CASSIRAATEAFF	TRBV19	TRBJ1-1
CASSLDGATYNEQFF	TRBV7-6	TRBJ2-1
CASSIRSSWELFF	TRBV19	TRBJ2-2
CASGTRSADTQYF	TRBV19	TRBJ2-3
CASSNRASEKLFF	TRBV19	TRBJ1-4
CASSLRAGIEQYF	TRBV19	TRBJ2-7
CSATRGGRTDTQYF	TRBV20-1	TRBJ2-3
CASSTFSNTEAFF	TRBV19	TRBJ1-1
CASSQRSATREYF	TRBV19	TRBJ2-3
CSARPWDRGRVTNEKLFF	TRBV20-1	TRBJ1-4
CASSGNSGNTIYF	TRBV19	TRBJ1-3
CASSPLAVTYNEQFF	TRBV19	TRBJ2-1
CSGRINTEAFF	TRBV29-1	TRBJ1-1
CSVEIAGVYNEQFF	TRBV29-1	TRBJ2-1
CAWSVIGGVSEQFF	TRBV30	TRBJ2-1
CASSGRSGIEQYF	TRBV19	TRBJ2-7
CASSLLQAQRETTDTQYF	TRBV11-2	TRBJ2-3
CASSARASGELFF	TRBV19	TRBJ2-2
CASSQDVGQLYGYTF	TRBV4-3	TRBJ1-2
CASSLFGHGGTEAFF	TRBV27	TRBJ1-1
CASSIFKGSNQPQHF	TRBV19	TRBJ1-5
CASSIFFTGELFF	TRBV19	TRBJ2-2
CASSSRLSDFGTDTQYF	TRBV6-6	TRBJ2-3
CASSLTSGNEQFF	TRBV7-3	TRBJ2-1
CASSIVTDTQYF	TRBV19	TRBJ2-3
CASSDPPGSSYNEQFF	TRBV6-5	TRBJ2-1
CASRGREAFF	TRBV2	TRBJ1-1
CASSSGGPRAEQFF	TRBV7-9	TRBJ2-1
CASSFGQGSYEQYF	TRBV27	TRBJ2-7
CASSGRSAETQYF	TRBV19	TRBJ2-5
CASSALSGIYNEQFF	TRBV19	TRBJ2-1
CASSSESPGELFF	TRBV5-4	TRBJ2-2
CASSIGASGRDEQFF	TRBV19	TRBJ2-1
CASSIGFWGYTF	TRBV19	TRBJ1-2
CASSGGGVDEKLFF	TRBV13	TRBJ1-4
CASSGGLAGTYEQYF	TRBV6-2	TRBJ2-7
CASSARSNQPQHF	TRBV19	TRBJ1-5
CASSSGLPTDTQYF	TRBV6-5	TRBJ2-3
CASSLLGRAGTDTQYF	TRBV10-2	TRBJ2-3
CASSVALGNQETQYF	TRBV19	TRBJ2-5
CASSIRSNYNEQFF	TRBV19	TRBJ2-1
CSVEVWDEETQYF	TRBV29-1	TRBJ2-5
CASSSRSGTEAFF	TRBV19	TRBJ1-1
CASSTMNTEAFF	TRBV19	TRBJ1-1
CRAEEGERGMRSYNEQFF	TRBV20-1	TRBJ2-1
CASGGLVHEQFF	TRBV19	TRBJ2-1
CASSDRTSGINEQFF	TRBV6-1	TRBJ2-1
CSASYPSVNTEAFF	TRBV20-1	TRBJ1-1
CASRRDGPSYEQYF	TRBV28	TRBJ2-7
CASSYPGHYGYTF	TRBV6-5	TRBJ1-2
CASSLAQGGALRGYTF	TRBV7-6	TRBJ1-2
CASSYLSTDTQYF	TRBV19	TRBJ2-3
CASSTFLLDEQYF	TRBV19	TRBJ2-7
CASTGAGELFF	TRBV12-3	TRBJ2-2
CASSIFGGEQLFF	TRBV19	TRBJ1-4
CASSIYRLGYEQYF	TRBV19	TRBJ2-7
CASSIMGASPQHF	TRBV19	TRBJ1-5
CASSFMVGAGELFF	TRBV28	TRBJ2-2
CASSIRSSVEFF	TRBV19	TRBJ2-1
CASSLRSSDTQYF	TRBV19	TRBJ2-3
CASSPRSGIEAFF	TRBV19	TRBJ1-1
CSFRDLSSYNEQFF	TRBV29-1	TRBJ2-1
CASSLDRAGGSYEQYF	TRBV11-2	TRBJ2-7
CASSSFYTDTQYF	TRBV19	TRBJ2-3
CASSPSGVDQYF	TRBV19	TRBJ2-5
CSARLAESSYEQYF	TRBV20-1	TRBJ2-7
CASRLAGSHEQYF	TRBV19	TRBJ2-7
CSARGGFLSPLHF	TRBV20-1	TRBJ1-6
CASSTGGTEAFF	TRBV19	TRBJ1-1
CASSHLQGGQYNEQFF	TRBV4-3	TRBJ2-1
CASSASGRYNEQFF	TRBV19	TRBJ2-1
CASSIRSNNEQFF	TRBV19	TRBJ2-1
CASSFTVNYGYTF	TRBV19	TRBJ1-2
CASSQDGQGETGELFF	TRBV4-2	TRBJ2-2
CASSIVSNQPQHF	TRBV19	TRBJ1-5
CASSLSWGPGNTIYF	TRBV27	TRBJ1-3
CASSYSQGVGDTQYF	TRBV6-5	TRBJ2-3
CASSNHGAYEQYF	TRBV19	TRBJ2-7
CASSMDRFTNQPQHF	TRBV19	TRBJ1-5
CASSPTGWVTREAFF	TRBV19	TRBJ1-1
CASSIRPTGELFF	TRBV19	TRBJ2-2
CASSDWDGINLAGAFPWETQYF	TRBV7-8	TRBJ2-5
CASSQWTGGGGQPQHF	TRBV27	TRBJ1-5
CASYTSDYGYTF	TRBV25-1	TRBJ1-2
CSAASLLRLAGEYNEQFF	TRBV20-1	TRBJ2-1
CASSPRTGGRWQYF	TRBV7-6	TRBJ2-7
CASSPLSEKLFF	TRBV4-2	TRBJ1-4
CSARVPDSNTGELFF	TRBV20-1	TRBJ2-2
CASGNKDIHNEQFF	TRBV12-5	TRBJ2-1
CASSLAGQGSPYEQYF	TRBV7-8	TRBJ2-7
CASTLPRRQAEQFF	TRBV12-3	TRBJ2-1
CSVGSIYGYTF	TRBV29-1	TRBJ1-2
CAISEWSSEKLFF	TRBV10-3	TRBJ1-4
CASSIRSSHNEQFF	TRBV19	TRBJ2-1
CASRWGQGPSYEQYF	TRBV7-8	TRBJ2-7
CASSPQDRDFYEQYF	TRBV19	TRBJ2-7
CASRATGDLYEQYF	TRBV28	TRBJ2-7
CASSLETGGGNEKLFF	TRBV12-3	TRBJ1-4
CASSRGGYNEQFF	TRBV19	TRBJ2-1
CASSIRAAYEQYF	TRBV19	TRBJ2-7
CASSNFAGNTIYF	TRBV19	TRBJ1-3
CASSVTSGDYNEQFF	TRBV19	TRBJ2-1
CASSVESGGLSYEQYF	TRBV9	TRBJ2-7
CASSSTGVDEQFF	TRBV18	TRBJ2-1
CASTHSAISEAFF	TRBV19	TRBJ1-1
CASSIFGSYEQYF	TRBV19	TRBJ2-7
CASSYGQGLYEQYF	TRBV6-5	TRBJ2-7
CATSVRSSYEQYF	TRBV24-1	TRBJ2-7
CASSQDVGSWNQPQHF	TRBV4-3	TRBJ1-5
CASSGRSAVEQFF	TRBV19	TRBJ2-1
CASSSYPWDSTYNEQFF	TRBV7-3	TRBJ2-1
CASSLTGGGHEQYF	TRBV7-2	TRBJ2-7
CASSLLAGLVFDEQFF	TRBV28	TRBJ2-1
CASSQGPAGGSALHF	TRBV4-1	TRBJ1-6
CSAGRYQETQYF	TRBV20-1	TRBJ2-5
CAWSPGTVSEQYF	TRBV30	TRBJ2-7
CASSTRSQETQYF	TRBV19	TRBJ2-5
CATTYGDRRNTEAFF	TRBV24-1	TRBJ1-1
CASSIRSADEQYF	TRBV19	TRBJ2-7
CASSYLAGEITDTQYF	TRBV6-6	TRBJ2-3
CASSPTGVYNSPLHF	TRBV6-5	TRBJ1-6
CASSMVSQGEQFF	TRBV19	TRBJ2-1
CASSIHSGANNEQFF	TRBV19	TRBJ2-1
CASSEGLLYEQYF	TRBV6-2	TRBJ2-7
CASSAGTSPTDTQYF	TRBV6-4	TRBJ2-3
CASSILASSYNEQFF	TRBV19	TRBJ2-1
CASRTEKTVLLAFF	TRBV7-9	TRBJ1-1
CASSYMGDRGYEQYF	TRBV27	TRBJ2-7
CASSLERGGKLFF	TRBV7-2	TRBJ1-4
CASSIVAGSSYNEQFF	TRBV19	TRBJ2-1
CASSIGSATEAFF	TRBV19	TRBJ1-1
CASSPTGSLNEQFF	TRBV19	TRBJ2-1
CASSLVSAHEQYF	TRBV4-1	TRBJ2-7
CSARPWDRASATGANVLTF	TRBV20-1	TRBJ2-6
CASSQDPWAGSAFF	TRBV4-1	TRBJ1-1
CASSLEGGGTDNEQFF	TRBV5-8	TRBJ2-1
CASKARGSPLHF	TRBV27	TRBJ1-6
CASSPRDGQETQYF	TRBV4-1	TRBJ2-5
CASSISESYGYTF	TRBV19	TRBJ1-2
CASSMRWAYEQYF	TRBV19	TRBJ2-7
CASTRGNEQFF	TRBV27	TRBJ2-1
CASSDDPGFGQPQHF	TRBV6-1	TRBJ1-5
CASTPQGAYEQYF	TRBV6-5	TRBJ2-7
CATSDSSGPYNEQFF	TRBV24-1	TRBJ2-1
CAISGGQGRREQFF	TRBV10-3	TRBJ2-1
CASSSLGAREQFF	TRBV6-5	TRBJ2-1
CASSIMGSGNTIYF	TRBV19	TRBJ1-3
CASSIHSGNQPQHF	TRBV19	TRBJ1-5
CASSIYSNTEAFF	TRBV19	TRBJ1-1
CASSLRSTDTQYF	TRBV19	TRBJ2-3
CASSIISTDTQYF	TRBV19	TRBJ2-3
CASSPSRILTGETEKLFF	TRBV6-2	TRBJ1-4
CASSIRAGVEQFF	TRBV19	TRBJ2-1
CASSPRDRGHSYNEQFF	TRBV6-2	TRBJ2-1
CASSIGTTREGAFF	TRBV19	TRBJ1-1
CTSSQVGGPDTQYF	TRBV7-2	TRBJ2-3
CARLGIWYPAGGHEQFF	TRBV6-6	TRBJ2-1
CASSTKDGGTGELFF	TRBV19	TRBJ2-2
CASSITGWGSPLHF	TRBV19	TRBJ1-6
CASSFGTLYGYTF	TRBV19	TRBJ1-2
CASSIRTANEQYF	TRBV19	TRBJ2-7
CASSSRAGDTQYF	TRBV19	TRBJ2-3
CASSQDWATVYEQYF	TRBV4-1	TRBJ2-7
CASSYLRAGDNEQFF	TRBV6-6	TRBJ2-1
CASSTKVGGTGELFF	TRBV19	TRBJ2-2
CASSIGVAGYTF	TRBV19	TRBJ1-2
CASSLYDIAGGVQFF	TRBV19	TRBJ2-1
CASSQEDGTGSAGELFF	TRBV4-1	TRBJ2-2
CASSTYSTGSGYTF	TRBV19	TRBJ1-2
CASSMTGGNEQFF	TRBV19	TRBJ2-1
CSPGLYLASATDTQYF	TRBV20-1	TRBJ2-3
CASSPPAVGTEAFF	TRBV19	TRBJ1-1
CASSIRSFYEQYF	TRBV19	TRBJ2-7
CASSFVDRDTEAFF	TRBV5-1	TRBJ1-1
CASSSPGGMETQYF	TRBV7-2	TRBJ2-5
CASSFLVETQYF	TRBV11-2	TRBJ2-5
CASSQEGAEAPYNEQFF	TRBV14	TRBJ2-1
CASSYGQGADEQFF	TRBV27	TRBJ2-1
CASSIFSVTELFF	TRBV19	TRBJ2-2
CASSGRSTGEQYF	TRBV19	TRBJ2-7
CASSVRSRYEQYF	TRBV19	TRBJ2-7
CASSIFSNQPQHF	TRBV19	TRBJ1-5
CASSPNSNQPQHF	TRBV19	TRBJ1-5
CASSGGGGNTEAFF	TRBV6-1	TRBJ1-1
CASSLSPEGFSEQYF	TRBV5-4	TRBJ2-7
CASSSYSVDTQYF	TRBV19	TRBJ2-3
CASSIYSGGYNEQFF	TRBV19	TRBJ2-1
CASSIGAGEQFF	TRBV19	TRBJ2-1
CSVRTGVAEGYTF	TRBV29-1	TRBJ1-2
CASSFLRGSTDTQYF	TRBV28	TRBJ2-3
CASSIVSRAEQYF	TRBV19	TRBJ2-7
CASSQDWGQPNTEAFF	TRBV4-3	TRBJ1-1
CASSVLAGGYNEQFF	TRBV19	TRBJ2-1
CSARDTSNQPQHF	TRBV20-1	TRBJ1-5
CATSDLLTGAHGYTF	TRBV24-1	TRBJ1-2
CASSYAGTVEKLFF	TRBV27	TRBJ1-4
CASSIVAPSYEQYF	TRBV19	TRBJ2-7
CASSSEEEAYGYTF	TRBV5-1	TRBJ1-2
CASSDRGGGDEQFF	TRBV19	TRBJ2-1
CASSQGGDYGYTF	TRBV3-1	TRBJ1-2
CASSMRAAYEQYF	TRBV19	TRBJ2-7
CASSARSAETQYF	TRBV19	TRBJ2-5
CASSITPNTEAFF	TRBV19	TRBJ1-1
CASSIVSQETQYF	TRBV19	TRBJ2-5
CASSARSDEKLFF	TRBV19	TRBJ1-4
CASSYGTGMNEQFF	TRBV27	TRBJ2-1
CASSIYLSGNEQFF	TRBV19	TRBJ2-1
CASSSHQRTGVDEQFF	TRBV27	TRBJ2-1
CSAREGSYEQYF	TRBV20-1	TRBJ2-7
CASSKAHRVSRRPQHF	TRBV7-9	TRBJ1-5
CSVSTGGFGNQPQHF	TRBV29-1	TRBJ1-5
CASSWRSDTEAFF	TRBV19	TRBJ1-1
CSARDRTGNGYTF	TRBV20-1	TRBJ1-2
CASSFRGVFSPLHF	TRBV7-2	TRBJ1-6
CASRPNEGPYEQYF	TRBV19	TRBJ2-7
CASSYRDHNEQFF	TRBV27	TRBJ2-1
CASSIISVDTQYF	TRBV19	TRBJ2-3
CASSIRSSHTQYF	TRBV19	TRBJ2-3
CASSIDLAGGSYEQYF	TRBV19	TRBJ2-7
CASSGRAADTQYF	TRBV19	TRBJ2-3
CASRSPQETQYF	TRBV27	TRBJ2-5
CASSIRAGGEQYF	TRBV19	TRBJ2-7
CASSALQGPSQPQHF	TRBV7-8	TRBJ1-5
CASSIMALGRSEAFF	TRBV19	TRBJ1-1
CASSFGTGGGQPQHF	TRBV5-6	TRBJ1-5
CASSQYNQPQHF	TRBV19	TRBJ1-5
CASSITSGGLNEQFF	TRBV19	TRBJ2-1
CASSPTPGQGVTGELFF	TRBV7-8	TRBJ2-2
CATAIGHHPYEQYF	TRBV24-1	TRBJ2-7
CASSMFDLPYNEQFF	TRBV19	TRBJ2-1
CASTWTGAYGYTF	TRBV19	TRBJ1-2
CASSISGTSYNEQFF	TRBV19	TRBJ2-1
CASGQGATEAFF	TRBV19	TRBJ1-1
CASSIRSAGRAFF	TRBV19	TRBJ1-1
CASSWVPPGQGRTGELFF	TRBV27	TRBJ2-2
CASSHQGFNDYTF	TRBV19	TRBJ1-2
CASSTDLATGAYEQYF	TRBV19	TRBJ2-7
CASSIRSHYEQYF	TRBV19	TRBJ2-7
CASSGPVAEQFF	TRBV19	TRBJ2-1
CASSIRSTSPLHF	TRBV19	TRBJ1-6
CAWSVFNRGTGYTF	TRBV30	TRBJ1-2
CASGLGGESYEQYF	TRBV12-5	TRBJ2-7
CASSSKLADQETQYF	TRBV7-9	TRBJ2-5
CASSPGQRTEAFF	TRBV25-1	TRBJ1-1
CASSPPVPPWSEQYF	TRBV7-9	TRBJ2-7
CASSDGSFNEQFF	TRBV25-1	TRBJ2-1
CASSQDGIGLFTEAFF	TRBV4-1	TRBJ1-1
CASSEAEWGSAQPQHF	TRBV6-1	TRBJ1-5
CASSQVVGNTIYF	TRBV4-2	TRBJ1-3
CASSLGLGGSTDTQYF	TRBV28	TRBJ2-3
CSAGLPSREMAGELFF	TRBV20-1	TRBJ2-2
CASSTGVYGYTF	TRBV19	TRBJ1-2
CASSIRSGYEQFF	TRBV19	TRBJ2-1
CASSIGLHGYTF	TRBV19	TRBJ1-2
CASRLQVGTEAFF	TRBV5-8	TRBJ1-1
CASSIVGGVEAFF	TRBV19	TRBJ1-1
CASSMTSRGEQFF	TRBV19	TRBJ2-1
CAISQNIDEQFF	TRBV10-3	TRBJ2-1
CANCRWAPAPYEQYF	TRBV6-1	TRBJ2-7
CASSLLFGGGDSYNEQFF	TRBV5-6	TRBJ2-1
CASSLSAGETQYF	TRBV19	TRBJ2-5
CASSRVGTTYEQYF	TRBV18	TRBJ2-7
CASRVDRLPSNEKLFF	TRBV12-4	TRBJ1-4
CASSIISVGEQFF	TRBV19	TRBJ2-1
CASSAGLAPDEQYF	TRBV6-1	TRBJ2-7
CASSIISGNEQFF	TRBV19	TRBJ2-1
CASSIWQGSNQPQHF	TRBV19	TRBJ1-5
CASRGRSASYGYTF	TRBV28	TRBJ1-2
CASRTGGYEQYF	TRBV10-1	TRBJ2-7
CASSREAGGYEQYF	TRBV4-2	TRBJ2-7
CASRVGDSTEAFF	TRBV6-4	TRBJ1-1
CASSARSADTQYF	TRBV19	TRBJ2-3
CASSGRSGYNEQFF	TRBV19	TRBJ2-1
CASSIRASNEQFF	TRBV19	TRBJ2-1
CSASPASGEETQYF	TRBV20-1	TRBJ2-5
CASSFHDRGDQPQHF	TRBV5-5	TRBJ1-5
CASNTGTTQETQYF	TRBV6-2	TRBJ2-5
CASSARGAYEQYF	TRBV19	TRBJ2-7
CASSLTVAGVYPGYEQYF	TRBV7-9	TRBJ2-7
CASSIFGQREQYF	TRBV19	TRBJ2-7
CASSKRSSYEQYF	TRBV19	TRBJ2-7
CSASPRTGGIYEQYF	TRBV20-1	TRBJ2-7
CASSGWSLGPQHF	TRBV19	TRBJ1-5
CSLARDTKAFF	TRBV29-1	TRBJ1-1
CASSNFDSSYEQYF	TRBV19	TRBJ2-7
CASSPVTGGGSGANVLTF	TRBV7-9	TRBJ2-6
CASSIYSINEQFF	TRBV19	TRBJ2-1
CASSADRGLDPHQAQHF	TRBV2	TRBJ1-5
CASSIRSDGELFF	TRBV19	TRBJ2-2
CASNDRGNGYTF	TRBV6-5	TRBJ1-2
CASSTHGADTQYF	TRBV19	TRBJ2-3
CASSQETGVGTEAFF	TRBV4-3	TRBJ1-1
CASSPQDRARGNEQFF	TRBV28	TRBJ2-1
CASSPDSDAYEQYF	TRBV9	TRBJ2-7
CASSYGAGMGYTF	TRBV6-5	TRBJ1-2
CASSLTIGYNEQFF	TRBV19	TRBJ2-1
CASSYYNEQFF	TRBV6-2	TRBJ2-1
CSAAGLAGGSYEQYF	TRBV20-1	TRBJ2-7
CSARPEEKLFF	TRBV20-1	TRBJ1-4
CSARDIERTGELFF	TRBV20-1	TRBJ2-2
CASSPRGGDTQYF	TRBV19	TRBJ2-3
CASSSPLIRQGANYGYTF	TRBV7-2	TRBJ1-2
CASTPQGARTEAFF	TRBV7-8	TRBJ1-1
CASSPGTGVGQFF	TRBV19	TRBJ2-1
CASSLTGAPLDTQYF	TRBV7-3	TRBJ2-3
CASSIRAGDEQFF	TRBV19	TRBJ2-1
CASSLGTGMVTDTQYF	TRBV7-8	TRBJ2-3
CASSMSTSRNEAFF	TRBV19	TRBJ1-1
CASSTRAADTQYF	TRBV19	TRBJ2-3
CASSTRSHDIQYF	TRBV19	TRBJ2-4
CASSLGSQGGKQPQHF	TRBV5-6	TRBJ1-5
CASNIFGGGSEQFF	TRBV19	TRBJ2-1
CASSQVGPNEKLFF	TRBV4-1	TRBJ1-4
CASSHTGPGYGYTF	TRBV19	TRBJ1-2
CASRMASGETQYF	TRBV12-3	TRBJ2-5
CASSVRSGDTQYF	TRBV19	TRBJ2-3
CSVDQDTQYF	TRBV29-1	TRBJ2-3
CASSTVSLDTQYF	TRBV19	TRBJ2-3
CASSPSGSEQFF	TRBV12-4	TRBJ2-1
CASSLEWGGETQYF	TRBV5-1	TRBJ2-5
CASSIDLASGTTYEQYF	TRBV19	TRBJ2-7
CASSFRSSTEAFF	TRBV19	TRBJ1-1
CASSHPGQGITNEKLFF	TRBV3-1	TRBJ1-4
CASSLTATDTQYF	TRBV19	TRBJ2-3
CASSIRGAYEQYF	TRBV19	TRBJ2-7
CASSLLSGTSHEQYF	TRBV7-9	TRBJ2-7
CASSFRSSETQYF	TRBV19	TRBJ2-5
CASSHREGRRLANEQYF	TRBV6-2	TRBJ2-7
CASSIFGSDYNEQFF	TRBV19	TRBJ2-1
CASSPTSGGYNEQFF	TRBV19	TRBJ2-1
CASPQGGCYEQYF	TRBV10-2	TRBJ2-7
CSASPVSLSYEQYF	TRBV20-1	TRBJ2-7
CATSGTGMQYF	TRBV15	TRBJ2-3
CASSARSGTEAFF	TRBV19	TRBJ1-1
CASSIGTVQYF	TRBV19	TRBJ2-7
CATENSGTGDSYEQYF	TRBV24-1	TRBJ2-7
CATSRDLGATDTQYF	TRBV15	TRBJ2-3
CASSIFAGGTEQYF	TRBV19	TRBJ2-7
CASSFRFGGEAFF	TRBV5-8	TRBJ1-1
CASSPGSEAGSYGYTF	TRBV7-4	TRBJ1-2
CASSRGLSSGNTIYF	TRBV13	TRBJ1-3
CASSQVSGPDTQYF	TRBV14	TRBJ2-3
CTSSQEGAGAPYNEQFF	TRBV7-2	TRBJ2-1
CASSPLAGGFNEQFF	TRBV19	TRBJ2-1
CASRLAEETQYF	TRBV7-9	TRBJ2-5
CASSVLQGSGNQPQHF	TRBV2	TRBJ1-5
CASSQGWSDSFYGYTF	TRBV4-1	TRBJ1-2
CASSWGRIYGYTF	TRBV10-2	TRBJ1-2
CASSPSSVADTQYF	TRBV19	TRBJ2-3
CASRLLAAQETQYF	TRBV5-8	TRBJ2-5
CASSYSTSGNTIYF	TRBV6-5	TRBJ1-3
CASRLAGVSYNEQFF	TRBV27	TRBJ2-1
CASSIDSNQPQHF	TRBV19	TRBJ1-5
CASSFYPGGNYGYTF	TRBV7-2	TRBJ1-2
CASSLAGNYGYTF	TRBV7-8	TRBJ1-2
CASSTRSGQPQHF	TRBV19	TRBJ1-5
CASSLGGHGQPQHF	TRBV12-3	TRBJ1-5
CATRTSGSGAGTDTQYF	TRBV24-1	TRBJ2-3
CASSVFSADTQYF	TRBV19	TRBJ2-3
CASAGAGVEKLFF	TRBV19	TRBJ1-4
CASSGLAGTYNEQFF	TRBV2	TRBJ2-1
CSARPSDRAYEQYF	TRBV20-1	TRBJ2-7
CASSALSGRAIDEQYF	TRBV9	TRBJ2-7
CASSIAAYNEQFF	TRBV19	TRBJ2-1
CASSTHLLDTQYF	TRBV19	TRBJ2-3
CASSNPGTSTEDTQYF	TRBV19	TRBJ2-3
CASSLYGGGTGELFF	TRBV7-2	TRBJ2-2
CASSPRSGDTQYF	TRBV19	TRBJ2-3
CASSQEEVTGDKPYEQYF	TRBV3-1	TRBJ2-7
CATSSQNEQFF	TRBV15	TRBJ2-1
CSARDPGTGESDTQYF	TRBV20-1	TRBJ2-3
CASSNTVNYGYTF	TRBV19	TRBJ1-2
CASSVFSVPGNTIYF	TRBV19	TRBJ1-3
CATSDPPQDTQYF	TRBV24-1	TRBJ2-3
CASSWTSGGGNEQFF	TRBV19	TRBJ2-1
CSVLGTQEESYEQYF	TRBV29-1	TRBJ2-7
CASSSSGTGAYEQYF	TRBV7-9	TRBJ2-7
CASSLGMFDQPQHF	TRBV13	TRBJ1-5
CASSPTGGAGTEAFF	TRBV19	TRBJ1-1
CSASPERGTSVGTDTQYF	TRBV20-1	TRBJ2-3
CASSKGGDEQFF	TRBV19	TRBJ2-1
CASSPHQASYEQYF	TRBV19	TRBJ2-7
CASSGSDTQYF	TRBV2	TRBJ2-3
CASSQQWEETQYF	TRBV2	TRBJ2-5
CASSLGHQETQYF	TRBV5-4	TRBJ2-5
CASSPGPTGDNSPLHF	TRBV7-9	TRBJ1-6
CASSLEGGTTPFYEQYF	TRBV7-2	TRBJ2-7
CASSSRSHQPQHF	TRBV19	TRBJ1-5
CASSTRSGETQYF	TRBV19	TRBJ2-5
CASSMYGGDTQYF	TRBV19	TRBJ2-3
CSARDGDSSYEQYF	TRBV20-1	TRBJ2-7
CASSLGRTNQPQHF	TRBV11-2	TRBJ1-5
CASSSGGPYNEQFF	TRBV19	TRBJ2-1
CASSPFQGSYEQYF	TRBV5-4	TRBJ2-7
CASSIFGQVDAFF	TRBV19	TRBJ1-1
CSARDDFGQGSYNEQFF	TRBV20-1	TRBJ2-1
CASSAGTENTEAFF	TRBV27	TRBJ1-1
CASSWHLKETQYF	TRBV19	TRBJ2-5
CASSPFHTGELFF	TRBV19	TRBJ2-2
CASSAVSSTDTQYF	TRBV19	TRBJ2-3
CASSSRSADTQYF	TRBV19	TRBJ2-3
CASSGQGAQPQHF	TRBV12-3	TRBJ1-5
CASSLLSSAGEAFF	TRBV7-8	TRBJ1-1
CASSIHSGQPNTQYF	TRBV19	TRBJ2-3
CASTPLAGDTDTQYF	TRBV5-1	TRBJ2-3
CASSMRASVEQFF	TRBV19	TRBJ2-1
CASSFGVYEQYF	TRBV12-3	TRBJ2-7
CASSQERGGRYTEAFF	TRBV3-1	TRBJ1-1
CASSHLMSTDTQYF	TRBV14	TRBJ2-3
CSARVWDTGELFF	TRBV20-1	TRBJ2-2
CASSPGTGPNQPQHF	TRBV5-1	TRBJ1-5
CASSIGGSGNQPQHF	TRBV19	TRBJ1-5
CASSFGSHGYTF	TRBV19	TRBJ1-2
CASSILATDTQYF	TRBV19	TRBJ2-3
CASSIDHGGRDGYTF	TRBV19	TRBJ1-2
CASRPGLATDTQYF	TRBV27	TRBJ2-3
CASSQETGATNEKLFF	TRBV4-1	TRBJ1-4
CASSIPATEAFF	TRBV19	TRBJ1-1
CASSIFGTSLQFF	TRBV19	TRBJ2-1
CASSFLATNEKLFF	TRBV28	TRBJ1-4
CASSIRGSETQYF	TRBV19	TRBJ2-5
CASSFGVGLAGVGLDTQYF	TRBV28	TRBJ2-3
CASSPRAGETQYF	TRBV19	TRBJ2-5
CASSPFETAYEQYF	TRBV19	TRBJ2-7
CASSIEDLTNYGYTF	TRBV19	TRBJ1-2
CASSIKSGGELFF	TRBV19	TRBJ2-2
CASSIFGRGEQFF	TRBV19	TRBJ2-1
CSARPELAISQETQYF	TRBV20-1	TRBJ2-5
CASQVAASYEQYF	TRBV27	TRBJ2-7
CSVQRPAAYNEQFF	TRBV29-1	TRBJ2-1
CASPPRDEQYF	TRBV27	TRBJ2-7
CASSLPGRNYEQYF	TRBV7-8	TRBJ2-7
CASSMGVYGYTF	TRBV19	TRBJ1-2
CASSTAQPQHF	TRBV19	TRBJ1-5
CASSDWRTSPWNEQFF	TRBV2	TRBJ2-1
CASSTLPNMNTEAFF	TRBV5-1	TRBJ1-1
CASSMRSSGELFF	TRBV19	TRBJ2-2
CASSYSGTGNEQFF	TRBV6-5	TRBJ2-1
CASKGYEQFF	TRBV19	TRBJ2-1
CASSTGSYGYTF	TRBV19	TRBJ1-2
CASSIYSNSNQPQHF	TRBV19	TRBJ1-5
CASRSGAEVFF	TRBV19	TRBJ1-1
CASSVELAPGELFF	TRBV9	TRBJ2-2
CASSVRHGTEAFF	TRBV19	TRBJ1-1
CASSQDPSPSTDTQYF	TRBV4-3	TRBJ2-3
CAWTIENRNTGELFF	TRBV30	TRBJ2-2
CASSLYITEPQHF	TRBV19	TRBJ1-5
CASSRDSTGELFF	TRBV6-4	TRBJ2-2
CASSMTSGSLNEQFF	TRBV19	TRBJ2-1
CASSIFSTPNQPQHF	TRBV19	TRBJ1-5
CASSIYGGGNTIYF	TRBV19	TRBJ1-3
CASSPLVGPQPQHF	TRBV19	TRBJ1-5
CASSKARSLGNRGNEQFF	TRBV19	TRBJ2-1
CASSMRSSSEQYF	TRBV19	TRBJ2-7
CASSSHRGEGAFF	TRBV7-9	TRBJ1-1
CASSVAQYGYTF	TRBV19	TRBJ1-2
CASTLGNTEAFF	TRBV12-4	TRBJ1-1
CSVELGVSYNEQFF	TRBV29-1	TRBJ2-1
CASSVGVAEAFF	TRBV19	TRBJ1-1
CASSQEDLTSGTNEQFF	TRBV4-2	TRBJ2-1
CASSQYMTTNTEAFF	TRBV4-2	TRBJ1-1
CASSIRSSVEQYF	TRBV19	TRBJ2-7
CASRFGFSEAFF	TRBV19	TRBJ1-1
CASSLAMTDTTDTQYF	TRBV5-6	TRBJ2-3
CASSYGTRGEQYF	TRBV6-5	TRBJ2-7
CASSGWLVQGNQPQHF	TRBV4-1	TRBJ1-5
CASSIVAGASEAFF	TRBV19	TRBJ1-1
CASSRIAGTYNEQFF	TRBV3-1	TRBJ2-1
CASSEREQYF	TRBV2	TRBJ2-7
CASSFGLGSYEQYF	TRBV27	TRBJ2-7
CASSSLLNTEAFF	TRBV5-1	TRBJ1-1
CASSQDPAGSITDTQYF	TRBV4-3	TRBJ2-3
CSARDRGDEKLFF	TRBV20-1	TRBJ1-4
CASSHRSGQPQHF	TRBV19	TRBJ1-5
CASSLLVISHQPQHF	TRBV28	TRBJ1-5
CASSVLAGPYNEQFF	TRBV19	TRBJ2-1
CASSYISTDTQYF	TRBV19	TRBJ2-3
CASSMYDTVNTEAFF	TRBV19	TRBJ1-1
CASSTGLNGRAQYF	TRBV12-3	TRBJ2-5
CASSLAGGSNQPQHF	TRBV7-9	TRBJ1-5
CASSYGTSTDTQYF	TRBV6-6	TRBJ2-3
CASSPLTGSEAFF	TRBV10-2	TRBJ1-1
CASSLRQGADEKLFF	TRBV7-9	TRBJ1-4
CASSIYGGAGDGYTF	TRBV19	TRBJ1-2
CASSPLSLGSPYNEQFF	TRBV5-6	TRBJ2-1
CASSFQRAGELFF	TRBV7-2	TRBJ2-2
CASSLTGAQETQYF	TRBV7-3	TRBJ2-5
CASCLRGGAHEQFF	TRBV19	TRBJ2-1
CASSLTAGPTDTQYF	TRBV7-9	TRBJ2-3
CASMARGWEETQYF	TRBV12-3	TRBJ2-5
CSARGALADFNSYEQYF	TRBV20-1	TRBJ2-7
CASSITGVNEQFF	TRBV19	TRBJ2-1
CASSSRSGWEQYF	TRBV19	TRBJ2-7
CASSIRSNQPQHF	TRBV19	TRBJ1-5
CASSYSFLVIGDNTEAFF	TRBV6-2	TRBJ1-1
CASSLNLKSSYNSPLHF	TRBV7-2	TRBJ1-6
CASSELGRSSSGNTIYF	TRBV2	TRBJ1-3
CASSTTSGEETQYF	TRBV6-5	TRBJ2-5
CASSFDAGMNTEAFF	TRBV28	TRBJ1-1
CASSISGASNYGYTF	TRBV19	TRBJ1-2
CSAREQGTGGLSGELFF	TRBV20-1	TRBJ2-2
CASSGTSGNYEQYF	TRBV19	TRBJ2-7
CASSIYSGVWNEQFF	TRBV19	TRBJ2-1
CASSPASGSYEQYF	TRBV19	TRBJ2-7
CASSHRATGELFF	TRBV19	TRBJ2-2
CASSARFGTKQFF	TRBV19	TRBJ2-1
CASSIQHNEQFF	TRBV19	TRBJ2-1
CASSLFTGAFYEQYF	TRBV27	TRBJ2-7
CATGTSGFSTDTQYF	TRBV24-1	TRBJ2-3
CASSSRAAVEQYF	TRBV19	TRBJ2-7
CAPLKGSSYEQYF	TRBV19	TRBJ2-7
CATSGYLLDRSTDTQYF	TRBV15	TRBJ2-3
CASSTRSADTQYF	TRBV19	TRBJ2-3
CASSAQANQPQHF	TRBV25-1	TRBJ1-5
CASSATSGGYNEQFF	TRBV19	TRBJ2-1
CASSTRSGTGQYF	TRBV19	TRBJ2-7
CASSYGTGSYEQYF	TRBV6-5	TRBJ2-7
CASSDLDSNQPQHF	TRBV6-1	TRBJ1-5
CASSIRFGGNAIYF	TRBV19	TRBJ1-3
CASSYGQNYEQYF	TRBV7-8	TRBJ2-7
CASSLFQGYEQFF	TRBV27	TRBJ2-1
CASSFISTDTQYF	TRBV19	TRBJ2-3
CASSIPGGGEQFF	TRBV19	TRBJ2-1
CASSIYSVNEQFF	TRBV19	TRBJ2-1
CAISESRTPGTDTQYF	TRBV10-3	TRBJ2-3
CASSLLGTSGPRETQYF	TRBV27	TRBJ2-5
CASSIRSGGEQFF	TRBV19	TRBJ2-1
CASSPTPGDPHYGYTF	TRBV18	TRBJ1-2
CASSIRSTDTQYF	TRBV19	TRBJ2-3
CASTPFGGAGYGYTF	TRBV19	TRBJ1-2
CASSIVGSAYNEQFF	TRBV19	TRBJ2-1
CASSRRSTQPQHF	TRBV19	TRBJ1-5
CASSFRLDLTDTQYF	TRBV12-3	TRBJ2-3
CASSIRSSVMQYF	TRBV19	TRBJ2-3
CASSIRSMDIQYF	TRBV19	TRBJ2-4
CASSIAPTGELFF	TRBV19	TRBJ2-2
CASSLPKTINSEQYF	TRBV28	TRBJ2-7
CASSITSVNEQFF	TRBV19	TRBJ2-1
CASSQDRVTEAFF	TRBV4-2	TRBJ1-1
CASSYGTGSSEQYF	TRBV6-5	TRBJ2-7
CASSTRSSYEQYF	TRBV19	TRBJ2-7
CASSFIFPGELFF	TRBV27	TRBJ2-2
CASSMFMPGELFF	TRBV19	TRBJ2-2
CASSLSPAGTASYGYTF	TRBV5-5	TRBJ1-2
CASSMSAMGTEAFF	TRBV19	TRBJ1-1
CASSIRATNEQFF	TRBV19	TRBJ2-1
CASSIYSTPDQPQHF	TRBV19	TRBJ1-5
CSVGSETGAFFNYEQYF	TRBV29-1	TRBJ2-7
CASSLAGGLAGPSYEQYF	TRBV7-8	TRBJ2-7
CASSTRSTNTQYF	TRBV19	TRBJ2-3
CASSHPGDEQYF	TRBV18	TRBJ2-7
CASSIVSGDEQFF	TRBV19	TRBJ2-1
CASSIAREQYF	TRBV19	TRBJ2-7
CASTFMGGGEQPQHF	TRBV19	TRBJ1-5
CSVVDSGKTHNEQFF	TRBV29-1	TRBJ2-1
CASSIVAPTYEQYF	TRBV19	TRBJ2-7
CASSSFLGAEAFF	TRBV19	TRBJ1-1
CASSQISTDTQYF	TRBV19	TRBJ2-3
CASSIRSGQPQHF	TRBV19	TRBJ1-5
CASSIRGSGELFF	TRBV19	TRBJ2-2
CASSPRDRERGEQYF	TRBV7-2	TRBJ2-7
CASSQDLTFIKTQYF	TRBV4-1	TRBJ2-5
CSVKSGDRGESPQETQYF	TRBV20-1	TRBJ2-5
CASSLVGVGEQYF	TRBV19	TRBJ2-7
CATSDPGGDRETGTEAFF	TRBV24-1	TRBJ1-1
CASGLIYPGELFF	TRBV12-5	TRBJ2-2
CASSTLSTDTQYF	TRBV19	TRBJ2-3
CASSSRSSAEAFF	TRBV19	TRBJ1-1
CASSSGSYGYTF	TRBV19	TRBJ1-2
CASSEARQGDQPQHF	TRBV6-1	TRBJ1-5
CASSSGAYGYTF	TRBV19	TRBJ1-2
CASSVRSGEMDTQYF	TRBV10-2	TRBJ2-3
CASSLDTGIYTEAFF	TRBV18	TRBJ1-1
CASSYFRRLPGQVFYEQYF	TRBV6-2	TRBJ2-7
CASSYGARPEWVYEQYF	TRBV6-2	TRBJ2-7
CASSRGPSGPDTQYF	TRBV11-2	TRBJ2-3
CASSQDWGAGTQYF	TRBV14	TRBJ2-5
CASSLLASGFGTDTQYF	TRBV7-8	TRBJ2-3
CASSPGQGAWEQYF	TRBV4-1	TRBJ2-7
CASSYNPRTEVSNQPQHF	TRBV6-3	TRBJ1-5
CASSQGPGNTEAFF	TRBV18	TRBJ1-1
CASSVDSPGTEAFF	TRBV19	TRBJ1-1
CASSVVSTTEAFF	TRBV19	TRBJ1-1
CASSFTLNTEAFF	TRBV19	TRBJ1-1
CASSISGGSEQFF	TRBV19	TRBJ2-1
CASSFLATDEQFF	TRBV19	TRBJ2-1
CASSPRSGTEQYF	TRBV19	TRBJ2-7
CASSTRSDSEAFF	TRBV19	TRBJ1-1
CASSPTGVGPQHF	TRBV18	TRBJ1-5
CASSIGTDTQYF	TRBV19	TRBJ2-3
CSARASRTFTDTQYF	TRBV20-1	TRBJ2-3
CASSTHHGAEAFF	TRBV19	TRBJ1-1
CSGAGVVAGGFNTGELFF	TRBV29-1	TRBJ2-2
CASSQERGGKWAYEQYF	TRBV4-3	TRBJ2-7
CASSQGTEHSNQPQHF	TRBV4-1	TRBJ1-5
CSANSIKRGLNYGYTF	TRBV20-1	TRBJ1-2
CAWSAVGGGYGYTF	TRBV30	TRBJ1-2
CSASSLSGGQTPLGTEAFF	TRBV20-1	TRBJ1-1
CASSPGTDTQYF	TRBV7-8	TRBJ2-3
CASKHASGELFF	TRBV7-7	TRBJ2-2
CASSEGTVSNEKLFF	TRBV9	TRBJ1-4
CSATRDRGNYGYTF	TRBV20-1	TRBJ1-2
CASSPLAGGLNEQFF	TRBV19	TRBJ2-1
CASSGLAGLNEQFF	TRBV19	TRBJ2-1
CASSSPAGGPTDTQYF	TRBV13	TRBJ2-3
CASTEMGREGYNEQFF	TRBV7-2	TRBJ2-1
CASSMRSSWEQYF	TRBV19	TRBJ2-7
CASSPRQGWTNEKLFF	TRBV7-9	TRBJ1-4
CASSELGGPNTEAFF	TRBV6-1	TRBJ1-1
CASSWTAAYTDTQYF	TRBV5-4	TRBJ2-3
CASSLGVGWEAFF	TRBV27	TRBJ1-1
CASSVRSGYEQFF	TRBV19	TRBJ2-1
CATSTGAYGYTF	TRBV15	TRBJ1-2
CASSVLGSSYNEQFF	TRBV19	TRBJ2-1
CASSIRTAGDEAFF	TRBV7-9	TRBJ1-1
CACSIRSTDTQYF	TRBV19	TRBJ2-3
CASSYFAGTSYNEQFF	TRBV19	TRBJ2-1
CASSIVSIAGELFF	TRBV19	TRBJ2-2
CASSSGTGLYGYTF	TRBV5-6	TRBJ1-2
CASTETGPYGYTF	TRBV12-3	TRBJ1-2
CASSHFQGASYGYTF	TRBV19	TRBJ1-2
CSVEDGRDTGEGTDTQYF	TRBV29-1	TRBJ2-3
CASSIIALDTQYF	TRBV19	TRBJ2-3
CASSVGLGQPQHF	TRBV19	TRBJ1-5
CASSIGTGFTEQFF	TRBV19	TRBJ2-1
CASSMFSSLNTEAFF	TRBV19	TRBJ1-1
CASSIVSGGYNEQFF	TRBV19	TRBJ2-1
CSARDTTNSYYTDTQYF	TRBV20-1	TRBJ2-3
CASSWGISYNEQFF	TRBV19	TRBJ2-1
CASSLSGGEYGYTF	TRBV7-3	TRBJ1-2
CASSSTGTGAWDTQYF	TRBV7-6	TRBJ2-3
CASSPGWEQYF	TRBV25-1	TRBJ2-7
CASSIRGSTEAFF	TRBV19	TRBJ1-1
CASSILGSSNQPQHF	TRBV19	TRBJ1-5
CASSNRAADTQYF	TRBV19	TRBJ2-3
CSAGEDWHEQYF	TRBV20-1	TRBJ2-7
CASSIRSHDEQFF	TRBV19	TRBJ2-1
CATGFGGAYNEQFF	TRBV19	TRBJ2-1
CASSYAGGGNTIYF	TRBV6-5	TRBJ1-3
CSARALPVGNTIYF	TRBV20-1	TRBJ1-3
CASSTRSLDTQYF	TRBV19	TRBJ2-3
CASASEQGTDIQYF	TRBV6-4	TRBJ2-4
CASSTYSRQPQHF	TRBV19	TRBJ1-5
CASSYSQTSGHSYNEQFF	TRBV6-2	TRBJ2-1
CASSTTSGGLNEQFF	TRBV19	TRBJ2-1
CASSWTVLYGYTF	TRBV19	TRBJ1-2
CASSIRSGWEQYF	TRBV19	TRBJ2-7
CASSQRSGETQYF	TRBV19	TRBJ2-5
CASSIRSQETQYF	TRBV19	TRBJ2-5
CASSTRSSETQYF	TRBV19	TRBJ2-5
CASSQDEYGLIHYGYTF	TRBV4-3	TRBJ1-2
CASSLVGRLTVDEQYF	TRBV12-3	TRBJ2-7
CASSLGQGSYGYTF	TRBV27	TRBJ1-2
CASSSVGSPYEQYF	TRBV18	TRBJ2-7
CASSFPPRLYANYGYTF	TRBV11-2	TRBJ1-2
CASSELGGALGPQHF	TRBV10-2	TRBJ1-5
CASSLETSFTHGDTQYF	TRBV11-2	TRBJ2-3
CASYPWTGEKETQYF	TRBV5-1	TRBJ2-5
CSARGDRSYEQYF	TRBV20-1	TRBJ2-7
CASSPGQGWNGYTF	TRBV4-3	TRBJ1-2
CASSQDSGQAMGYTF	TRBV4-1	TRBJ1-2
CASSSIDETGSNEKLFF	TRBV11-2	TRBJ1-4
CASSIQGGGELFF	TRBV19	TRBJ2-2
CASSVGVSYEQYF	TRBV9	TRBJ2-7
CASSIRSADTQYF	TRBV19	TRBJ2-3
CASSFSTDTQYF	TRBV27	TRBJ2-3
CASTGTANLNTEAFF	TRBV7-8	TRBJ1-1
CASSIRASQPQHF	TRBV19	TRBJ1-5
CASSDRSGNTIYF	TRBV19	TRBJ1-3
CASSYNPETFHSNQPQHF	TRBV6-2	TRBJ1-5
CASSEQGANEKLFF	TRBV2	TRBJ1-4
CASGGVSGVFF	TRBV19	TRBJ2-1
CASEGETQYF	TRBV2	TRBJ2-5
CSVEGEQFF	TRBV29-1	TRBJ2-1
CASSIFVGRNEQFF	TRBV19	TRBJ2-1
CASSKRSGAEAFF	TRBV19	TRBJ1-1
CASSFTGPGELFF	TRBV7-2	TRBJ2-2
CSARDPGQLVSGNTIYF	TRBV20-1	TRBJ1-3
CASSYTTGGSGELFF	TRBV13	TRBJ2-2
CASSMVVSAEAFF	TRBV19	TRBJ1-1
CASSIRSTETQYF	TRBV19	TRBJ2-5
CASSQEASGGYEQYF	TRBV4-2	TRBJ2-7
CASSLEVGQETQYF	TRBV27	TRBJ2-5
CASSPWSGSQETQYF	TRBV5-1	TRBJ2-5
CASSVGLDSAREAQHF	TRBV9	TRBJ1-5
CASSSYRGGETQYF	TRBV27	TRBJ2-5
CASSARSAYEQYF	TRBV19	TRBJ2-7
CASSSRADEKLFF	TRBV19	TRBJ1-4
CSAREGGVQHQPQHF	TRBV20-1	TRBJ1-5
CSVRSGGAKNIQYF	TRBV29-1	TRBJ2-4
CASSHLDSTTNEKLFF	TRBV28	TRBJ1-4
CAWNRGSTDTQYF	TRBV30	TRBJ2-3
CASSQDITVLYGYTF	TRBV3-1	TRBJ1-2
CASSVEQGISEAFF	TRBV9	TRBJ1-1
CASSQGPGLAGDFDLYNEQFF	TRBV3-1	TRBJ2-1
CASSFSEEQFF	TRBV12-3	TRBJ2-1
CASSTRSGDTQYF	TRBV19	TRBJ2-3
CASSNLAGGYNEQFF	TRBV19	TRBJ2-1
CASSPRTSGGATDTQYF	TRBV7-9	TRBJ2-3
CASSQADRDTYEQYF	TRBV4-1	TRBJ2-7
CASSVRASTEAFF	TRBV19	TRBJ1-1
CASSWGSWGYTF	TRBV19	TRBJ1-2
CASSLLGGAGTDTQYF	TRBV10-2	TRBJ2-3
CASSWVGYEQYF	TRBV28	TRBJ2-7
CASSHAGGGDEQFF	TRBV13	TRBJ2-1
CTVVETEAFF	TRBV7-2	TRBJ1-1
CASSPTLQGPLGETQYF	TRBV4-1	TRBJ2-5
CASSISGTGNEQFF	TRBV19	TRBJ2-1
CASSQEDAAYGVNEQFF	TRBV4-2	TRBJ2-1
CASSPGLANTDTQYF	TRBV7-9	TRBJ2-3
CASSATGVAGELFF	TRBV19	TRBJ2-2
CASSQSTGANVLTF	TRBV4-3	TRBJ2-6
CSARDRREEKLFF	TRBV20-1	TRBJ1-4
CASSPDTPNYGYTF	TRBV6-5	TRBJ1-2
CTAEAGNTEAFF	TRBV7-2	TRBJ1-1
CASSYVTTSGGHANTGELFF	TRBV6-6	TRBJ2-2
CASSIRVGYEQYF	TRBV19	TRBJ2-7
CASSTDSYEQYF	TRBV19	TRBJ2-7
CASSINSYSGNTIYF	TRBV19	TRBJ1-3
CASSLGRGTGELFF	TRBV4-3	TRBJ2-2
CASSFGGTQYF	TRBV7-6	TRBJ2-5
CASSFETVMSSYEQYF	TRBV5-1	TRBJ2-7
CASSPGAVSSTDTQYF	TRBV7-8	TRBJ2-3
CASSARSTGELFF	TRBV19	TRBJ2-2
CASSPPGREDTEAFF	TRBV27	TRBJ1-1
CASSLGDPVWNTQYF	TRBV5-6	TRBJ2-3
CSVEGGYSYEQYF	TRBV29-1	TRBJ2-7
CASSIRASWEQYF	TRBV19	TRBJ2-7
CASSGRSQETQYF	TRBV19	TRBJ2-5
CATSSEATGVGETQYF	TRBV15	TRBJ2-5
CASRTSGSYEQFF	TRBV27	TRBJ2-1
CASSKGTGEMIQPQHF	TRBV19	TRBJ1-5
CASSLRSAYEQYF	TRBV19	TRBJ2-7
CASSARSGNEQFF	TRBV19	TRBJ2-1
CASSPGTSGIYEQYF	TRBV13	TRBJ2-7
CASSIYAGGGNTIYF	TRBV19	TRBJ1-3
CASSSIRGPLSGNTIYF	TRBV7-2	TRBJ1-3
CASSLSGVTEAFF	TRBV13	TRBJ1-1
CASSSGQEKLFF	TRBV7-9	TRBJ1-4
CASSSPQGVSNTEAFF	TRBV7-6	TRBJ1-1
CASSQDFAGGSYEQYF	TRBV4-3	TRBJ2-7
CASSLEGYNEQFF	TRBV7-8	TRBJ2-1
CASSQETGASNTEAFF	TRBV4-3	TRBJ1-1
CASSMRSAWEQFF	TRBV19	TRBJ2-1
CASSSRSQHEQYF	TRBV19	TRBJ2-7
CASSSRSRETQYF	TRBV19	TRBJ2-5
CSATEGGLWEQYF	TRBV20-1	TRBJ2-7
CASSIRSSDEQFF	TRBV19	TRBJ2-1
CASSPTGGPGDTQYF	TRBV18	TRBJ2-3
CASSESTDTEAFF	TRBV25-1	TRBJ1-1
CASSIRSSNEQYF	TRBV19	TRBJ2-7
CASRIDSNQPQHF	TRBV19	TRBJ1-5
CSVGSGEDSPQYF	TRBV29-1	TRBJ2-3
CASSYRSTLEQFF	TRBV19	TRBJ2-1
CASSLLVLDTQYF	TRBV19	TRBJ2-3
CASSLGLAGDEQYF	TRBV13	TRBJ2-7
CASSPAGHTGELFF	TRBV18	TRBJ2-2
CASSPDGGSQPQHF	TRBV9	TRBJ1-5
CASSLYASYEQYF	TRBV19	TRBJ2-7
CASSMRASYEQYF	TRBV19	TRBJ2-7
CASSLVSSRHEQFF	TRBV5-6	TRBJ2-1
CASSLSAGVETQYF	TRBV27	TRBJ2-5
CASSGRTAETQYF	TRBV19	TRBJ2-5
CASSIRSGGEQYF	TRBV19	TRBJ2-7
CASSYNRTPGQGYTQYF	TRBV6-5	TRBJ2-3
CASRQGPTEAFF	TRBV5-1	TRBJ1-1
CASSSRDGGTDTQYF	TRBV7-9	TRBJ2-3
CASSMGSGSYGEAFF	TRBV19	TRBJ1-1
CASSVGGNSNEKLFF	TRBV9	TRBJ1-4
CASSQGAFGYTF	TRBV19	TRBJ1-2
CASSQGAYGYTF	TRBV19	TRBJ1-2
CASSRRSADTQYF	TRBV19	TRBJ2-3
CASSIFVGNEQFF	TRBV19	TRBJ2-1
CASSEIGAPGNTIYF	TRBV25-1	TRBJ1-3
CASSYGFYEQYF	TRBV6-2	TRBJ2-7
CASSRTGNQPQHF	TRBV19	TRBJ1-5
CASSIRGSDTQYF	TRBV19	TRBJ2-3
CATSRTSGEEQYF	TRBV15	TRBJ2-7
CASGGPGSYEQYF	TRBV19	TRBJ2-7
CASSWGLEVNTEAFF	TRBV6-5	TRBJ1-1
CASSLIFPGELFF	TRBV27	TRBJ2-2
CASSETSGGTDTQYF	TRBV6-4	TRBJ2-3
CAWSGSDTQYF	TRBV30	TRBJ2-3
CASNERWEGTYGYTF	TRBV2	TRBJ1-2
CASSIRAAEGYTF	TRBV19	TRBJ1-2
CASSLYSNQPQHF	TRBV19	TRBJ1-5
CASSIYSGAYNEQFF	TRBV19	TRBJ2-1
CATSRDRWNTEAFF	TRBV15	TRBJ1-1
CASSYGQGIGEQFF	TRBV6-5	TRBJ2-1
CASSIYHLNPEAFF	TRBV19	TRBJ1-1
CASSEDQGLTATYEQYF	TRBV10-1	TRBJ2-7
CASMELAGLNEQFF	TRBV19	TRBJ2-1
CASSIYSSGNTIYF	TRBV19	TRBJ1-3
CASSNRAAYEQYF	TRBV19	TRBJ2-7
CSARWRYSRGPDTQYF	TRBV20-1	TRBJ2-3
CASSPGKGAYEQYF	TRBV7-2	TRBJ2-7
CASRGGEAFF	TRBV19	TRBJ1-1
CASSFLFSRTGRQETQYF	TRBV28	TRBJ2-5
CASSQDRGTSTDTQYF	TRBV4-3	TRBJ2-3
CASSIGAWGYTF	TRBV19	TRBJ1-2
CASSLQDRALSNDEQYF	TRBV7-6	TRBJ2-7
CASSDRDHRRFF	TRBV10-1	TRBJ1-4
CASSLGAYSGANVLTF	TRBV4-1	TRBJ2-6
CASSGQGGTEAFF	TRBV9	TRBJ1-1
CASSSRAYYEQYF	TRBV19	TRBJ2-7
CASSRTGIDEQFF	TRBV18	TRBJ2-1
CASSIISGPYNEQFF	TRBV19	TRBJ2-1
CAWITEMNTEAFF	TRBV30	TRBJ1-1
CASSDRAGNTIYF	TRBV19	TRBJ1-3
CANSQRASYEQYF	TRBV19	TRBJ2-7
CASSYRSTDTQYF	TRBV19	TRBJ2-3
CASALGGYNEQFF	TRBV19	TRBJ2-1
CASSLGPSDFVTASGSITGGPDTQYF	TRBV28	TRBJ2-3
CASSSTGTTNYEQYF	TRBV13	TRBJ2-7
CASSEREQFF	TRBV2	TRBJ2-1
CASSKGGTRGNEQFF	TRBV7-9	TRBJ2-1
CSVEVGQVAEQYF	TRBV29-1	TRBJ2-7
CATSSGGTEAFF	TRBV15	TRBJ1-1
CASSSDRDNTGELFF	TRBV13	TRBJ2-2
CASSLVRDGPYEQYF	TRBV7-9	TRBJ2-7
CASAHPRASGSTDTQYF	TRBV7-2	TRBJ2-3
CASSKRSTGELFF	TRBV19	TRBJ2-2
CASSIVSGSEQYF	TRBV19	TRBJ2-7
CASSQEVQGGEKLFF	TRBV4-3	TRBJ1-4
CASSTRSDEKLFF	TRBV19	TRBJ1-4
CASSLPIRDRGYATNEKLFF	TRBV7-7	TRBJ1-4
CASSSRSAYEQYF	TRBV19	TRBJ2-7
CASSGTGGPGELFF	TRBV19	TRBJ2-2
CASSIVVHGYTF	TRBV19	TRBJ1-2
CASSARSSNEQFF	TRBV19	TRBJ2-1
CASSIRSGAEQFF	TRBV19	TRBJ2-1
CASSPLSASEEFF	TRBV19	TRBJ2-1
CAIPGRGTANQPQHF	TRBV9	TRBJ1-5
CASSPQGFYGYTF	TRBV19	TRBJ1-2
CASSIFTGANVLTF	TRBV19	TRBJ2-6
CASSQDLLAGNEQFF	TRBV14	TRBJ2-1
CASSQDPGDEQFF	TRBV4-1	TRBJ2-1
CASSIGTSYNEQFF	TRBV19	TRBJ2-1
CASSYSNTQNEAFF	TRBV6-5	TRBJ1-1
CASTHIFPGELFF	TRBV27	TRBJ2-2
CASSYATGSGANVLTF	TRBV6-6	TRBJ2-6
CASSTISVDTQYF	TRBV19	TRBJ2-3
CASSIGTYGYTF	TRBV19	TRBJ1-2
CASSLTGLTPLSTDTQYF	TRBV7-3	TRBJ2-3
CASSMVAALGEQFF	TRBV19	TRBJ2-1
CASSIYNNQPQHF	TRBV19	TRBJ1-5
CASSIKSSYNEQFF	TRBV19	TRBJ2-1
CASSPSFWDMGPYTF	TRBV18	TRBJ1-2
CASSTFLGAEAFF	TRBV19	TRBJ1-1
CASSFRSSYEQYF	TRBV19	TRBJ2-7
CASSPPGTSTDTQYF	TRBV7-8	TRBJ2-3
CASSITSTGELFF	TRBV19	TRBJ2-2
CSARDKAGEGYNEQFF	TRBV20-1	TRBJ2-1
CASSIRSGNEQFF	TRBV19	TRBJ2-1
CASSLIFPGRAFF	TRBV27	TRBJ1-1
CASSYSMMQDVSNQPQHF	TRBV6-2	TRBJ1-5
CASSIFLGAEAFF	TRBV19	TRBJ1-1
CASSIIAGENIQYF	TRBV19	TRBJ2-4
CASSIRNSYNEQFF	TRBV19	TRBJ2-1
CASSEPLGGTSYNEQFF	TRBV9	TRBJ2-1
CASSEYAGRSYNEQFF	TRBV28	TRBJ2-1
CASSYGKPLYSNQPQHF	TRBV6-5	TRBJ1-5
CASSIGGDEKLFF	TRBV13	TRBJ1-4
CSATHRLAGQIYNEQFF	TRBV20-1	TRBJ2-1
CASSSQSTGTAGVYEQYF	TRBV28	TRBJ2-7
CASSFRSADTQYF	TRBV19	TRBJ2-3
CASSIRSEYEQYF	TRBV19	TRBJ2-7
CASSFSGLSNTEAFF	TRBV7-8	TRBJ1-1
CASSSLGGYTF	TRBV5-4	TRBJ1-2
CASSMPGPINEQFF	TRBV19	TRBJ2-1
CASSQVGTTLETQYF	TRBV4-2	TRBJ2-5
CASSIYSGVGNEQFF	TRBV19	TRBJ2-1
CALQGEVLNTEAFF	TRBV30	TRBJ1-1
CASSLSGNTEAFF	TRBV27	TRBJ1-1
CASSFGTGENIQYF	TRBV13	TRBJ2-4
CASSTFDTSNQPQHF	TRBV19	TRBJ1-5
CASSSKRGPYNEQFF	TRBV7-8	TRBJ2-1
CATSKWTGETQYF	TRBV15	TRBJ2-5
CASSMGGGATVLTF	TRBV19	TRBJ2-6
CASSIVIVAGANVLTF	TRBV19	TRBJ2-6
CASSQGVTGELFF	TRBV3-1	TRBJ2-2
CASSIRASETQYF	TRBV19	TRBJ2-5
CASSTRSGTEAFF	TRBV19	TRBJ1-1
CASSQDKTTGELFF	TRBV4-1	TRBJ2-2
CASSSTLYNEQFF	TRBV19	TRBJ2-1
CASSIFQGQPQHF	TRBV19	TRBJ1-5
CASSANSINEQFF	TRBV19	TRBJ2-1
CASSVEGTVTDTQYF	TRBV9	TRBJ2-3
CASRPGGGYEQYF	TRBV7-8	TRBJ2-7
CASSYGMGTGELFF	TRBV6-5	TRBJ2-2
CASSEDPATNEKLFF	TRBV6-1	TRBJ1-4
CASSAGSYGYTF	TRBV19	TRBJ1-2
CASSQGNEQFF	TRBV14	TRBJ2-1
CASSPRQGIETQYF	TRBV7-2	TRBJ2-5
CASSMSAANQPQHF	TRBV19	TRBJ1-5
CASSTLDSYNEQFF	TRBV19	TRBJ2-1
CASSIRSSYKQYF	TRBV19	TRBJ2-7
CSARVRGDVYGYTF	TRBV20-1	TRBJ1-2
CAWSVLGSTDTQYF	TRBV30	TRBJ2-3
CASSIFGSEGNEQFF	TRBV19	TRBJ2-1
CASRTFGGSSYNEQFF	TRBV19	TRBJ2-1
CASSIRSAGPLFF	TRBV19	TRBJ2-2
CASSLGQGADEQYF	TRBV4-3	TRBJ2-7
CASSIYSGQPQHF	TRBV19	TRBJ1-5
CASREFSDRGYEQYF	TRBV28	TRBJ2-7
CASSRQGVGQPQHF	TRBV4-3	TRBJ1-5
CASSIGWSGYTF	TRBV19	TRBJ1-2
CASSSRQGAANEKLFF	TRBV13	TRBJ1-4
CAWSSGLGNEKLFF	TRBV30	TRBJ1-4
CASSTRSDNEQFF	TRBV19	TRBJ2-1
CASSLSGPYNEQFF	TRBV19	TRBJ2-1
CASSQWGNNEKLFF	TRBV27	TRBJ1-4
CASSIFGGPYNEQFF	TRBV19	TRBJ2-1
CASSQDLGGWEQFF	TRBV4-3	TRBJ2-1
CASSTRSSSEQYF	TRBV19	TRBJ2-7
CASSALAGRYNEQFF	TRBV19	TRBJ2-1
CATNNFAGGNEQFF	TRBV19	TRBJ2-1
CSASTQGALVLTNEQFF	TRBV20-1	TRBJ2-1
CATSDVTGGLVGNQPQHF	TRBV24-1	TRBJ1-5
CASSSGFYEQYF	TRBV19	TRBJ2-7
CASSFDGVYEQYF	TRBV19	TRBJ2-7
CASSIVSADTQYF	TRBV19	TRBJ2-3
CASSFRSQETQYF	TRBV19	TRBJ2-5
CASSFGENTGELFF	TRBV27	TRBJ2-2
CSARGQSLYYSNQPQHF	TRBV20-1	TRBJ1-5
CASSIRSTDIQYF	TRBV19	TRBJ2-4
CASSPRSGEPQHF	TRBV19	TRBJ1-5
CASSPRSGVGAFF	TRBV19	TRBJ1-1
CASSFRGTYNEQFF	TRBV5-6	TRBJ2-1
CASSIVTGYGYTF	TRBV19	TRBJ1-2
CASSSRSVGELFF	TRBV19	TRBJ2-2
CTSSMRSADTQYF	TRBV7-2	TRBJ2-3
CASSTRSSVEQYF	TRBV19	TRBJ2-7
CASSLDENYEQYF	TRBV12-3	TRBJ2-7
CASSKIAGGPYTQYF	TRBV7-8	TRBJ2-3
CASSRGLAANTGELFF	TRBV7-6	TRBJ2-2
CASSDAYGYKLFF	TRBV2	TRBJ1-4
CASSGPTNTGELFF	TRBV5-6	TRBJ2-2
CASSPWDRGLAEAFF	TRBV18	TRBJ1-1
CASSLPGVGYNEQFF	TRBV19	TRBJ2-1
CASSIRDGVNTEAFF	TRBV19	TRBJ1-1
CASSIVSRDTQYF	TRBV19	TRBJ2-3
CASSLGTGENEQYF	TRBV11-2	TRBJ2-7
CASSLLQGGSSPLHF	TRBV28	TRBJ1-6
CASRPGQHTGELFF	TRBV6-4	TRBJ2-2
CASSIHSLNEQFF	TRBV19	TRBJ2-1
CASSSNIIRGSSYEQYF	TRBV5-4	TRBJ2-7
CASSIRSAGEAFF	TRBV19	TRBJ1-1
CASSVRSGHEQYF	TRBV19	TRBJ2-7
CASSIRSSAEAFF	TRBV19	TRBJ1-1
CASSITGPDTQYF	TRBV19	TRBJ2-3
CASSTRASYEQYF	TRBV19	TRBJ2-7
CASSISSGQPQHF	TRBV19	TRBJ1-5
CASSITSSYNEQFF	TRBV19	TRBJ2-1
CASSIRSTEPQHF	TRBV19	TRBJ1-5
CASSINAYNEQFF	TRBV19	TRBJ2-1
CASSLTSLANEQFF	TRBV19	TRBJ2-1
CASSSPRRGIQETQYF	TRBV5-1	TRBJ2-5
CASSLAGAGGYTF	TRBV27	TRBJ1-2
CASSYLTGMNQPQHF	TRBV6-6	TRBJ1-5
CASSPAEGQRGEKLFF	TRBV4-1	TRBJ1-4
CASSIYSLNTEAFF	TRBV19	TRBJ1-1
CASTSWGETQYF	TRBV7-8	TRBJ2-5
CASSLLGPSYNEQFF	TRBV6-2	TRBJ2-1
CASSGQLNTEAFF	TRBV25-1	TRBJ1-1
CASSFLGPEGEKLFF	TRBV12-4	TRBJ1-4
CASSEAISGAWDEQFF	TRBV6-1	TRBJ2-1
CATSDPSTSGRSGGQETQYF	TRBV24-1	TRBJ2-5
CASSTASTDTQYF	TRBV19	TRBJ2-3
CASSTFSRDIQYF	TRBV19	TRBJ2-4
CASSLYRGEKLFF	TRBV12-3	TRBJ1-4
CASSIYGSVGTEAFF	TRBV19	TRBJ1-1
CASSLGWGFGEQYF	TRBV27	TRBJ2-7
CASISDREGTEAFF	TRBV25-1	TRBJ1-1
CASSPKTYSNQPQHF	TRBV19	TRBJ1-5
CSARRQRSTDTQYF	TRBV20-1	TRBJ2-3
CASSSYSYNEQFF	TRBV19	TRBJ2-1
CAISESSEQFF	TRBV10-3	TRBJ2-1
CASSINGGAYNEQFF	TRBV19	TRBJ2-1
CASSLRALSSYNSPLHF	TRBV7-2	TRBJ1-6
CATQGDNTYEQYF	TRBV19	TRBJ2-7
CASSALAGGYNEQFF	TRBV19	TRBJ2-1
CASSIFQFNEQFF	TRBV19	TRBJ2-1
CSVKGGSSYEQYF	TRBV29-1	TRBJ2-7
CASSIRHLYEQYF	TRBV19	TRBJ2-7
CASNIFRGGNEQFF	TRBV19	TRBJ2-1
CSARGDQIGSYEQYF	TRBV20-1	TRBJ2-7
CASSKRSGIEQYF	TRBV19	TRBJ2-7
CASSKRGAETQYF	TRBV19	TRBJ2-5
CASSPRAGWETQYF	TRBV19	TRBJ2-5
CASSQDDGTFSYNEQFF	TRBV4-3	TRBJ2-1
CASSVALAGGSTDTQYF	TRBV9	TRBJ2-3
CASSEGSYGYTF	TRBV19	TRBJ1-2
CASSADGILNTEAFF	TRBV19	TRBJ1-1
CASSISPTGELFF	TRBV19	TRBJ2-2
CASSQGPQVRGADTQYF	TRBV4-3	TRBJ2-3
CASSQSGGGIGNSPLHF	TRBV4-2	TRBJ1-6
CASSQGEGQFF	TRBV7-9	TRBJ2-1
CASSTSSGQTQETQYF	TRBV19	TRBJ2-5
CASSSRSGHEQFF	TRBV19	TRBJ2-1
CASSIGLAGYTF	TRBV19	TRBJ1-2
CASSILSGRAQYF	TRBV19	TRBJ2-3
CASSQFPLTGGNTEAFF	TRBV3-1	TRBJ1-1
CASSMRSGSEQFF	TRBV19	TRBJ2-1
CASSLGQGTDTQYF	TRBV5-1	TRBJ2-3
CASSFSLGGAIDTQYF	TRBV12-3	TRBJ2-3
CASSYNRDRETSNEKLFF	TRBV6-2	TRBJ1-4
CASSPKDIRVYNEQFF	TRBV9	TRBJ2-1
CASTMTMGWTEAFF	TRBV19	TRBJ1-1
CASNPGRLRSPLHF	TRBV5-8	TRBJ1-6
CASSPRAGQPQHF	TRBV19	TRBJ1-5
CASSITSGSYNEQFF	TRBV19	TRBJ2-1
CAWSASPGASNQPQHF	TRBV30	TRBJ1-5
CASSNRASYEQYF	TRBV19	TRBJ2-7
CASSFLTGLNEQFF	TRBV28	TRBJ2-1
CASSIPSTGELFF	TRBV19	TRBJ2-2
CASSLISQDTEAFF	TRBV4-1	TRBJ1-1
CASSELPGYGNTIYF	TRBV2	TRBJ1-3
CASSMVVIGTEAFF	TRBV19	TRBJ1-1
CASSYFSGRADDTQYF	TRBV6-2	TRBJ2-3
CASSLTGAGTEAFF	TRBV19	TRBJ1-1
CAGGTDYEQYF	TRBV30	TRBJ2-7
CASSYHSNQPQHF	TRBV19	TRBJ1-5
CASIIRSSYEQYF	TRBV19	TRBJ2-7
CAASTGSYGYTF	TRBV19	TRBJ1-2
CASSWTVNYGYTF	TRBV19	TRBJ1-2
CASSPRTVRLRETQYF	TRBV12-3	TRBJ2-5
CSARGGVYNEQFF	TRBV20-1	TRBJ2-1
CASSQVDFRADRSSYNEQFF	TRBV14	TRBJ2-1
CASSIRSSAEQYF	TRBV19	TRBJ2-7
CASSILSGPRTEAFF	TRBV19	TRBJ1-1
CASAGTSGYEQYF	TRBV9	TRBJ2-7
CASNSGLAIEEQFF	TRBV11-2	TRBJ2-1
CASSGTSNQPQHF	TRBV19	TRBJ1-5
CASTTGTVNTEAFF	TRBV6-6	TRBJ1-1
CASSAVQGDTQYF	TRBV19	TRBJ2-3
CASGPYSLYEQYF	TRBV19	TRBJ2-7
CASSILAGGYNEQFF	TRBV19	TRBJ2-1
CASSSLDVAGYEQYF	TRBV12-3	TRBJ2-7
CASSQLSNTEAFF	TRBV19	TRBJ1-1
CASSIYGYGEQYF	TRBV19	TRBJ2-7
CSAPTPGQGSSSPLHF	TRBV20-1	TRBJ1-6
CASSGYSNQPQHF	TRBV19	TRBJ1-5
CASSFQSDNEQFF	TRBV19	TRBJ2-1
CASSMTSGPYNEQFF	TRBV19	TRBJ2-1
CASSYNLAGTSLDEQFF	TRBV6-2	TRBJ2-1
CASSQGGQGYEQYF	TRBV4-1	TRBJ2-7
CACTLVSTEAFF	TRBV30	TRBJ1-1
CASSLRGSGEQFF	TRBV19	TRBJ2-1
CAASTRSTDTQYF	TRBV19	TRBJ2-3
CATSSVGAQTQYF	TRBV15	TRBJ2-5
CASSLFGGTDTQYF	TRBV27	TRBJ2-3
CASSIYEGGYNEQFF	TRBV19	TRBJ2-1
CASSSGFVGPYQPQHF	TRBV7-3	TRBJ1-5
CASSIFANTEAFF	TRBV19	TRBJ1-1
CASSQDPGGTEAFF	TRBV4-1	TRBJ1-1
CASSIRSAHEAFF	TRBV19	TRBJ1-1
CASSHPRRGGEEKLFF	TRBV7-4	TRBJ1-4
CASSIYALGELFF	TRBV19	TRBJ2-2
CASSILSQQPQHF	TRBV19	TRBJ1-5
CASSVRASDEQYF	TRBV19	TRBJ2-7
CASSPSMRSGLAEAFF	TRBV7-2	TRBJ1-1
CASSGRSGETQYF	TRBV19	TRBJ2-5
CASKWGGRAVLNTEAFF	TRBV6-6	TRBJ1-1
CASSQVASNQETQYF	TRBV14	TRBJ2-5
CASNIGAGEQFF	TRBV19	TRBJ2-1
CASSQGHGLPYEQYF	TRBV3-1	TRBJ2-7
CASTPDSEIYEQYF	TRBV9	TRBJ2-7
CASSPFLGGAYGYTF	TRBV19	TRBJ1-2
CASSLPDSNEQFF	TRBV7-6	TRBJ2-1
CASSIGWYGYTF	TRBV19	TRBJ1-2
CASSYFEGQPQHF	TRBV6-2	TRBJ1-5
CASNWGTGELFF	TRBV19	TRBJ2-2
CASSSYRDRESGANVLTF	TRBV11-3	TRBJ2-6
CASRQSFNEQFF	TRBV10-2	TRBJ2-1
CASSPLSNQPQHF	TRBV19	TRBJ1-5
CASSIYSSNEQFF	TRBV19	TRBJ2-1
CASSHVWAGTGFVYGYTF	TRBV5-6	TRBJ1-2
CASSPVGIDEQYF	TRBV18	TRBJ2-7
CASATFSYNEQFF	TRBV19	TRBJ2-1
CASSEVGVFEAFF	TRBV2	TRBJ1-1
CASSTGRTGTSGTNEQFF	TRBV28	TRBJ2-1
CASSTGNTEAFF	TRBV12-3	TRBJ1-1
CASSLVSSYNEQFF	TRBV14	TRBJ2-1
CASSIGTSGDYNEQFF	TRBV19	TRBJ2-1
CASSIMGTDTQYF	TRBV19	TRBJ2-3
CATILYEILLGKATLYAYEQYF	TRBV15	TRBJ2-7
CATYLSRDRDSPLHF	TRBV24-1	TRBJ1-6
CASSVAGGDEQFF	TRBV9	TRBJ2-1
CASSYRSSNEQFF	TRBV19	TRBJ2-1
CASSLFSIGEQFF	TRBV19	TRBJ2-1
CASSHTGVITEAFF	TRBV19	TRBJ1-1
CATSDSGLAETKSSYNEQFF	TRBV24-1	TRBJ2-1
CSAIPTGNYEQYF	TRBV20-1	TRBJ2-7
CASSGRASTEAFF	TRBV19	TRBJ1-1
CASSWFTRSEKLFF	TRBV19	TRBJ1-4
CASSSSDGDNEQFF	TRBV28	TRBJ2-1
CASSMYSGSANEQFF	TRBV19	TRBJ2-1
CASSARLAGGGNEQFF	TRBV7-9	TRBJ2-1
CASGTEGNTIYF	TRBV27	TRBJ1-3
CASSYIGVNQPQHF	TRBV6-2	TRBJ1-5
CASSVRSAGELFF	TRBV19	TRBJ2-2
CSVDGGGAVPLDTQYF	TRBV29-1	TRBJ2-3
CASSVDLKAGEEGEQFF	TRBV9	TRBJ2-1
CASSAGQISRVTQYF	TRBV9	TRBJ2-3
CASSFGGRGLGFSGNTIYF	TRBV27	TRBJ1-3
CASSNVAGINEQFF	TRBV19	TRBJ2-1
CASSGGVSGGAGETQYF	TRBV12-3	TRBJ2-5
CASSFTVNTEAFF	TRBV19	TRBJ1-1
CASSFGSGGYEQYF	TRBV27	TRBJ2-7
CASSYSNRGWDTEAFF	TRBV6-5	TRBJ1-1
CASSLRASGEQYF	TRBV19	TRBJ2-7
CASSPDLGYEQYF	TRBV7-9	TRBJ2-7
CASSFGQGLEQYF	TRBV27	TRBJ2-7
CASSMFGKETQYF	TRBV19	TRBJ2-5
CATSDYVSGTLQETQYF	TRBV24-1	TRBJ2-5
CASSQDGQGLTGELFF	TRBV4-1	TRBJ2-2
CASSSRAVDEQYF	TRBV19	TRBJ2-7
CASSVYSNQPQHF	TRBV19	TRBJ1-5
CASSYRATDTQYF	TRBV19	TRBJ2-3
CASSTGTASGQETQYF	TRBV6-5	TRBJ2-5
CASSLQSVDANGYTF	TRBV7-8	TRBJ1-2
CASSSRSGNEQFF	TRBV19	TRBJ2-1
CASSWGGGSHYGYTF	TRBV7-2	TRBJ1-2
CASSKSASYEQYF	TRBV19	TRBJ2-7
CASSELTGGGYEQYF	TRBV6-1	TRBJ2-7
CASSRTSGDTQYF	TRBV19	TRBJ2-3
CASSATGSTYEQYF	TRBV18	TRBJ2-7
CAWSFLDVTAGTEAFF	TRBV30	TRBJ1-1
CASSFGSGRWLNEQFF	TRBV27	TRBJ2-1
CASSMFGGGYNEQFF	TRBV19	TRBJ2-1
CASSMFGQLGYTF	TRBV19	TRBJ1-2
CASSIHGAETQYF	TRBV19	TRBJ2-5
CASSSGTGGGYEQYF	TRBV25-1	TRBJ2-7
CASSDSPRVDEQYF	TRBV6-4	TRBJ2-7
CASSRTGLNTEAFF	TRBV18	TRBJ1-1
CASSPTVAGEQFF	TRBV27	TRBJ2-1
CASSPYDLGSNQPQHF	TRBV19	TRBJ1-5
CASSIAGDEQFF	TRBV19	TRBJ2-1
CASSNGQYSNQPQHF	TRBV19	TRBJ1-5
CASSVRAGETQYF	TRBV19	TRBJ2-5
CASSIAGGEQYF	TRBV19	TRBJ2-7
CASSMRSTGELFF	TRBV19	TRBJ2-2
CASGGQYQETQYF	TRBV19	TRBJ2-5
CASSSLGSDTQYF	TRBV7-3	TRBJ2-3
CSARPSGGVSAYEQYF	TRBV20-1	TRBJ2-7
CASSLNLGQGYTF	TRBV5-1	TRBJ1-2
CSVASGTGTNTEAFF	TRBV29-1	TRBJ1-1
CASSTHLGSGNTIYF	TRBV19	TRBJ1-3
CASSPRTGNSGANVLTF	TRBV7-8	TRBJ2-6
CASSIRGGGEQFF	TRBV19	TRBJ2-1
CASSWTLNTEAFF	TRBV19	TRBJ1-1
CASSLAFRQRETDTQYF	TRBV7-6	TRBJ2-3
CASSGRSSGTQYF	TRBV19	TRBJ2-5
CASSTHHLGIQYF	TRBV19	TRBJ2-4
CSARDRVEEKLFF	TRBV20-1	TRBJ1-4
CASSIRANTEAFF	TRBV19	TRBJ1-1
CASSIQGNQPQHF	TRBV19	TRBJ1-5
CATSSTQSPDGRSGNTIYF	TRBV15	TRBJ1-3
CASNSGLLEAFF	TRBV19	TRBJ1-1
CASSHRSSYEQYF	TRBV19	TRBJ2-7
CSAQSTDTQYF	TRBV29-1	TRBJ2-3
CASSISPTPRQGQFF	TRBV19	TRBJ2-1
CASSQEAGALGETQYF	TRBV4-1	TRBJ2-5
CASSPLSGNEQFF	TRBV19	TRBJ2-1
CASNDPPGATNNEQFF	TRBV2	TRBJ2-1
CASSTRGAYEQYF	TRBV19	TRBJ2-7
CASSPGTGNQPQHF	TRBV9	TRBJ1-5
CASSETTGPAYEQYF	TRBV6-1	TRBJ2-7
CASSGVSWETNEQYF	TRBV3-1	TRBJ2-7
CASNIYSNQPQHF	TRBV19	TRBJ1-5
CASSYGQALLADEQFF	TRBV6-5	TRBJ2-1
CASSFGGGYREAFF	TRBV12-3	TRBJ1-1
CASSQRSTSEAFF	TRBV19	TRBJ1-1
CASETTSTDTQYF	TRBV19	TRBJ2-3
CASSSPWGQGPHEQYF	TRBV12-4	TRBJ2-7
CASSLAAQGAAKNIQYF	TRBV7-2	TRBJ2-4
CASSWTGNTEAFF	TRBV19	TRBJ1-1
CASSMRSSHEQYF	TRBV19	TRBJ2-7
CASSHGGPPTFYGYTF	TRBV3-1	TRBJ1-2
CASSLAVDRSSYNSPLHF	TRBV5-6	TRBJ1-6
CASSTRAGEKLFF	TRBV19	TRBJ1-4
CASSEAWNTEAFF	TRBV10-1	TRBJ1-1
CSAITDRTYSNQPQHF	TRBV20-1	TRBJ1-5
CASSYLQGANGYTF	TRBV5-4	TRBJ1-2
CASSPWGQTASSYNEQFF	TRBV7-8	TRBJ2-1
CAISRGNEQYF	TRBV10-3	TRBJ2-7
CASTIYQGAPTEAFF	TRBV19	TRBJ1-1
CASSIRSVGELFF	TRBV19	TRBJ2-2
CASSPRTSGLTDTQYF	TRBV7-9	TRBJ2-3
CASSIVGGSYNEQFF	TRBV19	TRBJ2-1
CASSVDRQPGNTIYF	TRBV5-1	TRBJ1-3
CASNGGYSTDTQYF	TRBV6-2	TRBJ2-3
CASRERSYNGEQFF	TRBV6-5	TRBJ2-1
CASSLVPSDQETQYF	TRBV5-4	TRBJ2-5
CASSPVGLNTEAFF	TRBV18	TRBJ1-1
CASRVVEGIAEAFF	TRBV2	TRBJ1-1
CASSIGQGSGYEQYF	TRBV19	TRBJ2-7
CASSDYAANTEAFF	TRBV6-1	TRBJ1-1
CASSLFSETQYF	TRBV11-2	TRBJ2-5
CASSLVGGTDEKLFF	TRBV7-9	TRBJ1-4
CSVELASGTYEQYF	TRBV29-1	TRBJ2-7
CASSTIAGGTDTQYF	TRBV19	TRBJ2-3
CATSYRSSDTQYF	TRBV15	TRBJ2-3
CATSDPTGEDTQYF	TRBV24-1	TRBJ2-3
CASSPPSAGYNEQFF	TRBV6-2	TRBJ2-1
CASSIFGGDYNEQFF	TRBV19	TRBJ2-1
CASSYGVYGYTF	TRBV19	TRBJ1-2
CSARSGLAGGGDTQYF	TRBV20-1	TRBJ2-3
CASSTRSNTEAFF	TRBV19	TRBJ1-1
CASSLGSGLVYEQYF	TRBV11-2	TRBJ2-7
CASSMRAALEQYF	TRBV19	TRBJ2-7
CASSLQGTDTQYF	TRBV27	TRBJ2-3
CASSMTSLNEQFF	TRBV19	TRBJ2-1
CASSIVGIGNQPQHF	TRBV19	TRBJ1-5
CASSSLIQANTEAFF	TRBV28	TRBJ1-1
CASSLRDRGARPNTEAFF	TRBV11-2	TRBJ1-1
CASSWYSNQPQHF	TRBV19	TRBJ1-5
CASSFLQGEKLFF	TRBV27	TRBJ1-4
CASRLKDSDSQPQHF	TRBV4-1	TRBJ1-5
CASSPRASLEQYF	TRBV19	TRBJ2-7
CASGTWGLDEQYF	TRBV19	TRBJ2-7
CASSQGPTGGYVSEAFF	TRBV7-3	TRBJ1-1
CASSYPGTGTSNQPQHF	TRBV6-6	TRBJ1-5
CASSILAGSYNEQFF	TRBV19	TRBJ2-1
CAWSVSVQGYGYTF	TRBV30	TRBJ1-2
CASSVAGGDTGELFF	TRBV9	TRBJ2-2
CASSTVDRSEHMNTEAFF	TRBV19	TRBJ1-1
CASSYTVNYGYTF	TRBV19	TRBJ1-2
CASSYHSQETQYF	TRBV6-5	TRBJ2-5
CASSIRSSHEQYF	TRBV19	TRBJ2-7
CASSQVGGPDTQYF	TRBV14	TRBJ2-3
CASGRLSYNEQFF	TRBV12-4	TRBJ2-1
CASSIISSYEQYF	TRBV19	TRBJ2-7
CASSLGTDSGYGYTF	TRBV7-9	TRBJ1-2
CATSDLGLAGDTQYF	TRBV24-1	TRBJ2-3
CASSSAGGRDEQFF	TRBV4-2	TRBJ2-1
CSASGARAGNTIYF	TRBV20-1	TRBJ1-3
CASSAALSEAFF	TRBV6-5	TRBJ1-1
CASSPVGVGEQFF	TRBV18	TRBJ2-1
CATSGGWTYSNEQFF	TRBV24-1	TRBJ2-1
CASSERGAGDTIYF	TRBV10-2	TRBJ1-3
CASNDMGGNANEQFF	TRBV19	TRBJ2-1
CSVADYSGLVPSTDTQYF	TRBV29-1	TRBJ2-3
CASSTWGGGAYNEQFF	TRBV7-9	TRBJ2-1
CASSSRGGHEQYF	TRBV19	TRBJ2-7
CASSQRGGIEQFF	TRBV19	TRBJ2-1
CACSGTEDQPQHF	TRBV30	TRBJ1-5
CASSFRGETGFTGELFF	TRBV13	TRBJ2-2
CASSIRASYEQYF	TRBV19	TRBJ2-7
CASSTFGTGGNEQFF	TRBV19	TRBJ2-1
CASSGRSGYEQYF	TRBV19	TRBJ2-7
CASSPVGTGELFF	TRBV18	TRBJ2-2
CASSMVGGSYNEQFF	TRBV19	TRBJ2-1
CSVEEGLQTGELFF	TRBV29-1	TRBJ2-2
CASSEWAGGGTDTQYF	TRBV6-1	TRBJ2-3
CASSLVAGGGETQYF	TRBV5-6	TRBJ2-5
CSVAGNTEAFF	TRBV29-1	TRBJ1-1
CASRRGTDTLTDTQYF	TRBV28	TRBJ2-3
CASSRRSNQPQHF	TRBV19	TRBJ1-5
CASSYGTGGDAHGYTF	TRBV6-5	TRBJ1-2
CASSILAGPYNEQFF	TRBV19	TRBJ2-1
CASSKRSQETQYF	TRBV19	TRBJ2-5
CASSIFHTDTQYF	TRBV19	TRBJ2-3
CATSTGSYGYTF	TRBV15	TRBJ1-2
CASSVRASYEQYF	TRBV19	TRBJ2-7
CASSIRAAETQYF	TRBV19	TRBJ2-5
CASSLRSTGELFF	TRBV19	TRBJ2-2
CASSGRSNQPQHF	TRBV19	TRBJ1-5
CASSLGKTSETEETQYF	TRBV28	TRBJ2-5
CASSEALAGGGTDTQYF	TRBV6-1	TRBJ2-3
CASSEEYNEQFF	TRBV10-1	TRBJ2-1
CASSIRAGVEQYF	TRBV19	TRBJ2-7
CSARGLGGETQYF	TRBV20-1	TRBJ2-5
CASSQYAGQQEFF	TRBV4-3	TRBJ2-1
CASSVRSTDTQYF	TRBV19	TRBJ2-3
CATNGRGGYYNEQFF	TRBV30	TRBJ2-1
