	CASTLQGGNEQFF	TRBV6-5	TRBJ2-1
	CASSEGDRVTEAFF	TRBV9	TRBJ1-1
	CASSLPGQDYGYTF	TRBV5-1	TRBJ1-2
	CASRGPVETQYF	TRBV11-2	TRBJ2-5
	CASSQDLEDRGFYGYTF	TRBV4-2	TRBJ1-2
	CASSFLTGQGETQYF	TRBV11-2	TRBJ2-5
	CASSELAGVGETQYF	TRBV11-2	TRBJ2-5
	CSVEGPSSGANVLTF	TRBV29-1	TRBJ2-6
	CASSLGQGASQPQHF	TRBV7-2	TRBJ1-5
	CASSVGNEQFF	TRBV9	TRBJ2-1
	CSARSYGGGSSYEQYF	TRBV20-1	TRBJ2-7
	CASSESAGGYYNEQFF	TRBV2	TRBJ2-1
	CASSYSPGNEQYF	TRBV6-2	TRBJ2-7
	CASSLGSRPGYTF	TRBV7-8	TRBJ1-2
	CAWGSGLGYGYTF	TRBV30	TRBJ1-2
	CASSRDRDYGYTF	TRBV4-1	TRBJ1-2
	CASSQLAGVETQYF	TRBV4-1	TRBJ2-5
	CASSLAGGMDTEAFF	TRBV7-9	TRBJ1-1
	CSARDGTGNGYTF	TRBV20-1	TRBJ1-2
	CASSQDSSGGLGEQFF	TRBV4-2	TRBJ2-1
	CASSQTRGAGNTIYF	TRBV4-1	TRBJ1-3
	CASSQDRGSSYEQYF	TRBV4-2	TRBJ2-7
	CASSRTGSGYTF	TRBV6-2	TRBJ1-2
	CASSIESLGVTEAFF	TRBV19	TRBJ1-1
	CASSRLGQGAITEAFF	TRBV7-9	TRBJ1-1
	CAWSGGTSYNSPLHF	TRBV30	TRBJ1-6
	CASGSSGGAGYGYTF	TRBV12-5	TRBJ1-2
	CASRPPGVYEQYF	TRBV28	TRBJ2-7
	CASSSQGASYNEQFF	TRBV27	TRBJ2-1
	CASSPLVGNTIYF	TRBV5-6	TRBJ1-3
	CATRQGNQPQHF	TRBV15	TRBJ1-5
	CSATTLVDSYNEQFF	TRBV20-1	TRBJ2-1
	CASSLQSQGAPYEQYF	TRBV5-1	TRBJ2-7
	CASSLESGEKLFF	TRBV5-1	TRBJ1-4
	CASSQDTRRQPQHF	TRBV3-1	TRBJ1-5
	CASSMRDPQETQYF	TRBV13	TRBJ2-5
	CAWSVYGGGRDEQFF	TRBV30	TRBJ2-1
	CATSGAAYSGANVLTF	TRBV24-1	TRBJ2-6
	CASSNRDRGRQPQHF	TRBV2	TRBJ1-5
	CASSQDHGTSVYNEQFF	TRBV3-1	TRBJ2-1
	CASSFRLAGEETQYF	TRBV5-1	TRBJ2-5
	CASSLDPRGSSYNSPLHF	TRBV5-1	TRBJ1-6
	CASSWGTPSYEQYF	TRBV5-1	TRBJ2-7
	CASSAFTDTQYF	TRBV9	TRBJ2-3
	CSARVRPTGNTIYF	TRBV20-1	TRBJ1-3
	CASSQARGDTEAFF	TRBV14	TRBJ1-1
	CSADTGTGGPNQPQHF	TRBV20-1	TRBJ1-5
	CASSVSGGGYNEQFF	TRBV12-3	TRBJ2-1
	CATSDGYEQYF	TRBV24-1	TRBJ2-7
	CSVGAGEGGPQHF	TRBV29-1	TRBJ1-5
	CASSAGTSGQETQYF	TRBV9	TRBJ2-5
	CASSVTDYNEQFF	TRBV9	TRBJ2-1
	CASSAFSGTTDTQYF	TRBV9	TRBJ2-3
	CSAREPRGNTIYF	TRBV20-1	TRBJ1-3
	CASSLLAGTSYEQYF	TRBV7-3	TRBJ2-7
	CASSVTGGENQPQHF	TRBV19	TRBJ1-5
	CASSLAGAKEAFF	TRBV7-8	TRBJ1-1
	CASSLGSPSSYEQYF	TRBV5-1	TRBJ2-7
	CASVATPYGYTF	TRBV12-5	TRBJ1-2
	CASSQEGFREQFF	TRBV4-1	TRBJ2-1
	CASSFEEETEAFF	TRBV7-2	TRBJ1-1
	CSARSEVGNTIYF	TRBV20-1	TRBJ1-3
	CASSSRDSQNQPQHF	TRBV5-6	TRBJ1-5
	CASSLAHNQPQHF	TRBV12-3	TRBJ1-5
	CASSLEVGNQPQHF	TRBV5-1	TRBJ1-5
	CASSQEAFNYEQYF	TRBV4-1	TRBJ2-7
	CSARPSLAGGYNEQFF	TRBV20-1	TRBJ2-1
	CSVEREGGYTF	TRBV29-1	TRBJ1-2
	CASTIGTGGDYGYTF	TRBV19	TRBJ1-2
	CASSLAADYEQYF	TRBV5-1	TRBJ2-7
	CSARDRAYGNTIYF	TRBV20-1	TRBJ1-3
	CASSYSGGAGELFF	TRBV3-1	TRBJ2-2
	CASSFTGGRTGELFF	TRBV12-3	TRBJ2-2
	CASSISGDYGYTF	TRBV7-8	TRBJ1-2
	CASSVDTGLTGELFF	TRBV9	TRBJ2-2
	CASSLTTGIQYF	TRBV6-2	TRBJ2-4
	CASGGGGFQETQYF	TRBV10-2	TRBJ2-5
	CSARDRSLGNTIYF	TRBV20-1	TRBJ1-3
	CASKKLAGDSYEQYF	TRBV6-5	TRBJ2-7
	CASTGGSGYTF	TRBV13	TRBJ1-2
	CASRGDRGSNQPQHF	TRBV6-1	TRBJ1-5
	CASSQDRAPTDTQYF	TRBV4-2	TRBJ2-3
	CASSPNRVGDQPQHF	TRBV6-6	TRBJ1-5
	CASSRDSSANEQFF	TRBV10-1	TRBJ2-1
	CASSEVGGLDTEAFF	TRBV6-1	TRBJ1-1
	CASSFGGVDGYTF	TRBV27	TRBJ1-2
	CASSHSVQGNQPQHF	TRBV4-1	TRBJ1-5
	CASSSRTSGGAGQFF	TRBV13	TRBJ2-1
	CASSKGLGGDQPQHF	TRBV19	TRBJ1-5
	CASSLQGSNQPQHF	TRBV6-2	TRBJ1-5
	CASSPRTSHNEQFF	TRBV5-5	TRBJ2-1
	CSVGTGDYEQYF	TRBV29-1	TRBJ2-7
	CASSLTNPYEQYF	TRBV7-8	TRBJ2-7
	CASSQDRFNGELFF	TRBV4-3	TRBJ2-2
	CASSLLAGGGDTQYF	TRBV7-8	TRBJ2-3
	CASSVAGGNEQFF	TRBV18	TRBJ2-1
	CASSSGPTEAFF	TRBV11-2	TRBJ1-1
	CASSLEAGGAYNEQFF	TRBV5-5	TRBJ2-1
	CASSQAGLAAYNEQFF	TRBV4-2	TRBJ2-1
	CASSSLDTEAFF	TRBV27	TRBJ1-1
	CSVPSTVQETQYF	TRBV29-1	TRBJ2-5
	CASSLRDSQETQYF	TRBV27	TRBJ2-5
	CASSFVDRVYEQYF	TRBV7-9	TRBJ2-7
	CASSSPNQETQYF	TRBV11-3	TRBJ2-5
	CAISTGDSNQPQHF	TRBV10-3	TRBJ1-5
	CASGRGTGGTDTQYF	TRBV5-1	TRBJ2-3
	CASRKRMYNEQFF	TRBV3-1	TRBJ2-1
	CASSLADVGGPQHF	TRBV7-9	TRBJ1-5
	CASSLTGESYEQYF	TRBV13	TRBJ2-7
	CASSERPGEHYEQYF	TRBV6-1	TRBJ2-7
	CATSDYGEDTQYF	TRBV24-1	TRBJ2-3
	CATSESLAGGGYNEQFF	TRBV24-1	TRBJ2-1
	CASSLTDRVGQPQHF	TRBV3-1	TRBJ1-5
	CASSLSGDYGYTF	TRBV7-6	TRBJ1-2
	CASSFGGPQETQYF	TRBV7-2	TRBJ2-5
	CASSQVTGPYTEAFF	TRBV4-1	TRBJ1-1
	CATSIPLAGDQETQYF	TRBV15	TRBJ2-5
	CASSPDRGNQPQHF	TRBV12-3	TRBJ1-5
	CASSRAGRTDTQYF	TRBV19	TRBJ2-3
	CASSIGWGGLNTEAFF	TRBV19	TRBJ1-1
	CASSLRQPDYNEQFF	TRBV27	TRBJ2-1
	CASSFWTDTGELFF	TRBV7-9	TRBJ2-2
	CSAPARSEPYEQYF	TRBV20-1	TRBJ2-7
	CASSTQAQETQYF	TRBV6-2	TRBJ2-5
	CASSPGTALYEQYF	TRBV11-2	TRBJ2-7
	CASSTGTAAYEQYF	TRBV11-2	TRBJ2-7
	CSARDRQDYGYTF	TRBV20-1	TRBJ1-2
	CASSLRNSYEQFF	TRBV28	TRBJ2-1
	CASSQCPGGEQYF	TRBV14	TRBJ2-7
	CASSVVQGYGYTF	TRBV9	TRBJ1-2
	CASSVAPGEYEQYF	TRBV9	TRBJ2-7
	CASSLGSSNYGYTF	TRBV5-6	TRBJ1-2
	CASSLRIDGTDTQYF	TRBV7-2	TRBJ2-3
	CSATLTSGGIYEQYF	TRBV20-1	TRBJ2-7
	CASSPGTGKAGELFF	TRBV7-8	TRBJ2-2
	CASSWGQGKTGELFF	TRBV5-6	TRBJ2-2
	CASSEWSGNTGELFF	TRBV10-2	TRBJ2-2
	CSARDRVGNGYTF	TRBV20-1	TRBJ1-2
	CASSERTGGNTDTQYF	TRBV7-2	TRBJ2-3
	CSAKGQSISNQPQHF	TRBV20-1	TRBJ1-5
	CASSPDDTEAFF	TRBV9	TRBJ1-1
	CASSQPPGGTQYF	TRBV14	TRBJ2-3
	CASSLAGVLEQYF	TRBV10-2	TRBJ2-7
	CASSILNTDTQYF	TRBV19	TRBJ2-3
	CSVGGYGTNEKLFF	TRBV29-1	TRBJ1-4
	CASSYRDTGTDTQYF	TRBV4-1	TRBJ2-3
	CASSLTTGGRNEQFF	TRBV13	TRBJ2-1
	CASSDRMNTEAFF	TRBV2	TRBJ1-1
	CSAGQGLAGGPGTDTQYF	TRBV20-1	TRBJ2-3
	CSARGGTGNGYTF	TRBV20-1	TRBJ1-2
	CASSSVRGPNYGYTF	TRBV27	TRBJ1-2
	CASSVAGSQGEQFF	TRBV9	TRBJ2-1
	CASSQETGSYTIYF	TRBV4-1	TRBJ1-3
	CASSQVIGRGYEQYF	TRBV4-1	TRBJ2-7
	CASSFTTGGNQPQHF	TRBV28	TRBJ1-5
	CASSEEAGEYNEQFF	TRBV6-1	TRBJ2-1
	CASSLEGQRYTEAFF	TRBV5-1	TRBJ1-1
	CASSLSGGINEQFF	TRBV19	TRBJ2-1
	CASSLGGEETQYF	TRBV7-6	TRBJ2-5
	CASSEDGMNTEAFF	TRBV10-2	TRBJ1-1
	CASSPSTGGYEQFF	TRBV27	TRBJ2-1
	CATSEGTYEQYF	TRBV24-1	TRBJ2-7
	CASSMTSGELFF	TRBV19	TRBJ2-2
	CASSLFHEQYF	TRBV5-6	TRBJ2-7
	CATSDSGTGGTGELFF	TRBV24-1	TRBJ2-2
	CSVGQPPTNEKLFF	TRBV29-1	TRBJ1-4
	CASSLRGSMNTEAFF	TRBV13	TRBJ1-1
	CASSWGVRDMNTEAFF	TRBV5-4	TRBJ1-1
	CASSLAGVNEQFF	TRBV13	TRBJ2-1
	CASSRDRNGYTF	TRBV6-6	TRBJ1-2
	CASSSDSYEQYF	TRBV12-3	TRBJ2-7
	CASTSDRGLYEQYF	TRBV7-9	TRBJ2-7
	CASSLGQGGTEAFF	TRBV19	TRBJ1-1
	CASSLGTQPQHF	TRBV7-9	TRBJ1-5
	CSAGGNTEAFF	TRBV29-1	TRBJ1-1
	CASSSGSYNEQFF	TRBV7-8	TRBJ2-1
	CASSEASGGFYNEQFF	TRBV2	TRBJ2-1
	CASSPTGINYGYTF	TRBV25-1	TRBJ1-2
	CASTLGGNTGELFF	TRBV9	TRBJ2-2
	CASSSPGQGTEAFF	TRBV2	TRBJ1-1
	CASSIRESTDTQYF	TRBV19	TRBJ2-3
	CSVGTGGAGQPQHF	TRBV29-1	TRBJ1-5
	CASSLTEFTDTQYF	TRBV7-6	TRBJ2-3
	CATSRDARVTEAFF	TRBV15	TRBJ1-1
	CASSREWNTEAFF	TRBV5-1	TRBJ1-1
	CASSYDSPTEAFF	TRBV4-3	TRBJ1-1
	CASSARGGADEQFF	TRBV9	TRBJ2-1
	CASSFPGSTGELFF	TRBV13	TRBJ2-2
	CASGLNTEAFF	TRBV12-5	TRBJ1-1
	CASSSARTGANYGYTF	TRBV7-9	TRBJ1-2
	CASSYGSYNEQFF	TRBV6-5	TRBJ2-1
	CASSVGGHLNEKLFF	TRBV9	TRBJ1-4
	CASSEVFGANTEAFF	TRBV6-1	TRBJ1-1
	CASSQDGGSPYEQYF	TRBV4-3	TRBJ2-7
	CASSLMGNSPLHF	TRBV7-3	TRBJ1-6
	CASSQGETTGELFF	TRBV4-2	TRBJ2-2
	CASSLAGSSGGVYNEQFF	TRBV7-9	TRBJ2-1
	CASSLGGTDTQYF	TRBV6-5	TRBJ2-3
	CASSPGLAGGPDTGELFF	TRBV4-3	TRBJ2-2
	CAITPGGSTEAFF	TRBV10-3	TRBJ1-1
	CSVDGTNTGELFF	TRBV29-1	TRBJ2-2
	CASSLGILTDTQYF	TRBV5-6	TRBJ2-3
	CASRGEKAYEQYF	TRBV25-1	TRBJ2-7
	CASSLESGRTNTEAFF	TRBV7-2	TRBJ1-1
	CASSGLAGVTDTQYF	TRBV28	TRBJ2-3
	CASSLVLQETQYF	TRBV28	TRBJ2-5
	CASSLSQGIQNIQYF	TRBV27	TRBJ2-4
	CASSLAGAGLPEAFF	TRBV7-8	TRBJ1-1
	CASSDSLGSPLHF	TRBV6-4	TRBJ1-6
	CASSQGTGSKNIQYF	TRBV4-3	TRBJ2-4
	CSARNPGSGYTF	TRBV20-1	TRBJ1-2
	CASSPLAGIYNEQFF	TRBV4-1	TRBJ2-1
	CASSVGDGGANTQYF	TRBV9	TRBJ2-3
	CASSPGQGGYEQYF	TRBV7-8	TRBJ2-7
	CASSLGQGRNTEAFF	TRBV7-6	TRBJ1-1
	CASSQAGATRTDTQYF	TRBV4-1	TRBJ2-3
	CASRGEEGTQYF	TRBV7-9	TRBJ2-5
	CASSPTNGDGYTF	TRBV7-9	TRBJ1-2
	CASSLDGQGPLYGYTF	TRBV11-2	TRBJ1-2
	CASSDLANEQFF	TRBV10-1	TRBJ2-1
	CSASPGAPSGANVLTF	TRBV20-1	TRBJ2-6
	CASSTYMTNTEAFF	TRBV19	TRBJ1-1
	CASRAGLAEVSYEQYF	TRBV5-1	TRBJ2-7
	CASSSPGVNYGYTF	TRBV7-3	TRBJ1-2
	CASSPDRLGTGELFF	TRBV27	TRBJ2-2
	CASSELTGGPYEQYF	TRBV28	TRBJ2-7
	CASSHRSGTEAFF	TRBV12-3	TRBJ1-1
	CASSTGTGNNEQFF	TRBV27	TRBJ2-1
	CAWSVGIQNTEAFF	TRBV30	TRBJ1-1
	CASSGQGVVETQYF	TRBV9	TRBJ2-5
	CASSSLQGNGQPQHF	TRBV28	TRBJ1-5
	CASSFRGENQPQHF	TRBV13	TRBJ1-5
	CASSGTSGRMTDTQYF	TRBV7-9	TRBJ2-3
	CASSLRTSGSFTDTQYF	TRBV28	TRBJ2-3
	CASSQERGNEQFF	TRBV4-3	TRBJ2-1
	CASSQDPHNEQFF	TRBV14	TRBJ2-1
	CAWSMDRDFYGYTF	TRBV30	TRBJ1-2
	CASSPPVGNEQFF	TRBV18	TRBJ2-1
	CASRSGQDYGYTF	TRBV11-2	TRBJ1-2
	CATGTGISYEQYF	TRBV15	TRBJ2-7
	CSVDSGDTNTGELFF	TRBV29-1	TRBJ2-2
	CASSFSGANYGYTF	TRBV12-3	TRBJ1-2
	CAISGGGPGTEAFF	TRBV10-3	TRBJ1-1
	CASSLEVAGGEETQYF	TRBV7-2	TRBJ2-5
	CASSLAAGFSYEQYF	TRBV27	TRBJ2-7
	CASSQDTSGLYNEQFF	TRBV3-1	TRBJ2-1
	CASSFRQGLYEQYF	TRBV11-1	TRBJ2-7
	CASSFGGAISYNEQFF	TRBV13	TRBJ2-1
	CASSRQGGTYGYTF	TRBV6-5	TRBJ1-2
	CATSREPGLATDTQYF	TRBV15	TRBJ2-3
	CASSIRSAYEQYF	TRBV19	TRBJ2-7
	CASSGWTGPNTEAFF	TRBV7-9	TRBJ1-1
	CASSQEIPYEQYF	TRBV4-1	TRBJ2-7
	CASSQAGEGTEAFF	TRBV4-1	TRBJ1-1
	CASSIPGWTEAFF	TRBV13	TRBJ1-1
	CATSSRTGPSYNEQFF	TRBV15	TRBJ2-1
	CASSLPGTGGSPLHF	TRBV27	TRBJ1-6
	CASSDRTEAFF	TRBV11-1	TRBJ1-1
	CASSWGGGSHYGYTF	TRBV11-2	TRBJ1-2
	CASSLDRDSSNEKLFF	TRBV7-9	TRBJ1-4
	CASSLGLGVNNEQFF	TRBV7-9	TRBJ2-1
	CASSLEGQGATTDTQYF	TRBV5-5	TRBJ2-3
	CASSFTGVNTEAFF	TRBV12-3	TRBJ1-1
	CASTGGGANGYTF	TRBV9	TRBJ1-2
	CSARGAGFSGANVLTF	TRBV20-1	TRBJ2-6
	CSVGQGGNYGYTF	TRBV29-1	TRBJ1-2
	CASSFESGLGYGYTF	TRBV12-3	TRBJ1-2
	CSARSETGNTIYF	TRBV20-1	TRBJ1-3
	CASSPRGVTEAFF	TRBV7-9	TRBJ1-1
	CASSFREKYEQYF	TRBV7-9	TRBJ2-7
	CASSLKGQGSDTQYF	TRBV13	TRBJ2-3
	CASSRLGGGVSSYNEQFF	TRBV27	TRBJ2-1
	CASSLSGRPYEQYF	TRBV27	TRBJ2-7
	CASSLDSSYGYTF	TRBV28	TRBJ1-2
	CASSLMASGGYNEQFF	TRBV7-3	TRBJ2-1
	CASSLEPGRNEKLFF	TRBV7-6	TRBJ1-4
	CASSLGRGYEQYF	TRBV5-1	TRBJ2-7
	CASSPSAAAYEQYF	TRBV9	TRBJ2-7
	CASSLEGQGVEDTQYF	TRBV5-4	TRBJ2-3
	CASSIGTGGTEAFF	TRBV19	TRBJ1-1
	CASRGSGEKLFF	TRBV6-6	TRBJ1-4
	CASSAWEGAEAFF	TRBV19	TRBJ1-1
	CSARPSGLAETDTQYF	TRBV20-1	TRBJ2-3
	CASREGETQYF	TRBV19	TRBJ2-5
	CASSESWGPYEQYF	TRBV10-2	TRBJ2-7
	CASSLTAGNNYGYTF	TRBV5-1	TRBJ1-2
	CSAPQGAGNTIYF	TRBV20-1	TRBJ1-3
	CASRQPGGVNEQFF	TRBV28	TRBJ2-1
	CASSDIRGLGSNQPQHF	TRBV2	TRBJ1-5
	CASSPGPMNTEAFF	TRBV9	TRBJ1-1
	CASSSTGLNTEAFF	TRBV12-3	TRBJ1-1
	CASSLGGPFNEQFF	TRBV7-8	TRBJ2-1
	CASSGSGLVNTGELFF	TRBV7-8	TRBJ2-2
	CSGGQANTEAFF	TRBV29-1	TRBJ1-1
	CASSWGGASGETQYF	TRBV7-7	TRBJ2-5
	CASSPTGSSYEQYF	TRBV6-6	TRBJ2-7
	CSALLLGSNEQFF	TRBV20-1	TRBJ2-1
	CASSLVQGYTF	TRBV7-8	TRBJ1-2
	CASSLSGQETDTQYF	TRBV7-6	TRBJ2-3
	CASSMRSTGELFF	TRBV19	TRBJ2-2
	CAISTGPDSYEQYF	TRBV10-3	TRBJ2-7
	CASSRLGGRNQPQHF	TRBV4-1	TRBJ1-5
	CASSQGPGTVHEKLFF	TRBV14	TRBJ1-4
	CASRPRGTTDTQYF	TRBV7-9	TRBJ2-3
	CASSILGTDGETQYF	TRBV19	TRBJ2-5
	CASMGGASYNEQFF	TRBV19	TRBJ2-1
	CASSPLEYSYEQYF	TRBV11-1	TRBJ2-7
	CASSPHGNQPQHF	TRBV18	TRBJ1-5
	CSVRGGGDEQYF	TRBV29-1	TRBJ2-7
	CASSSALAGPNEQYF	TRBV7-9	TRBJ2-7
	CASSPPGENYGYTF	TRBV7-3	TRBJ1-2
	CATIPTGSTDTQYF	TRBV27	TRBJ2-3
	CASSSGLASYEQYF	TRBV7-2	TRBJ2-7
	CASSGDNTGELFF	TRBV6-4	TRBJ2-2
	CASGTGTGELFF	TRBV12-3	TRBJ2-2
	CASGGRNQETQYF	TRBV6-6	TRBJ2-5
	CASSFSSGTTDTQYF	TRBV11-2	TRBJ2-3
	CASSSGVYYGYTF	TRBV11-2	TRBJ1-2
	CSARGGGNTGELFF	TRBV20-1	TRBJ2-2
	CASSLATVSYEQYF	TRBV28	TRBJ2-7
	CASRGTSAKDTQYF	TRBV19	TRBJ2-3
	CASSDSYSYGYTF	TRBV7-9	TRBJ1-2
	CASSLMATDTQYF	TRBV7-3	TRBJ2-3
	CASSPLGGYYGYTF	TRBV6-5	TRBJ1-2
	CASSEQSGANVLTF	TRBV2	TRBJ2-6
	CASSPIQDTEAFF	TRBV7-9	TRBJ1-1
	CASRQNTEAFF	TRBV3-1	TRBJ1-1
	CASSSGQINQPQHF	TRBV7-6	TRBJ1-5
	CASSLGAGKVTDTQYF	TRBV11-3	TRBJ2-3
	CASSLTGGTYEQYF	TRBV7-2	TRBJ2-7
	CASSRDGAHEQYF	TRBV19	TRBJ2-7
	CASSELGLTGELFF	TRBV10-2	TRBJ2-2
	CATSRDPQDNSPLHF	TRBV15	TRBJ1-6
	CSATDSMNTEAFF	TRBV29-1	TRBJ1-1
	CASSLGGNNEQFF	TRBV7-8	TRBJ2-1
	CAISTGDYEQYF	TRBV10-3	TRBJ2-7
	CASRVRDEQFF	TRBV2	TRBJ2-1
	CSVEAGGNQPQHF	TRBV29-1	TRBJ1-5
	CASSTTGTGANGYTF	TRBV19	TRBJ1-2
	CASSLDYSRSTEAFF	TRBV5-1	TRBJ1-1
	CASSSGTAAYEQYF	TRBV11-2	TRBJ2-7
	CSVRSEGDTIYF	TRBV29-1	TRBJ1-3
	CASSTGQAYEQYF	TRBV7-8	TRBJ2-7
	CASSEGEGQGHYGYTF	TRBV25-1	TRBJ1-2
	CSVGQGPYEQYF	TRBV29-1	TRBJ2-7
	CAWSVLQEAFF	TRBV30	TRBJ1-1
	CASSESLGTGELFF	TRBV9	TRBJ2-2
	CASSDDGMNTEAFF	TRBV10-2	TRBJ1-1
	CASSDWTGVGGYTF	TRBV6-1	TRBJ1-2
	CSARDRGTENTGELFF	TRBV20-1	TRBJ2-2
	CASSPLAGVGETQYF	TRBV12-3	TRBJ2-5
	CASSPTDRATDTQYF	TRBV12-3	TRBJ2-3
	CSARDRAGKETQYF	TRBV20-1	TRBJ2-5
	CASSFGQGNEQYF	TRBV5-6	TRBJ2-7
	CSVDLEANYGYTF	TRBV29-1	TRBJ1-2
	CATSRSGQGEKLFF	TRBV15	TRBJ1-4
	CASSLAGTSYYNEQFF	TRBV7-6	TRBJ2-1
	CASSVGGSGYEQYF	TRBV9	TRBJ2-7
	CAWSSGEGTDTQYF	TRBV30	TRBJ2-3
	CASSLVGAGELFF	TRBV7-2	TRBJ2-2
	CASSVVGNEQFF	TRBV9	TRBJ2-1
	CASSRLDRDSYEQYF	TRBV7-9	TRBJ2-7
	CASSDGQVATNEKLFF	TRBV9	TRBJ1-4
	CATGTGDSNQPQHF	TRBV10-3	TRBJ1-5
	CASSFEQGNSPLHF	TRBV11-2	TRBJ1-6
	CASSFGGQLYEQYF	TRBV27	TRBJ2-7
	CSAGTGGTNEKLFF	TRBV29-1	TRBJ1-4
	CSAGGGATYNEQFF	TRBV20-1	TRBJ2-1
	CSARETGTRFYEQYF	TRBV20-1	TRBJ2-7
	CASRGSVYEQYF	TRBV11-2	TRBJ2-7
	CASSSGRDSGANVLTF	TRBV7-9	TRBJ2-6
	CASSFGTASYEQYF	TRBV11-2	TRBJ2-7
	CASSLGDMTNYGYTF	TRBV7-8	TRBJ1-2
	CASSATDRTYEQYF	TRBV6-1	TRBJ2-7
	CASSLGDYYNEQFF	TRBV27	TRBJ2-1
	CASSSPGLANNEQFF	TRBV2	TRBJ2-1
	CSARGGPGEVGNTIYF	TRBV20-1	TRBJ1-3
	CASSDYLAPTDTQYF	TRBV2	TRBJ2-3
	CASSQVLAGGPYEQYF	TRBV4-1	TRBJ2-7
	CSATDRVTGNTEAFF	TRBV20-1	TRBJ1-1
	CASSGPGGVDEQFF	TRBV5-5	TRBJ2-1
	CASSLEWGGETQYF	TRBV5-1	TRBJ2-5
	CASSIGTVNTEAFF	TRBV19	TRBJ1-1
	CSARDSVGNGYTF	TRBV20-1	TRBJ1-2
	CASSSTGGVANEQFF	TRBV7-2	TRBJ2-1
	CASSQDRSGSSYNEQFF	TRBV4-2	TRBJ2-1
	CASSPDRWETQYF	TRBV27	TRBJ2-5
	CASSPRGDTQYF	TRBV7-9	TRBJ2-3
	CASSSGRASGANVLTF	TRBV7-9	TRBJ2-6
	CASSLEAGVSYEQYF	TRBV7-6	TRBJ2-7
	CASSLGQNTEAFF	TRBV5-6	TRBJ1-1
	CASSIGGVGYTF	TRBV19	TRBJ1-2
	CSARDLGTPNTEAFF	TRBV20-1	TRBJ1-1
	CASMTSGRTGELFF	TRBV2	TRBJ2-2
	CSARDPPAGRDGYTF	TRBV20-1	TRBJ1-2
	CASRPPGANVLTF	TRBV28	TRBJ2-6
	CASSVASGTDTQYF	TRBV9	TRBJ2-3
	CASSQAGLEAYNEQFF	TRBV4-2	TRBJ2-1
	CASSEVLDTTDTQYF	TRBV6-1	TRBJ2-3
	CASSIWTSDQPQHF	TRBV19	TRBJ1-5
	CASSQTGGKTYEQYF	TRBV14	TRBJ2-7
	CASSPGGAYNSPLHF	TRBV7-2	TRBJ1-6
	CASSEAGQTYYNEQFF	TRBV6-1	TRBJ2-1
	CAISDYAGYNEQFF	TRBV10-3	TRBJ2-1
	CASRRGTVYNEQFF	TRBV19	TRBJ2-1
	CSAWDRLNTEAFF	TRBV20-1	TRBJ1-1
	CASGFGGMNTEAFF	TRBV2	TRBJ1-1
	CASSPGGDRGADTQYF	TRBV6-4	TRBJ2-3
	CSVDLANTEAFF	TRBV29-1	TRBJ1-1
	CASSQGLGRETQYF	TRBV13	TRBJ2-5
	CATMDSMNTEAFF	TRBV24-1	TRBJ1-1
	CASSQEGRETEAFF	TRBV3-1	TRBJ1-1
	CRVGPNTEAFF	TRBV20-1	TRBJ1-1
	CASSFGQGRTEAFF	TRBV5-6	TRBJ1-1
	CASSTGLAGGLETQYF	TRBV9	TRBJ2-5
	CSVRGGGISYNEQFF	TRBV20-1	TRBJ2-1
	CSARIGVGNTIYF	TRBV20-1	TRBJ1-3
	CSARDRVGNTIYF	TRBV20-1	TRBJ1-3
	CASSPGTGAYEQYF	TRBV7-7	TRBJ2-7
	CASSQAGTGVTEAFF	TRBV4-1	TRBJ1-1
	CASSAPSGEQFF	TRBV9	TRBJ2-1
	CASSAQGGNYGYTF	TRBV6-5	TRBJ1-2
	CASSSEGQVAKNIQYF	TRBV5-6	TRBJ2-4
	CASSAPTGELFF	TRBV9	TRBJ2-2
	CASSLDDRKETQYF	TRBV5-4	TRBJ2-5
	CASKRQGTAFF	TRBV10-2	TRBJ1-1
	CASSSLGAREQFF	TRBV6-5	TRBJ2-1
	CASSGVLGSDGYTF	TRBV13	TRBJ1-2
	CASSIQTGGTEAFF	TRBV19	TRBJ1-1
	CSARDVQLGNTIYF	TRBV20-1	TRBJ1-3
	CASSLNGGNSYEQYF	TRBV5-1	TRBJ2-7
	CASSPYSGGLYNEQFF	TRBV3-1	TRBJ2-1
	CASSQDDRVEKLFF	TRBV4-3	TRBJ1-4
	CASSIGGNNEQYF	TRBV19	TRBJ2-7
	CASSYWPGGGTEAFF	TRBV6-5	TRBJ1-1
	CASSQRLAGDNEQFF	TRBV4-3	TRBJ2-1
	CASNLRTGGTDTQYF	TRBV5-1	TRBJ2-3
	CASSEGQDFYEQYF	TRBV7-9	TRBJ2-7
	CASSFQGLVSSYNEQFF	TRBV7-6	TRBJ2-1
	CASRRLAGGSRETQYF	TRBV28	TRBJ2-5
	CSANTGGTYEQYF	TRBV20-1	TRBJ2-7
	CASSQDGMNTEAFF	TRBV10-2	TRBJ1-1
	CASSLGGYEQYF	TRBV7-2	TRBJ2-7
	CASSTPTSGVNTGELFF	TRBV7-2	TRBJ2-2
	CASSRTGWGSGNTIYF	TRBV27	TRBJ1-3
	CASSALAGNTEAFF	TRBV9	TRBJ1-1
	CASSLFQGSGTEAFF	TRBV11-2	TRBJ1-1
	CASSTGQLTNTEAFF	TRBV9	TRBJ1-1
	CASSLREGSEAFF	TRBV5-6	TRBJ1-1
	CSARDKTGNGYTF	TRBV20-1	TRBJ1-2
	CATSEGGTGELFF	TRBV24-1	TRBJ2-2
	CASSHSGTGEYGYTF	TRBV4-3	TRBJ1-2
	CASSHTSADEQFF	TRBV4-3	TRBJ2-1
	CASSVRTGELFF	TRBV9	TRBJ2-2
	CASSVAGGDEQYF	TRBV9	TRBJ2-7
	CSASPGDYEQYF	TRBV20-1	TRBJ2-7
	CASSVSLVNEQFF	TRBV9	TRBJ2-1
	CASSQDRGGDTEAFF	TRBV4-1	TRBJ1-1
	CASSWHSSTDTQYF	TRBV7-9	TRBJ2-3
	CASSDSQNEQFF	TRBV6-4	TRBJ2-1
	CASSQEEANYGYTF	TRBV7-8	TRBJ1-2
	CASSPPYQETQYF	TRBV5-1	TRBJ2-5
	CASSLPGGAQGYTF	TRBV28	TRBJ1-2
	CASSQETGSYEQYF	TRBV4-1	TRBJ2-7
	CSVEVGPLDYEQYF	TRBV29-1	TRBJ2-7
	CASSLQGTGANVLTF	TRBV11-2	TRBJ2-6
	CASSPTGPETQYF	TRBV9	TRBJ2-5
	CASSLMGGTYNEQFF	TRBV28	TRBJ2-1
	CASSEEDGQAYEQYF	TRBV6-1	TRBJ2-7
	CASSLGSYTDTQYF	TRBV5-1	TRBJ2-3
	CSARALLRDTEAFF	TRBV20-1	TRBJ1-1
	CASSMSGPGTEAFF	TRBV19	TRBJ1-1
	CSVGSDGTNEKLFF	TRBV29-1	TRBJ1-4
	CSADSGELSYEQYF	TRBV20-1	TRBJ2-7
	CASSLWGNQPQHF	TRBV7-9	TRBJ1-5
	CASSLMLAGTTDTQYF	TRBV27	TRBJ2-3
	CASSLGTSGGTGELFF	TRBV7-3	TRBJ2-2
	CASSLLGGPDTQYF	TRBV7-9	TRBJ2-3
	CATSDPDSPTDTQYF	TRBV24-1	TRBJ2-3
	CAISGEFGSGANVLTF	TRBV10-3	TRBJ2-6
	CAISESDAGLYNEQFF	TRBV10-3	TRBJ2-1
	CASSSREGAYNEQFF	TRBV27	TRBJ2-1
	CASRGELYEQYF	TRBV27	TRBJ2-7
	CASSFGGPYYEQYF	TRBV11-2	TRBJ2-7
	CASSLLGGGPNSPLHF	TRBV7-9	TRBJ1-6
	CSARDPRGDHNEQFF	TRBV20-1	TRBJ2-1
	CSANVRQSNTGELFF	TRBV20-1	TRBJ2-2
	CASSSRGQGGYEQYF	TRBV13	TRBJ2-7
	CASSLSMGGAGELFF	TRBV27	TRBJ2-2
	CASSQDPPPTANTGELFF	TRBV4-2	TRBJ2-2
	CASSLGLAGSSYEQYF	TRBV5-4	TRBJ2-7
	CASSLAIGELFF	TRBV7-3	TRBJ2-2
	CASSLSLAGAYTGELFF	TRBV7-9	TRBJ2-2
	CASSMGGQTYGYTF	TRBV27	TRBJ1-2
	CASGDQGLPGNTIYF	TRBV12-5	TRBJ1-3
	CASSLGGVLGETQYF	TRBV7-6	TRBJ2-5
	CASRTGLASTDTQYF	TRBV6-6	TRBJ2-3
	CASSLGRGRGNEQFF	TRBV7-6	TRBJ2-1
	CASSLGVAGTNTGELFF	TRBV11-2	TRBJ2-2
	CSARDGRREYEQYF	TRBV20-1	TRBJ2-7
	CASSQPQYSGANVLTF	TRBV7-9	TRBJ2-6
	CSVVLRGEDEQYF	TRBV29-1	TRBJ2-7
	CASSQDPYPLYEQYF	TRBV14	TRBJ2-7
	CASSSPGGRGNTEAFF	TRBV2	TRBJ1-1
	CASSPPSQETQYF	TRBV13	TRBJ2-5
	CASSPRKGLSYNEQFF	TRBV27	TRBJ2-1
	CASSVAELAGGTDTQYF	TRBV9	TRBJ2-3
	CASSWGPEAFF	TRBV7-9	TRBJ1-1
	CASRPGQGVYEQYF	TRBV12-3	TRBJ2-7
	CASSHSGGARNTIYF	TRBV4-1	TRBJ1-3
	CASSLDGTPFYEQYF	TRBV5-1	TRBJ2-7
	CSARVFRGSGELFF	TRBV20-1	TRBJ2-2
	CASSSSSGVHEQFF	TRBV5-4	TRBJ2-1
	CASSPIMNTEAFF	TRBV7-8	TRBJ1-1
	CASTLGSGSSYEQYF	TRBV11-2	TRBJ2-7
	CASRDSYEQYF	TRBV6-1	TRBJ2-7
	CASSALDTQYF	TRBV7-9	TRBJ2-3
	CASSLVGTGRTDTQYF	TRBV13	TRBJ2-3
	CASPGETEAFF	TRBV6-1	TRBJ1-1
	CASRKTGGYEQYF	TRBV6-5	TRBJ2-7
	CASSVVGGPGEQYF	TRBV9	TRBJ2-7
	CASSPLAGVSDTQYF	TRBV7-6	TRBJ2-3
	CSVQGGGYNEQYF	TRBV29-1	TRBJ2-7
	CASSPRLSTDTQYF	TRBV4-2	TRBJ2-3
	CSGGQGEGEQYF	TRBV29-1	TRBJ2-7
	CASSLGQGPYEQYF	TRBV11-2	TRBJ2-7
	CASSLYRDNQPQHF	TRBV27	TRBJ1-5
	CASSQIQGQGAYEQYF	TRBV4-1	TRBJ2-7
	CASSSTATYEQYF	TRBV7-8	TRBJ2-7
	CASSPPSGRAYEQFF	TRBV7-9	TRBJ2-1
	CASSLRGIDEQYF	TRBV7-9	TRBJ2-7
	CASSIELQGGTGELFF	TRBV19	TRBJ2-2
	CASSLYSDTQYF	TRBV28	TRBJ2-3
	CASSLARSGGTDTQYF	TRBV7-9	TRBJ2-3
	CASSSGPGAGGYGYTF	TRBV5-6	TRBJ1-2
	CSARDREGGNSPLHF	TRBV20-1	TRBJ1-6
	CSARDRSPGNTIYF	TRBV20-1	TRBJ1-3
	CASSSGLQETQYF	TRBV7-8	TRBJ2-5
	CASSLVFAEYGYTF	TRBV7-9	TRBJ1-2
	CASSSDHRGGYTF	TRBV7-2	TRBJ1-2
	CASSSDRVYTEAFF	TRBV5-4	TRBJ1-1
	CASSLFSGPPYEQYF	TRBV5-5	TRBJ2-7
	CSVRGDGDEQYF	TRBV29-1	TRBJ2-7
	CASSRDSGGNEQFF	TRBV6-2	TRBJ2-1
	CSAPGQGVGYTF	TRBV20-1	TRBJ1-2
	CASSWGFGTEAFF	TRBV5-6	TRBJ1-1
	CASSLGASMNTEAFF	TRBV5-6	TRBJ1-1
	CASSIFGQGNYGYTF	TRBV7-9	TRBJ1-2
	CASGWTGGNSPLHF	TRBV27	TRBJ1-6
	CSVSGAVYNEQFF	TRBV29-1	TRBJ2-1
	CASSQGTGRNTEAFF	TRBV4-3	TRBJ1-1
	CASSSQGANEKLFF	TRBV19	TRBJ1-4
	CASSPRTDYGYTF	TRBV27	TRBJ1-2
	CASSLHRAEAFF	TRBV5-4	TRBJ1-1
	CASSGGAVNEQFF	TRBV19	TRBJ2-1
	CASSPVGAASSYEQYF	TRBV4-1	TRBJ2-7
	CASSRAGSGEDTQYF	TRBV27	TRBJ2-3
	CASSLGGSEAFF	TRBV11-2	TRBJ1-1
	CSARDQTGNGYTF	TRBV20-1	TRBJ1-2
	CASSFSRNYEQYF	TRBV27	TRBJ2-7
	CASSLSPSASYEQYF	TRBV7-3	TRBJ2-7
	CASSLSGLDEQYF	TRBV7-3	TRBJ2-7
	CATSGRYGEQFF	TRBV24-1	TRBJ2-1
	CASSVEAGASSGNTIYF	TRBV9	TRBJ1-3
	CASSRGPGQGEETQYF	TRBV2	TRBJ2-5
	CASSEGQVSPGELFF	TRBV2	TRBJ2-2
	CSARDLSGGSYNEQFF	TRBV20-1	TRBJ2-1
	CASRPPGSYNEQFF	TRBV28	TRBJ2-1
	CAISESITGFYEQYF	TRBV10-3	TRBJ2-7
	CASSLVVIQETQYF	TRBV7-2	TRBJ2-5
	CASSLPLAGYNEQFF	TRBV7-3	TRBJ2-1
	CASRYRDDSYNEQFF	TRBV7-9	TRBJ2-1
	CASSQVGGQPQHF	TRBV4-1	TRBJ1-5
	CASSLWTGSHEQYF	TRBV5-8	TRBJ2-7
	CSAMTSGSSYEQYF	TRBV20-1	TRBJ2-7
	CASSLVGQGSYEQYF	TRBV7-9	TRBJ2-7
	CASSARSSYEQYF	TRBV19	TRBJ2-7
	CASSFPGLAMETQYF	TRBV11-2	TRBJ2-5
	CASSVDPTGGNYGYTF	TRBV9	TRBJ1-2
	CASSESLAVHEQFF	TRBV6-4	TRBJ2-1
	CASSQVAGSGANVLTF	TRBV4-3	TRBJ2-6
	CASSFSRARRETQYF	TRBV5-1	TRBJ2-5
	CASSLNYNQPQHF	TRBV7-9	TRBJ1-5
	CASSSTSGDYNEQFF	TRBV7-7	TRBJ2-1
	CASSFVPGYEQYF	TRBV12-3	TRBJ2-7
	CASSEGSSYEQYF	TRBV2	TRBJ2-7
	CASGQLSYNSPLHF	TRBV12-3	TRBJ1-6
	CSARTGEAGYTF	TRBV20-1	TRBJ1-2
	CASSQDRGTSYEQYF	TRBV4-1	TRBJ2-7
	CASSAPPGTQYF	TRBV7-2	TRBJ2-3
	CAISESRGSLSDTQYF	TRBV10-3	TRBJ2-3
	CASSLDGTGYNEQFF	TRBV7-9	TRBJ2-1
	CASSVGVLAGNEQFF	TRBV9	TRBJ2-1
	CASSDLAGYQETQYF	TRBV4-1	TRBJ2-5
	CASSWNRASSYEQYF	TRBV11-2	TRBJ2-7
	CASSPTSGEYNEQFF	TRBV4-1	TRBJ2-1
	CASSRDTSTDTQYF	TRBV10-1	TRBJ2-3
	CASSIGGSSYNEQFF	TRBV19	TRBJ2-1
	CATSDRLAGGELFF	TRBV24-1	TRBJ2-2
	CASDRANEQFF	TRBV19	TRBJ2-1
	CAWSPDRGRPNEKLFF	TRBV30	TRBJ1-4
	CASSYWVGRRDTQYF	TRBV6-5	TRBJ2-3
	CASSSGQGIHQPQHF	TRBV13	TRBJ1-5
	CASSVEYGRSTDTQYF	TRBV9	TRBJ2-3
	CASSLSAGGYNEQFF	TRBV7-2	TRBJ2-1
	CASSLSGTGIQPQHF	TRBV27	TRBJ1-5
	CASSLRDRRTTDTQYF	TRBV5-1	TRBJ2-3
	CASSQDSGVHQPQHF	TRBV4-1	TRBJ1-5
	CASSLLGTENTEAFF	TRBV7-9	TRBJ1-1
	CASSFLGQKNSPLHF	TRBV7-9	TRBJ1-6
	CASSSGLVSNTGELFF	TRBV9	TRBJ2-2
	CASSWTSGGADTGELFF	TRBV7-6	TRBJ2-2
	CSARGQGEGFF	TRBV20-1	TRBJ2-1
	CASSSSSGASYNEQFF	TRBV11-2	TRBJ2-1
	CASSQETSLYNEQFF	TRBV4-1	TRBJ2-1
	CSGGQGETQYF	TRBV29-1	TRBJ2-5
	CASSFTGQANTEAFF	TRBV12-3	TRBJ1-1
	CASSQELEVYNEQFF	TRBV3-1	TRBJ2-1
	CATKRTGTDTQYF	TRBV15	TRBJ2-3
	CATSRDRVAGGYNEQFF	TRBV15	TRBJ2-1
	CSARTDRGRTF	TRBV20-1	TRBJ1-2
	CASSFLFHTEAFF	TRBV7-9	TRBJ1-1
	CSAPKAGSSYEQYF	TRBV20-1	TRBJ2-7
	CASSVLAGDTQYF	TRBV7-2	TRBJ2-3
	CSAIRSGGPYEQYF	TRBV20-1	TRBJ2-7
	CASSVAVGTGSGANVLTF	TRBV9	TRBJ2-6
	CASGLYPGQPQHF	TRBV12-5	TRBJ1-5
	CASSLDTQYF	TRBV7-9	TRBJ2-3
	CASSHSGGDQETQYF	TRBV4-1	TRBJ2-5
	CASSLEGQLFYEQYF	TRBV11-2	TRBJ2-7
	CASSLLTSGGGSDTQYF	TRBV28	TRBJ2-3
	CATLAGEGEQFF	TRBV10-3	TRBJ2-1
	CSVELTTGTDTQYF	TRBV29-1	TRBJ2-3
	CASSPPTEETQYF	TRBV3-1	TRBJ2-5
	CASSEGRVSPGELFF	TRBV2	TRBJ2-2
	CASSRLAGGWNEQFF	TRBV3-1	TRBJ2-1
	CSVGSQGTNEKLFF	TRBV29-1	TRBJ1-4
	CASRKQGSDTGELFF	TRBV12-3	TRBJ2-2
	CASSLGQDGYTF	TRBV7-8	TRBJ1-2
	CASSWTSGGAGYEQYF	TRBV6-5	TRBJ2-7
	CASSQGSNQPQHF	TRBV4-2	TRBJ1-5
	CASSLGASRSTDTQYF	TRBV7-6	TRBJ2-3
	CSARLRELSGNTIYF	TRBV20-1	TRBJ1-3
	CASSPTPGPQFF	TRBV4-1	TRBJ2-1
	CASSEYVRGGNTIYF	TRBV25-1	TRBJ1-3
	CASRHSGVNQPQHF	TRBV27	TRBJ1-5
	CASNPQGGGNGYTF	TRBV6-5	TRBJ1-2
	CASSLFSGGDSSYEQYF	TRBV5-1	TRBJ2-7
	CASSSSSTGELFF	TRBV12-3	TRBJ2-2
	CASSPIGEVSPLHF	TRBV7-9	TRBJ1-6
	CASSFSGANVLTF	TRBV27	TRBJ2-6
	CSVPIAVQETQYF	TRBV29-1	TRBJ2-5
	CASSPGTGGFQPQHF	TRBV10-2	TRBJ1-5
	CSASAPRGLGEQYF	TRBV20-1	TRBJ2-7
	CASSLGGQGSNEQFF	TRBV13	TRBJ2-1
	CATSRDVGAGNTGELFF	TRBV15	TRBJ2-2
	CASSSPQDLEAFF	TRBV6-5	TRBJ1-1
	CASSIDRAAGSYNEQFF	TRBV19	TRBJ2-1
	CASSLVEGGGEKLFF	TRBV5-6	TRBJ1-4
	CASSFSGRATDTQYF	TRBV12-3	TRBJ2-3
	CASSPRAGKETQYF	TRBV7-6	TRBJ2-5
	CASSLPGYNEQFF	TRBV7-2	TRBJ2-1
	CASSESGQGNSPLHF	TRBV10-1	TRBJ1-6
	CATSPNRAYEQYF	TRBV15	TRBJ2-7
	CSASEGYGYTF	TRBV20-1	TRBJ1-2
	CAWEDRYNEQFF	TRBV30	TRBJ2-1
	CATSRANRDGYTF	TRBV15	TRBJ1-2
	CASSQLSGGGTGELFF	TRBV3-1	TRBJ2-2
	CASSFGSSYGYTF	TRBV27	TRBJ1-2
	CASSIRSSYEQYF	TRBV19	TRBJ2-7
	CASSQDEGQGAEAFF	TRBV4-3	TRBJ1-1
	CASSPRRASSYNEQFF	TRBV7-9	TRBJ2-1
	CASSYSGTGAYEQYF	TRBV6-6	TRBJ2-7
	CASSLERGEQYF	TRBV13	TRBJ2-7
	CASSTGTSGGTDTQYF	TRBV5-1	TRBJ2-3
	CASSLGVSQETQYF	TRBV7-9	TRBJ2-5
	CASSLWGISPLHF	TRBV27	TRBJ1-6
	CASSLLSRTGELFF	TRBV27	TRBJ2-2
	CASSQDRGGTEAFF	TRBV4-3	TRBJ1-1
	CSVEDLAYGYTF	TRBV29-1	TRBJ1-2
	CASSSGAGGLADTQYF	TRBV6-5	TRBJ2-3
	CASSLTEGGRNQPQHF	TRBV5-6	TRBJ1-5
	CASSGEQGDGYTF	TRBV7-2	TRBJ1-2
	CASSEGPYTGELFF	TRBV6-1	TRBJ2-2
	CASSFAGGSYNEQFF	TRBV7-2	TRBJ2-1
	CASSSSGPQTDTQYF	TRBV27	TRBJ2-3
	CASSLDNSGPAYEQYF	TRBV11-2	TRBJ2-7
	CASSHSGTAYEQYF	TRBV18	TRBJ2-7
	CASSFGLGGAYNEQFF	TRBV27	TRBJ2-1
	CSARDRGLGNTIYF	TRBV20-1	TRBJ1-3
	CASSLVLGRETEAFF	TRBV7-9	TRBJ1-1
	CASSQGLAVSSYEQYF	TRBV4-1	TRBJ2-7
	CAISEPQGAVGEQYF	TRBV10-3	TRBJ2-7
	CASSLTGAGDQPQHF	TRBV7-9	TRBJ1-5
	CASSSGTSGGAGETQYF	TRBV12-3	TRBJ2-5
	CASSASARPEQFF	TRBV9	TRBJ2-1
	CSVTAGEDQPQHF	TRBV29-1	TRBJ1-5
	CASGTQNTIYF	TRBV7-6	TRBJ1-3
	CASSLVGQSNEKLFF	TRBV7-8	TRBJ1-4
	CASSYSASSGTKNIQYF	TRBV6-5	TRBJ2-4
	CASSLTPGTDTQYF	TRBV7-3	TRBJ2-3
	CASRRQMMNTEAFF	TRBV13	TRBJ1-1
	CASSLGPSGRTSSYEQYF	TRBV7-2	TRBJ2-7
	CASSLVGTSATGELFF	TRBV7-9	TRBJ2-2
	CASSDGTSLYNEQFF	TRBV10-2	TRBJ2-1
	CSARQPGGVDTEAFF	TRBV20-1	TRBJ1-1
	CASSSSLGPYGYTF	TRBV7-2	TRBJ1-2
	CASSVLTGNYGYTF	TRBV9	TRBJ1-2
	CAWDPLGQNTEAFF	TRBV30	TRBJ1-1
	CASRRTGQSYNSPLHF	TRBV27	TRBJ1-6
	CASSRTDGNTIYF	TRBV12-3	TRBJ1-3
	CASSPLDGRADTQYF	TRBV27	TRBJ2-3
	CSVEGPAGGPYEQYF	TRBV29-1	TRBJ2-7
	CASSLADRNTEAFF	TRBV5-1	TRBJ1-1
	CASSSPAGGQYNEQFF	TRBV5-1	TRBJ2-1
	CASSPGSTEAFF	TRBV7-8	TRBJ1-1
	CAWSVPLGRREKLFF	TRBV30	TRBJ1-4
	CASSLAGVANQPQHF	TRBV7-2	TRBJ1-5
	CASRPRDRGLSTEAFF	TRBV27	TRBJ1-1
	CASSPAGGTDTQYF	TRBV6-6	TRBJ2-3
	CASSTEPGLNTEAFF	TRBV19	TRBJ1-1
	CASSPGTVATGELFF	TRBV5-1	TRBJ2-2
	CSAMTSEGSGANVLTF	TRBV20-1	TRBJ2-6
	CASSQGQGGEQYF	TRBV4-1	TRBJ2-7
	CASSRGGEETQYF	TRBV25-1	TRBJ2-5
	CASSFKVSEAFF	TRBV11-2	TRBJ1-1
	CASRRTGVNEQFF	TRBV19	TRBJ2-1
	CSVGTRTTGELFF	TRBV29-1	TRBJ2-2
	CSTQEGGYGYTF	TRBV29-1	TRBJ1-2
	CASSFSWTEAFF	TRBV12-3	TRBJ1-1
	CASSQWTGSQPQHF	TRBV6-1	TRBJ1-5
	CASSHPSEQYF	TRBV6-6	TRBJ2-7
	CASSLTDTQYF	TRBV28	TRBJ2-3
	CASSKGLAGLDEQFF	TRBV28	TRBJ2-1
	CASSLGQGKEATNEKLFF	TRBV7-9	TRBJ1-4
	CASSQGGDGSYEQYF	TRBV4-1	TRBJ2-7
	CAWSGGTTEAFF	TRBV30	TRBJ1-1
	CASSLSGTWGETQYF	TRBV27	TRBJ2-5
	CASSQDQASPYEQYF	TRBV4-1	TRBJ2-7
	CASSFSGLDYGYTF	TRBV12-3	TRBJ1-2
	CASSQVSLTGGYEQYF	TRBV3-1	TRBJ2-7
	CATSDSYSGANVLTF	TRBV24-1	TRBJ2-6
	CASSTGQGASNEKLFF	TRBV7-9	TRBJ1-4
	CASSLSISAYNEQFF	TRBV7-2	TRBJ2-1
	CASSFSGGTGELFF	TRBV12-3	TRBJ2-2
	CASSLTQGIYNEQFF	TRBV7-9	TRBJ2-1
	CASSQDGLALRETQYF	TRBV4-3	TRBJ2-5
	CSARDPTGSSEKLFF	TRBV20-1	TRBJ1-4
	CASSSAAAYEQYF	TRBV7-9	TRBJ2-7
	CASSLWVGGSSGANVLTF	TRBV27	TRBJ2-6
	CASSLVGAEPYEQYF	TRBV7-9	TRBJ2-7
	CASSVGQAYEQYF	TRBV7-8	TRBJ2-7
	CASSLEGEGYTF	TRBV5-1	TRBJ1-2
	CASSPQGGGDGYTF	TRBV6-5	TRBJ1-2
	CASIPLAGVRDEQFF	TRBV27	TRBJ2-1
	CASSDELAGGHYEQYF	TRBV2	TRBJ2-7
	CASSVTGGDTEAFF	TRBV27	TRBJ1-1
	CSVGQGGTNEKLFF	TRBV29-1	TRBJ1-4
	CSARDDGVNTEAFF	TRBV20-1	TRBJ1-1
	CSVGGGTEAFF	TRBV29-1	TRBJ1-1
	CASSPEGKSNQPQHF	TRBV9	TRBJ1-5
	CASSLTGEDEQYF	TRBV4-1	TRBJ2-7
	CASSEQGQGEKLFF	TRBV25-1	TRBJ1-4
	CATSGTVYGYTF	TRBV24-1	TRBJ1-2
	CASSIGTGNTEAFF	TRBV19	TRBJ1-1
	CASSQVRGRGEQYF	TRBV3-1	TRBJ2-7
	CASSLLAGSDEQFF	TRBV19	TRBJ2-1
	CASSKLAGGPDEQFF	TRBV7-9	TRBJ2-1
	CASSQDLPVTTGELFF	TRBV4-3	TRBJ2-2
	CASSQEEGPVGYTF	TRBV4-2	TRBJ1-2
	CSARGAPGSNTDTQYF	TRBV20-1	TRBJ2-3
	CASSLLGLAETQYF	TRBV7-9	TRBJ2-5
	CASRWGTDYNEQFF	TRBV19	TRBJ2-1
	CASSSQGGNYGYTF	TRBV6-5	TRBJ1-2
	CASSLMGGANTEAFF	TRBV7-3	TRBJ1-1
	CSASMRGTNTGELFF	TRBV20-1	TRBJ2-2
	CASTGGYYQPQHF	TRBV28	TRBJ1-5
	CASSIGDRAYGYTF	TRBV12-3	TRBJ1-2
	CSARTSGTYEQYF	TRBV20-1	TRBJ2-7
	CSVPGQVLETQYF	TRBV29-1	TRBJ2-5
	CASSQARLYQETQYF	TRBV4-1	TRBJ2-5
	CASSNRDRASYEQYF	TRBV6-5	TRBJ2-7
	CSAGQALYNEQFF	TRBV20-1	TRBJ2-1
	CSARQGTTGELFF	TRBV20-1	TRBJ2-2
	CASSEGTVNYGYTF	TRBV9	TRBJ1-2
	CASNQGTQYF	TRBV5-1	TRBJ2-5
	CASSLSESSYNEQFF	TRBV7-9	TRBJ2-1
	CASSLSRREGHEQFF	TRBV27	TRBJ2-1
	CSVAEMNTEAFF	TRBV29-1	TRBJ1-1
	CASSGGIGYGYTF	TRBV7-6	TRBJ1-2
	CASSRGQINQPQHF	TRBV7-9	TRBJ1-5
	CASSSLQQPQHF	TRBV5-6	TRBJ1-5
	CASSRQGGSYGYTF	TRBV6-5	TRBJ1-2
	CASSLRSVYNEQFF	TRBV27	TRBJ2-1
	CASSLYTGELFF	TRBV7-3	TRBJ2-2
	CASSVGHTEAFF	TRBV9	TRBJ1-1
	CSVDGQNNYGYTF	TRBV29-1	TRBJ1-2
	CASSQDVGSYTEAFF	TRBV3-1	TRBJ1-1
	CASSYSGGAYEQYF	TRBV27	TRBJ2-7
	CASSIEDKDQPQHF	TRBV19	TRBJ1-5
	CASSLGGGGLTDTQYF	TRBV7-8	TRBJ2-3
	CASSASAGGYYNEQFF	TRBV2	TRBJ2-1
	CASSVVDNEQFF	TRBV9	TRBJ2-1
	CASSRQGGGGNQPQHF	TRBV14	TRBJ1-5
	CASSEDPWGSYNEQFF	TRBV2	TRBJ2-1
	CASSVLAGGSTDTQYF	TRBV9	TRBJ2-3
	CSVAGTGDLNQPQHF	TRBV29-1	TRBJ1-5
	CASSPGQGAPNEQFF	TRBV14	TRBJ2-1
	CASSLTPGQGIYGYTF	TRBV27	TRBJ1-2
	CASSQDGGSYEQYF	TRBV3-1	TRBJ2-7
	CASSSGLAFTGELFF	TRBV27	TRBJ2-2
	CATSEGYTGELFF	TRBV24-1	TRBJ2-2
	CASSYTGGDTEAFF	TRBV5-6	TRBJ1-1
	CASSQAKNTEAFF	TRBV4-1	TRBJ1-1
	CASSESYEQYF	TRBV2	TRBJ2-7
	CSARSHVGNTIYF	TRBV20-1	TRBJ1-3
	CASSLSPGGSYEQYF	TRBV27	TRBJ2-7
	CASSHASNEQFF	TRBV14	TRBJ2-1
	CASSIGADTQYF	TRBV19	TRBJ2-3
	CSVGQGMNTEAFF	TRBV29-1	TRBJ1-1
	CASSPVTGSSYEQYF	TRBV3-1	TRBJ2-7
	CATSPSGGTYNEQFF	TRBV15	TRBJ2-1
	CASGFGTVNEQFF	TRBV19	TRBJ2-1
	CASSEGFNTEAFF	TRBV6-4	TRBJ1-1
	CSAHNEQFF	TRBV20-1	TRBJ2-1
	CASSYLTGTSGEQFF	TRBV6-5	TRBJ2-1
	CASSLGYEQYF	TRBV7-8	TRBJ2-7
	CASSHGLAGILETQYF	TRBV4-3	TRBJ2-5
	CSVGAGEDDEQYF	TRBV29-1	TRBJ2-7
	CASSSDRRQETQYF	TRBV7-9	TRBJ2-5
	CSARQEGGSYNEQFF	TRBV20-1	TRBJ2-1
	CASSLVQVRVTDTQYF	TRBV11-2	TRBJ2-3
	CASSLNGNYGYTF	TRBV5-4	TRBJ1-2
	CASSQGPNLQETQYF	TRBV4-2	TRBJ2-5
	CASSPRTLGTEAFF	TRBV9	TRBJ1-1
	CASSQGQGQDYGYTF	TRBV4-1	TRBJ1-2
	CASSSGTGGYNSPLHF	TRBV19	TRBJ1-6
	CASSPGGGYGYTF	TRBV9	TRBJ1-2
	CASSTGTGLPYEQYF	TRBV19	TRBJ2-7
	CASRVSGSLSYNEQFF	TRBV27	TRBJ2-1
	CASSYGTEAFF	TRBV16	TRBJ1-1
	CASSSRQSSTDTQYF	TRBV5-5	TRBJ2-3
	CASGGHNEQFF	TRBV12-3	TRBJ2-1
	CASTSGTGTGELFF	TRBV5-1	TRBJ2-2
	CASGPPGGEKLFF	TRBV12-3	TRBJ1-4
	CASSQETGYGYTF	TRBV4-2	TRBJ1-2
	CSVLWTEAFF	TRBV29-1	TRBJ1-1
	CASSLTSVYNEQFF	TRBV19	TRBJ2-1
	CATTGEGNEQFF	TRBV24-1	TRBJ2-1
	CASSGREHEQYF	TRBV9	TRBJ2-7
	CASSPSSYEQYF	TRBV7-2	TRBJ2-7
	CASSTRTDTQYF	TRBV9	TRBJ2-3
	CASSKTGGLNQPQHF	TRBV4-2	TRBJ1-5
	CASSLGQAYEQYF	TRBV7-8	TRBJ2-7
	CASSSAGYEQYF	TRBV7-2	TRBJ2-7
	CASSYGLTGSYNEQFF	TRBV6-5	TRBJ2-1
	CASSIGDYEQYF	TRBV19	TRBJ2-7
	CARRESNIQYF	TRBV2	TRBJ2-4
	CASTPSGDGYTF	TRBV19	TRBJ1-2
	CASSLAPSYEQYF	TRBV7-9	TRBJ2-7
	CATSDRTSGRAKETQYF	TRBV24-1	TRBJ2-5
	CASTQQGSYGYTF	TRBV12-3	TRBJ1-2
	CASSSGQVSNTGELFF	TRBV9	TRBJ2-2
	CASSTGQATGELFF	TRBV19	TRBJ2-2
	CASSQDRGFEKLFF	TRBV4-1	TRBJ1-4
	CASSPGNTEAFF	TRBV6-5	TRBJ1-1
	CAWSPIAGGRNEQFF	TRBV30	TRBJ2-1
	CASSLAVLSSYNEQFF	TRBV7-3	TRBJ2-1
	CASSLAGQGDNYEQYF	TRBV5-1	TRBJ2-7
	CSARLRKLSGNTIYF	TRBV20-1	TRBJ1-3
	CASSQGQGGNQPQHF	TRBV4-1	TRBJ1-5
	CASSLEGTGYYEQYF	TRBV7-9	TRBJ2-7
	CASSWDGNTEAFF	TRBV6-6	TRBJ1-1
	CASSPTSNTEAFF	TRBV19	TRBJ1-1
	CASSLSTANQPQHF	TRBV27	TRBJ1-5
	CSARENTGELFF	TRBV20-1	TRBJ2-2
	CATRDGVEQFF	TRBV10-3	TRBJ2-1
	CASSDIYEQYF	TRBV11-2	TRBJ2-7
	CASSLDRAYHYEQYF	TRBV7-9	TRBJ2-7
	CSAPAGEQFF	TRBV20-1	TRBJ2-1
	CASSFGAGELFF	TRBV27	TRBJ2-2
	CASSLGTSFRTDTQYF	TRBV12-3	TRBJ2-3
	CASSLPGAGGDQPQHF	TRBV28	TRBJ1-5
	CSARDWDYEQYF	TRBV20-1	TRBJ2-7
	CSARDNLSGYTF	TRBV20-1	TRBJ1-2
	CAISEGNSYEQYF	TRBV10-3	TRBJ2-7
	CSVEWVGGSYNEQFF	TRBV29-1	TRBJ2-1
	CASSPQGGNYGYTF	TRBV6-5	TRBJ1-2
	CASSFGQGNTEAFF	TRBV7-2	TRBJ1-1
	CASSLTDGGEQYF	TRBV7-9	TRBJ2-7
	CAIEGGQSYEQYF	TRBV10-3	TRBJ2-7
	CASTSQPHEQYF	TRBV7-9	TRBJ2-7
	CASSLSPSGSYEQYF	TRBV27	TRBJ2-7
	CASSPTGAGNQPQHF	TRBV7-9	TRBJ1-5
	CASSPLTSGSYEQYF	TRBV3-1	TRBJ2-7
	CASSQGFGNTEAFF	TRBV19	TRBJ1-1
	CSAFTGEGNTIYF	TRBV20-1	TRBJ1-3
	CASSLGPNTEAFF	TRBV12-3	TRBJ1-1
	CASRTTSGGASEQFF	TRBV28	TRBJ2-1
	CASSLSSYNEQFF	TRBV7-6	TRBJ2-1
	CATSRVGADIQYF	TRBV15	TRBJ2-4
	CASSEGTDPQETQYF	TRBV6-1	TRBJ2-5
	CASSLTVAGDTEAFF	TRBV7-9	TRBJ1-1
	CASSLRKGGTEAFF	TRBV7-2	TRBJ1-1
	CASSLFSNEQFF	TRBV28	TRBJ2-1
	CASSQGGGLGTEAFF	TRBV5-1	TRBJ1-1
	CATSWTGTYEQYF	TRBV15	TRBJ2-7
	CASSDSGGPSTDTQYF	TRBV7-9	TRBJ2-3
	CASSENRGKGTEAFF	TRBV7-9	TRBJ1-1
	CASSFGVSTDTQYF	TRBV27	TRBJ2-3
	CASSISLAAEQFF	TRBV19	TRBJ2-1
	CASSYGRAYEQYF	TRBV6-5	TRBJ2-7
	CASRSGDSNQPQHF	TRBV12-3	TRBJ1-5
	CASSQVDSSYNEQFF	TRBV3-1	TRBJ2-1
	CASSLGGRASTDTQYF	TRBV7-6	TRBJ2-3
	CATSGTEGTDTQYF	TRBV24-1	TRBJ2-3
	CASSRTEDTGELFF	TRBV6-4	TRBJ2-2
	CASIALTGELFF	TRBV6-1	TRBJ2-2
	CASSLKQAGGAKNIQYF	TRBV7-9	TRBJ2-4
	CASTLEGSYGYTF	TRBV19	TRBJ1-2
	CSVGSGDGGEQFF	TRBV29-1	TRBJ2-1
	CASSELPPDEKLFF	TRBV25-1	TRBJ1-4
	CASSLVGGGDEQYF	TRBV7-2	TRBJ2-7
	CAWSTVTYEQYF	TRBV30	TRBJ2-7
	CASSLQGGEKLFF	TRBV12-3	TRBJ1-4
	CSAPTGTNEKLFF	TRBV20-1	TRBJ1-4
	CSGGQGGGEQFF	TRBV29-1	TRBJ2-1
	CASSQGVLTEAFF	TRBV12-3	TRBJ1-1
	CASSGGTSAYNEQFF	TRBV7-2	TRBJ2-1
	CSARDRGAENTGELFF	TRBV20-1	TRBJ2-2
	CASSPNRANEQFF	TRBV3-1	TRBJ2-1
	CSVDASGGYNEQFF	TRBV29-1	TRBJ2-1
	CASRLPGGYNEQFF	TRBV28	TRBJ2-1
	CASSSGLATGSYEQYF	TRBV7-8	TRBJ2-7
	CASRPDSDYGYTF	TRBV18	TRBJ1-2
	CASSSTSVQETQYF	TRBV7-8	TRBJ2-5
	CASRDNRGSYEQYF	TRBV14	TRBJ2-7
	CASSLRTLDGYTF	TRBV2	TRBJ1-2
	CASSWLSNQPQHF	TRBV19	TRBJ1-5
	CASSLSTDTQYF	TRBV5-4	TRBJ2-3
